phi,m,n,k,function,TFLOPS,total_time[sec],quantization,low_prec_gemm,requantization,dequantization
-1.00E+00,1024,1024,1024,CGEMM,2.36E+01,3.65E-04,,,,
-1.00E+00,1024,1024,1024,OS2-fast-3,3.83E+01,2.24E-04,3.34E-05,1.06E-04,2.36E-05,5.57E-05
-1.00E+00,1024,1024,1024,OS2-fast-4,2.86E+01,3.00E-04,5.32E-05,1.43E-04,3.24E-05,6.59E-05
-1.00E+00,1024,1024,1024,OS2-fast-5,2.41E+01,3.56E-04,5.52E-05,1.80E-04,3.97E-05,7.63E-05
-1.00E+00,1024,1024,1024,OS2-fast-6,2.06E+01,4.18E-04,5.77E-05,2.17E-04,4.81E-05,8.63E-05
-1.00E+00,1024,1024,1024,OS2-fast-7,1.79E+01,4.80E-04,6.19E-05,2.55E-04,5.68E-05,9.60E-05
-1.00E+00,1024,1024,1024,OS2-fast-8,1.58E+01,5.44E-04,7.20E-05,2.92E-04,6.64E-05,1.06E-04
-1.00E+00,1024,1024,1024,OS2-fast-9,1.42E+01,6.06E-04,7.67E-05,3.30E-04,7.44E-05,1.16E-04
-1.00E+00,1024,1024,1024,OS2-fast-10,1.28E+01,6.69E-04,8.52E-05,3.66E-04,8.27E-05,1.26E-04
-1.00E+00,1024,1024,1024,OS2-fast-11,1.17E+01,7.36E-04,9.39E-05,4.04E-04,9.15E-05,1.36E-04
-1.00E+00,1024,1024,1024,OS2-fast-12,1.08E+01,7.98E-04,1.02E-04,4.40E-04,1.00E-04,1.46E-04
-1.00E+00,1024,1024,1024,OS2-accu-3,3.09E+01,2.78E-04,8.81E-05,1.06E-04,2.36E-05,5.57E-05
-1.00E+00,1024,1024,1024,OS2-accu-4,2.41E+01,3.56E-04,1.10E-04,1.42E-04,3.29E-05,6.58E-05
-1.00E+00,1024,1024,1024,OS2-accu-5,2.08E+01,4.13E-04,1.12E-04,1.78E-04,4.04E-05,7.64E-05
-1.00E+00,1024,1024,1024,OS2-accu-6,1.80E+01,4.77E-04,1.15E-04,2.16E-04,4.94E-05,8.63E-05
-1.00E+00,1024,1024,1024,OS2-accu-7,1.61E+01,5.32E-04,1.17E-04,2.54E-04,5.83E-05,9.60E-05
-1.00E+00,1024,1024,1024,OS2-accu-8,1.42E+01,6.06E-04,1.31E-04,2.92E-04,6.76E-05,1.06E-04
-1.00E+00,1024,1024,1024,OS2-accu-9,1.29E+01,6.68E-04,1.37E-04,3.29E-04,7.53E-05,1.16E-04
-1.00E+00,1024,1024,1024,OS2-accu-10,1.19E+01,7.22E-04,1.41E-04,3.66E-04,8.29E-05,1.26E-04
-1.00E+00,1024,1024,1024,OS2-accu-11,1.09E+01,7.90E-04,1.50E-04,4.02E-04,9.22E-05,1.36E-04
-1.00E+00,1024,1024,1024,OS2-accu-12,1.01E+01,8.54E-04,1.58E-04,4.39E-04,1.01E-04,1.46E-04
-1.00E+00,1024,1024,1024,BF16x9,2.37E+01,3.63E-04,,,,
-1.00E+00,1024,1024,2048,CGEMM,2.39E+01,7.19E-04,,,,
-1.00E+00,1024,1024,2048,OS2-fast-3,4.98E+01,3.45E-04,8.95E-05,1.69E-04,2.50E-05,5.55E-05
-1.00E+00,1024,1024,2048,OS2-fast-4,4.05E+01,4.24E-04,9.34E-05,2.27E-04,3.24E-05,6.56E-05
-1.00E+00,1024,1024,2048,OS2-fast-5,3.30E+01,5.20E-04,1.12E-04,2.85E-04,4.14E-05,7.60E-05
-1.00E+00,1024,1024,2048,OS2-fast-6,2.81E+01,6.12E-04,1.30E-04,3.40E-04,4.86E-05,8.60E-05
-1.00E+00,1024,1024,2048,OS2-fast-7,2.44E+01,7.04E-04,1.48E-04,3.97E-04,5.79E-05,9.60E-05
-1.00E+00,1024,1024,2048,OS2-fast-8,2.14E+01,8.01E-04,1.69E-04,4.53E-04,6.64E-05,1.06E-04
-1.00E+00,1024,1024,2048,OS2-fast-9,1.93E+01,8.91E-04,1.82E-04,5.11E-04,7.52E-05,1.16E-04
-1.00E+00,1024,1024,2048,OS2-fast-10,1.75E+01,9.83E-04,1.98E-04,5.69E-04,8.42E-05,1.26E-04
-1.00E+00,1024,1024,2048,OS2-fast-11,1.60E+01,1.07E-03,2.17E-04,6.24E-04,8.96E-05,1.36E-04
-1.00E+00,1024,1024,2048,OS2-fast-12,1.47E+01,1.17E-03,2.35E-04,6.80E-04,9.81E-05,1.46E-04
-1.00E+00,1024,1024,2048,OS2-accu-3,3.87E+01,4.44E-04,1.88E-04,1.69E-04,2.52E-05,5.58E-05
-1.00E+00,1024,1024,2048,OS2-accu-4,3.23E+01,5.31E-04,2.00E-04,2.27E-04,3.29E-05,6.57E-05
-1.00E+00,1024,1024,2048,OS2-accu-5,2.73E+01,6.28E-04,2.20E-04,2.85E-04,4.19E-05,7.61E-05
-1.00E+00,1024,1024,2048,OS2-accu-6,2.38E+01,7.23E-04,2.41E-04,3.41E-04,4.91E-05,8.62E-05
-1.00E+00,1024,1024,2048,OS2-accu-7,2.08E+01,8.28E-04,2.70E-04,3.98E-04,5.85E-05,9.62E-05
-1.00E+00,1024,1024,2048,OS2-accu-8,1.85E+01,9.28E-04,2.94E-04,4.54E-04,6.66E-05,1.06E-04
-1.00E+00,1024,1024,2048,OS2-accu-9,1.68E+01,1.02E-03,3.11E-04,5.11E-04,7.59E-05,1.16E-04
-1.00E+00,1024,1024,2048,OS2-accu-10,1.54E+01,1.11E-03,3.28E-04,5.69E-04,8.46E-05,1.26E-04
-1.00E+00,1024,1024,2048,OS2-accu-11,1.43E+01,1.21E-03,3.50E-04,6.23E-04,9.11E-05,1.36E-04
-1.00E+00,1024,1024,2048,OS2-accu-12,1.33E+01,1.30E-03,3.65E-04,6.82E-04,9.77E-05,1.46E-04
-1.00E+00,1024,1024,2048,BF16x9,2.22E+01,7.74E-04,,,,
-1.00E+00,1024,1024,4096,CGEMM,2.11E+01,1.63E-03,,,,
-1.00E+00,1024,1024,4096,OS2-fast-3,6.17E+01,5.57E-04,1.80E-04,2.92E-04,2.49E-05,5.56E-05
-1.00E+00,1024,1024,4096,OS2-fast-4,4.85E+01,7.09E-04,2.16E-04,3.88E-04,3.27E-05,6.61E-05
-1.00E+00,1024,1024,4096,OS2-fast-5,3.94E+01,8.71E-04,2.63E-04,4.85E-04,4.11E-05,7.61E-05
-1.00E+00,1024,1024,4096,OS2-fast-6,3.35E+01,1.02E-03,3.02E-04,5.83E-04,4.86E-05,8.62E-05
-1.00E+00,1024,1024,4096,OS2-fast-7,2.92E+01,1.18E-03,3.41E-04,6.79E-04,5.67E-05,9.63E-05
-1.00E+00,1024,1024,4096,OS2-fast-8,2.60E+01,1.32E-03,3.69E-04,7.74E-04,6.64E-05,1.06E-04
-1.00E+00,1024,1024,4096,OS2-fast-9,2.33E+01,1.48E-03,4.09E-04,8.73E-04,7.35E-05,1.17E-04
-1.00E+00,1024,1024,4096,OS2-fast-10,2.11E+01,1.63E-03,4.47E-04,9.70E-04,8.18E-05,1.26E-04
-1.00E+00,1024,1024,4096,OS2-fast-11,1.92E+01,1.79E-03,4.88E-04,1.07E-03,8.89E-05,1.36E-04
-1.00E+00,1024,1024,4096,OS2-fast-12,1.78E+01,1.93E-03,5.16E-04,1.16E-03,9.74E-05,1.46E-04
-1.00E+00,1024,1024,4096,OS2-accu-3,4.37E+01,7.86E-04,4.09E-04,2.92E-04,2.51E-05,5.58E-05
-1.00E+00,1024,1024,4096,OS2-accu-4,3.64E+01,9.43E-04,4.50E-04,3.88E-04,3.29E-05,6.61E-05
-1.00E+00,1024,1024,4096,OS2-accu-5,3.14E+01,1.10E-03,4.86E-04,4.86E-04,4.12E-05,7.65E-05
-1.00E+00,1024,1024,4096,OS2-accu-6,2.76E+01,1.25E-03,5.22E-04,5.82E-04,4.93E-05,8.62E-05
-1.00E+00,1024,1024,4096,OS2-accu-7,2.46E+01,1.40E-03,5.58E-04,6.80E-04,5.68E-05,9.64E-05
-1.00E+00,1024,1024,4096,OS2-accu-8,2.22E+01,1.55E-03,5.95E-04,7.74E-04,6.70E-05,1.06E-04
-1.00E+00,1024,1024,4096,OS2-accu-9,2.02E+01,1.70E-03,6.35E-04,8.73E-04,7.37E-05,1.17E-04
-1.00E+00,1024,1024,4096,OS2-accu-10,1.85E+01,1.86E-03,6.77E-04,9.68E-04,8.23E-05,1.26E-04
-1.00E+00,1024,1024,4096,OS2-accu-11,1.71E+01,2.01E-03,7.14E-04,1.07E-03,8.89E-05,1.36E-04
-1.00E+00,1024,1024,4096,OS2-accu-12,1.59E+01,2.16E-03,7.45E-04,1.16E-03,9.92E-05,1.46E-04
-1.00E+00,1024,1024,4096,BF16x9,2.16E+01,1.59E-03,,,,
-1.00E+00,1024,1024,8192,CGEMM,2.24E+01,3.07E-03,,,,
-1.00E+00,1024,1024,8192,OS2-fast-3,6.31E+01,1.09E-03,4.70E-04,5.32E-04,2.48E-05,5.60E-05
-1.00E+00,1024,1024,8192,OS2-fast-4,5.06E+01,1.36E-03,5.43E-04,7.10E-04,3.28E-05,6.63E-05
-1.00E+00,1024,1024,8192,OS2-fast-5,4.12E+01,1.67E-03,6.57E-04,8.88E-04,4.15E-05,7.66E-05
-1.00E+00,1024,1024,8192,OS2-fast-6,3.55E+01,1.94E-03,7.31E-04,1.06E-03,5.09E-05,8.63E-05
-1.00E+00,1024,1024,8192,OS2-fast-7,3.10E+01,2.21E-03,8.12E-04,1.24E-03,5.76E-05,9.62E-05
-1.00E+00,1024,1024,8192,OS2-fast-8,2.80E+01,2.46E-03,8.58E-04,1.42E-03,6.69E-05,1.07E-04
-1.00E+00,1024,1024,8192,OS2-fast-9,2.51E+01,2.73E-03,9.41E-04,1.59E-03,7.50E-05,1.16E-04
-1.00E+00,1024,1024,8192,OS2-fast-10,2.28E+01,3.01E-03,1.02E-03,1.78E-03,8.23E-05,1.27E-04
-1.00E+00,1024,1024,8192,OS2-fast-11,2.10E+01,3.28E-03,1.09E-03,1.95E-03,9.11E-05,1.36E-04
-1.00E+00,1024,1024,8192,OS2-fast-12,1.93E+01,3.55E-03,1.17E-03,2.13E-03,9.89E-05,1.47E-04
-1.00E+00,1024,1024,8192,OS2-accu-3,4.65E+01,1.48E-03,8.60E-04,5.33E-04,2.48E-05,5.61E-05
-1.00E+00,1024,1024,8192,OS2-accu-4,3.93E+01,1.75E-03,9.32E-04,7.10E-04,3.26E-05,6.64E-05
-1.00E+00,1024,1024,8192,OS2-accu-5,3.40E+01,2.02E-03,1.01E-03,8.88E-04,4.17E-05,7.64E-05
-1.00E+00,1024,1024,8192,OS2-accu-6,3.00E+01,2.29E-03,1.08E-03,1.07E-03,5.03E-05,8.64E-05
-1.00E+00,1024,1024,8192,OS2-accu-7,2.68E+01,2.56E-03,1.16E-03,1.24E-03,5.89E-05,9.63E-05
-1.00E+00,1024,1024,8192,OS2-accu-8,2.43E+01,2.83E-03,1.24E-03,1.42E-03,6.64E-05,1.07E-04
-1.00E+00,1024,1024,8192,OS2-accu-9,2.21E+01,3.11E-03,1.31E-03,1.60E-03,7.55E-05,1.17E-04
-1.00E+00,1024,1024,8192,OS2-accu-10,2.03E+01,3.38E-03,1.39E-03,1.78E-03,8.18E-05,1.27E-04
-1.00E+00,1024,1024,8192,OS2-accu-11,1.88E+01,3.65E-03,1.46E-03,1.96E-03,9.16E-05,1.37E-04
-1.00E+00,1024,1024,8192,OS2-accu-12,1.75E+01,3.92E-03,1.53E-03,2.14E-03,9.85E-05,1.47E-04
-1.00E+00,1024,1024,8192,BF16x9,2.07E+01,3.32E-03,,,,
-1.00E+00,1024,1024,16384,CGEMM,2.06E+01,6.66E-03,,,,
-1.00E+00,1024,1024,16384,OS2-fast-3,6.43E+01,2.14E-03,1.03E-03,1.01E-03,3.14E-05,5.62E-05
-1.00E+00,1024,1024,16384,OS2-fast-4,5.20E+01,2.64E-03,1.18E-03,1.35E-03,4.18E-05,6.63E-05
-1.00E+00,1024,1024,16384,OS2-fast-5,4.30E+01,3.20E-03,1.37E-03,1.69E-03,5.24E-05,7.67E-05
-1.00E+00,1024,1024,16384,OS2-fast-6,3.69E+01,3.72E-03,1.53E-03,2.04E-03,6.25E-05,8.68E-05
-1.00E+00,1024,1024,16384,OS2-fast-7,3.24E+01,4.24E-03,1.69E-03,2.38E-03,7.35E-05,9.69E-05
-1.00E+00,1024,1024,16384,OS2-fast-8,2.88E+01,4.77E-03,1.86E-03,2.71E-03,8.42E-05,1.07E-04
-1.00E+00,1024,1024,16384,OS2-fast-9,2.60E+01,5.29E-03,2.02E-03,3.05E-03,9.53E-05,1.17E-04
-1.00E+00,1024,1024,16384,OS2-fast-10,2.38E+01,5.79E-03,2.16E-03,3.39E-03,1.02E-04,1.27E-04
-1.00E+00,1024,1024,16384,OS2-fast-11,2.19E+01,6.29E-03,2.30E-03,3.73E-03,1.16E-04,1.37E-04
-1.00E+00,1024,1024,16384,OS2-fast-12,2.02E+01,6.81E-03,2.46E-03,4.07E-03,1.27E-04,1.47E-04
-1.00E+00,1024,1024,16384,OS2-accu-3,4.63E+01,2.97E-03,1.86E-03,1.01E-03,3.13E-05,5.64E-05
-1.00E+00,1024,1024,16384,OS2-accu-4,3.96E+01,3.47E-03,2.00E-03,1.36E-03,4.16E-05,6.65E-05
-1.00E+00,1024,1024,16384,OS2-accu-5,3.44E+01,4.00E-03,2.16E-03,1.70E-03,5.28E-05,7.71E-05
-1.00E+00,1024,1024,16384,OS2-accu-6,3.04E+01,4.52E-03,2.32E-03,2.04E-03,6.28E-05,8.69E-05
-1.00E+00,1024,1024,16384,OS2-accu-7,2.73E+01,5.04E-03,2.48E-03,2.38E-03,7.42E-05,9.71E-05
-1.00E+00,1024,1024,16384,OS2-accu-8,2.46E+01,5.58E-03,2.67E-03,2.71E-03,8.41E-05,1.07E-04
-1.00E+00,1024,1024,16384,OS2-accu-9,2.26E+01,6.09E-03,2.82E-03,3.05E-03,9.49E-05,1.17E-04
-1.00E+00,1024,1024,16384,OS2-accu-10,2.09E+01,6.58E-03,2.95E-03,3.39E-03,1.02E-04,1.27E-04
-1.00E+00,1024,1024,16384,OS2-accu-11,1.94E+01,7.08E-03,3.09E-03,3.73E-03,1.16E-04,1.37E-04
-1.00E+00,1024,1024,16384,OS2-accu-12,1.81E+01,7.61E-03,3.26E-03,4.07E-03,1.26E-04,1.47E-04
-1.00E+00,1024,1024,16384,BF16x9,2.08E+01,6.61E-03,,,,
-1.00E+00,1024,1024,32768,CGEMM,1.99E+01,1.38E-02,,,,
-1.00E+00,1024,1024,32768,OS2-fast-3,7.30E+01,3.77E-03,2.11E-03,1.56E-03,4.32E-05,5.61E-05
-1.00E+00,1024,1024,32768,OS2-fast-4,5.94E+01,4.63E-03,2.40E-03,2.10E-03,5.80E-05,6.70E-05
-1.00E+00,1024,1024,32768,OS2-fast-5,4.97E+01,5.53E-03,2.73E-03,2.64E-03,7.30E-05,7.75E-05
-1.00E+00,1024,1024,32768,OS2-fast-6,4.30E+01,6.39E-03,3.03E-03,3.17E-03,8.77E-05,8.75E-05
-1.00E+00,1024,1024,32768,OS2-fast-7,3.78E+01,7.27E-03,3.34E-03,3.72E-03,1.02E-04,9.78E-05
-1.00E+00,1024,1024,32768,OS2-fast-8,3.35E+01,8.19E-03,3.72E-03,4.23E-03,1.18E-04,1.08E-04
-1.00E+00,1024,1024,32768,OS2-fast-9,3.03E+01,9.07E-03,4.03E-03,4.77E-03,1.36E-04,1.19E-04
-1.00E+00,1024,1024,32768,OS2-fast-10,2.77E+01,9.94E-03,4.33E-03,5.32E-03,1.50E-04,1.29E-04
-1.00E+00,1024,1024,32768,OS2-fast-11,2.56E+01,1.07E-02,4.61E-03,5.81E-03,1.61E-04,1.38E-04
-1.00E+00,1024,1024,32768,OS2-fast-12,2.36E+01,1.16E-02,4.93E-03,6.35E-03,1.74E-04,1.49E-04
-1.00E+00,1024,1024,32768,OS2-accu-3,5.22E+01,5.26E-03,3.58E-03,1.58E-03,4.34E-05,5.67E-05
-1.00E+00,1024,1024,32768,OS2-accu-4,4.49E+01,6.12E-03,3.88E-03,2.12E-03,5.81E-05,6.70E-05
-1.00E+00,1024,1024,32768,OS2-accu-5,3.93E+01,6.99E-03,4.19E-03,2.64E-03,7.33E-05,7.75E-05
-1.00E+00,1024,1024,32768,OS2-accu-6,3.51E+01,7.83E-03,4.48E-03,3.17E-03,8.79E-05,8.73E-05
-1.00E+00,1024,1024,32768,OS2-accu-7,3.16E+01,8.71E-03,4.80E-03,3.70E-03,1.02E-04,9.74E-05
-1.00E+00,1024,1024,32768,OS2-accu-8,2.85E+01,9.66E-03,5.18E-03,4.25E-03,1.18E-04,1.08E-04
-1.00E+00,1024,1024,32768,OS2-accu-9,2.62E+01,1.05E-02,5.50E-03,4.75E-03,1.36E-04,1.18E-04
-1.00E+00,1024,1024,32768,OS2-accu-10,2.41E+01,1.14E-02,5.82E-03,5.29E-03,1.49E-04,1.29E-04
-1.00E+00,1024,1024,32768,OS2-accu-11,2.25E+01,1.22E-02,6.08E-03,5.82E-03,1.61E-04,1.39E-04
-1.00E+00,1024,1024,32768,OS2-accu-12,2.10E+01,1.31E-02,6.38E-03,6.37E-03,1.74E-04,1.49E-04
-1.00E+00,1024,1024,32768,BF16x9,1.97E+01,1.39E-02,,,,
-1.00E+00,1024,1024,65536,CGEMM,1.97E+01,2.79E-02,,,,
-1.00E+00,1024,1024,65536,OS2-fast-3,7.60E+01,7.24E-03,4.25E-03,2.89E-03,4.52E-05,5.64E-05
-1.00E+00,1024,1024,65536,OS2-fast-4,6.17E+01,8.91E-03,4.83E-03,3.94E-03,6.05E-05,6.71E-05
-1.00E+00,1024,1024,65536,OS2-fast-5,5.17E+01,1.06E-02,5.50E-03,4.98E-03,7.60E-05,7.75E-05
-1.00E+00,1024,1024,65536,OS2-fast-6,4.47E+01,1.23E-02,6.14E-03,5.98E-03,9.11E-05,8.76E-05
-1.00E+00,1024,1024,65536,OS2-fast-7,3.94E+01,1.39E-02,6.73E-03,7.00E-03,1.06E-04,9.83E-05
-1.00E+00,1024,1024,65536,OS2-fast-8,3.52E+01,1.56E-02,7.38E-03,8.01E-03,1.22E-04,1.08E-04
-1.00E+00,1024,1024,65536,OS2-fast-9,3.17E+01,1.73E-02,8.06E-03,9.01E-03,1.37E-04,1.18E-04
-1.00E+00,1024,1024,65536,OS2-fast-10,2.91E+01,1.89E-02,8.59E-03,1.00E-02,1.52E-04,1.29E-04
-1.00E+00,1024,1024,65536,OS2-fast-11,2.69E+01,2.04E-02,9.20E-03,1.09E-02,1.67E-04,1.38E-04
-1.00E+00,1024,1024,65536,OS2-fast-12,2.48E+01,2.21E-02,9.82E-03,1.20E-02,1.83E-04,1.48E-04
-1.00E+00,1024,1024,65536,OS2-accu-3,5.38E+01,1.02E-02,7.17E-03,2.95E-03,4.54E-05,5.69E-05
-1.00E+00,1024,1024,65536,OS2-accu-4,4.63E+01,1.19E-02,7.76E-03,3.99E-03,6.08E-05,6.71E-05
-1.00E+00,1024,1024,65536,OS2-accu-5,4.06E+01,1.35E-02,8.39E-03,4.99E-03,7.62E-05,7.75E-05
-1.00E+00,1024,1024,65536,OS2-accu-6,3.62E+01,1.52E-02,9.00E-03,5.99E-03,9.11E-05,8.76E-05
-1.00E+00,1024,1024,65536,OS2-accu-7,3.28E+01,1.68E-02,9.58E-03,6.99E-03,1.06E-04,9.77E-05
-1.00E+00,1024,1024,65536,OS2-accu-8,2.98E+01,1.84E-02,1.02E-02,7.99E-03,1.22E-04,1.08E-04
-1.00E+00,1024,1024,65536,OS2-accu-9,2.73E+01,2.01E-02,1.09E-02,8.95E-03,1.37E-04,1.18E-04
-1.00E+00,1024,1024,65536,OS2-accu-10,2.53E+01,2.17E-02,1.14E-02,9.95E-03,1.52E-04,1.29E-04
-1.00E+00,1024,1024,65536,OS2-accu-11,2.36E+01,2.33E-02,1.20E-02,1.10E-02,1.68E-04,1.38E-04
-1.00E+00,1024,1024,65536,OS2-accu-12,2.20E+01,2.50E-02,1.27E-02,1.20E-02,1.83E-04,1.48E-04
-1.00E+00,1024,1024,65536,BF16x9,1.97E+01,2.80E-02,,,,
-1.00E+00,2048,2048,1024,CGEMM,2.23E+01,1.54E-03,,,,
-1.00E+00,2048,2048,1024,OS2-fast-3,5.18E+01,6.63E-04,8.52E-05,3.16E-04,5.04E-05,2.07E-04
-1.00E+00,2048,2048,1024,OS2-fast-4,4.08E+01,8.42E-04,8.97E-05,4.25E-04,7.36E-05,2.49E-04
-1.00E+00,2048,2048,1024,OS2-fast-5,3.37E+01,1.02E-03,1.05E-04,5.32E-04,8.89E-05,2.89E-04
-1.00E+00,2048,2048,1024,OS2-fast-6,2.84E+01,1.21E-03,1.27E-04,6.38E-04,1.09E-04,3.28E-04
-1.00E+00,2048,2048,1024,OS2-fast-7,2.49E+01,1.38E-03,1.43E-04,7.44E-04,1.23E-04,3.67E-04
-1.00E+00,2048,2048,1024,OS2-fast-8,2.20E+01,1.56E-03,1.63E-04,8.49E-04,1.38E-04,4.08E-04
-1.00E+00,2048,2048,1024,OS2-fast-9,1.97E+01,1.74E-03,1.78E-04,9.58E-04,1.56E-04,4.48E-04
-1.00E+00,2048,2048,1024,OS2-fast-10,1.78E+01,1.93E-03,1.95E-04,1.06E-03,1.79E-04,4.88E-04
-1.00E+00,2048,2048,1024,OS2-fast-11,1.61E+01,2.13E-03,2.18E-04,1.17E-03,2.05E-04,5.28E-04
-1.00E+00,2048,2048,1024,OS2-fast-12,1.50E+01,2.30E-03,2.36E-04,1.28E-03,2.13E-04,5.67E-04
-1.00E+00,2048,2048,1024,OS2-accu-3,4.00E+01,8.59E-04,2.80E-04,3.17E-04,5.06E-05,2.07E-04
-1.00E+00,2048,2048,1024,OS2-accu-4,3.25E+01,1.06E-03,3.05E-04,4.26E-04,7.39E-05,2.48E-04
-1.00E+00,2048,2048,1024,OS2-accu-5,2.77E+01,1.24E-03,3.27E-04,5.31E-04,8.86E-05,2.88E-04
-1.00E+00,2048,2048,1024,OS2-accu-6,2.40E+01,1.43E-03,3.49E-04,6.38E-04,1.10E-04,3.28E-04
-1.00E+00,2048,2048,1024,OS2-accu-7,2.14E+01,1.61E-03,3.70E-04,7.44E-04,1.23E-04,3.68E-04
-1.00E+00,2048,2048,1024,OS2-accu-8,1.92E+01,1.79E-03,3.91E-04,8.48E-04,1.37E-04,4.08E-04
-1.00E+00,2048,2048,1024,OS2-accu-9,1.74E+01,1.97E-03,4.08E-04,9.53E-04,1.55E-04,4.48E-04
-1.00E+00,2048,2048,1024,OS2-accu-10,1.60E+01,2.15E-03,4.23E-04,1.06E-03,1.79E-04,4.88E-04
-1.00E+00,2048,2048,1024,OS2-accu-11,1.47E+01,2.35E-03,4.42E-04,1.17E-03,2.04E-04,5.26E-04
-1.00E+00,2048,2048,1024,OS2-accu-12,1.37E+01,2.51E-03,4.58E-04,1.27E-03,2.13E-04,5.66E-04
-1.00E+00,2048,2048,1024,BF16x9,2.23E+01,1.54E-03,,,,
-1.00E+00,2048,2048,2048,CGEMM,2.25E+01,3.05E-03,,,,
-1.00E+00,2048,2048,2048,OS2-fast-3,6.92E+01,9.93E-04,1.77E-04,5.38E-04,6.49E-05,2.08E-04
-1.00E+00,2048,2048,2048,OS2-fast-4,5.35E+01,1.28E-03,2.24E-04,7.19E-04,8.80E-05,2.48E-04
-1.00E+00,2048,2048,2048,OS2-fast-5,4.37E+01,1.57E-03,2.68E-04,8.98E-04,1.13E-04,2.89E-04
-1.00E+00,2048,2048,2048,OS2-fast-6,3.71E+01,1.85E-03,3.06E-04,1.08E-03,1.32E-04,3.29E-04
-1.00E+00,2048,2048,2048,OS2-fast-7,3.23E+01,2.13E-03,3.44E-04,1.26E-03,1.53E-04,3.68E-04
-1.00E+00,2048,2048,2048,OS2-fast-8,2.86E+01,2.41E-03,3.86E-04,1.44E-03,1.69E-04,4.09E-04
-1.00E+00,2048,2048,2048,OS2-fast-9,2.56E+01,2.69E-03,4.18E-04,1.62E-03,1.97E-04,4.48E-04
-1.00E+00,2048,2048,2048,OS2-fast-10,2.31E+01,2.97E-03,4.55E-04,1.80E-03,2.22E-04,4.88E-04
-1.00E+00,2048,2048,2048,OS2-fast-11,2.12E+01,3.24E-03,4.98E-04,1.98E-03,2.35E-04,5.27E-04
-1.00E+00,2048,2048,2048,OS2-fast-12,1.96E+01,3.51E-03,5.24E-04,2.15E-03,2.60E-04,5.67E-04
-1.00E+00,2048,2048,2048,OS2-accu-3,5.13E+01,1.34E-03,5.23E-04,5.39E-04,6.49E-05,2.08E-04
-1.00E+00,2048,2048,2048,OS2-accu-4,4.22E+01,1.63E-03,5.66E-04,7.20E-04,8.81E-05,2.48E-04
-1.00E+00,2048,2048,2048,OS2-accu-5,3.60E+01,1.91E-03,6.05E-04,8.99E-04,1.13E-04,2.89E-04
-1.00E+00,2048,2048,2048,OS2-accu-6,3.14E+01,2.19E-03,6.42E-04,1.08E-03,1.32E-04,3.29E-04
-1.00E+00,2048,2048,2048,OS2-accu-7,2.79E+01,2.46E-03,6.79E-04,1.26E-03,1.53E-04,3.68E-04
-1.00E+00,2048,2048,2048,OS2-accu-8,2.51E+01,2.74E-03,7.18E-04,1.44E-03,1.69E-04,4.09E-04
-1.00E+00,2048,2048,2048,OS2-accu-9,2.27E+01,3.02E-03,7.54E-04,1.62E-03,1.96E-04,4.48E-04
-1.00E+00,2048,2048,2048,OS2-accu-10,2.08E+01,3.30E-03,7.91E-04,1.80E-03,2.23E-04,4.88E-04
-1.00E+00,2048,2048,2048,OS2-accu-11,1.92E+01,3.57E-03,8.30E-04,1.98E-03,2.35E-04,5.27E-04
-1.00E+00,2048,2048,2048,OS2-accu-12,1.79E+01,3.84E-03,8.58E-04,2.15E-03,2.60E-04,5.67E-04
-1.00E+00,2048,2048,2048,BF16x9,2.23E+01,3.09E-03,,,,
-1.00E+00,2048,2048,4096,CGEMM,2.08E+01,6.61E-03,,,,
-1.00E+00,2048,2048,4096,OS2-fast-3,8.13E+01,1.69E-03,4.33E-04,9.55E-04,8.95E-05,2.08E-04
-1.00E+00,2048,2048,4096,OS2-fast-4,6.37E+01,2.16E-03,5.10E-04,1.28E-03,1.19E-04,2.48E-04
-1.00E+00,2048,2048,4096,OS2-fast-5,5.21E+01,2.64E-03,5.97E-04,1.59E-03,1.53E-04,2.88E-04
-1.00E+00,2048,2048,4096,OS2-fast-6,4.44E+01,3.09E-03,6.67E-04,1.91E-03,1.83E-04,3.29E-04
-1.00E+00,2048,2048,4096,OS2-fast-7,3.86E+01,3.56E-03,7.45E-04,2.23E-03,2.14E-04,3.68E-04
-1.00E+00,2048,2048,4096,OS2-fast-8,3.42E+01,4.02E-03,8.15E-04,2.54E-03,2.45E-04,4.09E-04
-1.00E+00,2048,2048,4096,OS2-fast-9,3.07E+01,4.48E-03,8.87E-04,2.87E-03,2.71E-04,4.48E-04
-1.00E+00,2048,2048,4096,OS2-fast-10,2.79E+01,4.92E-03,9.41E-04,3.19E-03,3.06E-04,4.88E-04
-1.00E+00,2048,2048,4096,OS2-fast-11,2.56E+01,5.37E-03,1.02E-03,3.49E-03,3.32E-04,5.26E-04
-1.00E+00,2048,2048,4096,OS2-fast-12,2.35E+01,5.85E-03,1.09E-03,3.82E-03,3.61E-04,5.67E-04
-1.00E+00,2048,2048,4096,OS2-accu-3,6.01E+01,2.29E-03,1.03E-03,9.56E-04,8.94E-05,2.08E-04
-1.00E+00,2048,2048,4096,OS2-accu-4,4.99E+01,2.76E-03,1.11E-03,1.28E-03,1.19E-04,2.49E-04
-1.00E+00,2048,2048,4096,OS2-accu-5,4.26E+01,3.23E-03,1.19E-03,1.59E-03,1.53E-04,2.88E-04
-1.00E+00,2048,2048,4096,OS2-accu-6,3.73E+01,3.69E-03,1.26E-03,1.91E-03,1.83E-04,3.29E-04
-1.00E+00,2048,2048,4096,OS2-accu-7,3.30E+01,4.16E-03,1.35E-03,2.23E-03,2.14E-04,3.68E-04
-1.00E+00,2048,2048,4096,OS2-accu-8,2.97E+01,4.62E-03,1.42E-03,2.54E-03,2.45E-04,4.08E-04
-1.00E+00,2048,2048,4096,OS2-accu-9,2.71E+01,5.08E-03,1.49E-03,2.86E-03,2.71E-04,4.48E-04
-1.00E+00,2048,2048,4096,OS2-accu-10,2.48E+01,5.53E-03,1.55E-03,3.18E-03,3.05E-04,4.88E-04
-1.00E+00,2048,2048,4096,OS2-accu-11,2.30E+01,5.98E-03,1.62E-03,3.49E-03,3.32E-04,5.27E-04
-1.00E+00,2048,2048,4096,OS2-accu-12,2.13E+01,6.44E-03,1.69E-03,3.82E-03,3.62E-04,5.67E-04
-1.00E+00,2048,2048,4096,BF16x9,2.08E+01,6.61E-03,,,,
-1.00E+00,2048,2048,8192,CGEMM,1.98E+01,1.39E-02,,,,
-1.00E+00,2048,2048,8192,OS2-fast-3,8.99E+01,3.06E-03,9.53E-04,1.78E-03,1.16E-04,2.07E-04
-1.00E+00,2048,2048,8192,OS2-fast-4,6.99E+01,3.93E-03,1.14E-03,2.39E-03,1.56E-04,2.48E-04
-1.00E+00,2048,2048,8192,OS2-fast-5,5.72E+01,4.81E-03,1.34E-03,2.98E-03,1.95E-04,2.89E-04
-1.00E+00,2048,2048,8192,OS2-fast-6,4.87E+01,5.65E-03,1.50E-03,3.59E-03,2.33E-04,3.29E-04
-1.00E+00,2048,2048,8192,OS2-fast-7,4.25E+01,6.46E-03,1.64E-03,4.18E-03,2.70E-04,3.69E-04
-1.00E+00,2048,2048,8192,OS2-fast-8,3.76E+01,7.31E-03,1.74E-03,4.83E-03,3.10E-04,4.13E-04
-1.00E+00,2048,2048,8192,OS2-fast-9,3.38E+01,8.14E-03,1.90E-03,5.44E-03,3.49E-04,4.55E-04
-1.00E+00,2048,2048,8192,OS2-fast-10,3.06E+01,8.98E-03,2.07E-03,6.01E-03,3.91E-04,4.94E-04
-1.00E+00,2048,2048,8192,OS2-fast-11,2.81E+01,9.78E-03,2.23E-03,6.58E-03,4.27E-04,5.31E-04
-1.00E+00,2048,2048,8192,OS2-fast-12,2.58E+01,1.07E-02,2.40E-03,7.20E-03,4.67E-04,5.75E-04
-1.00E+00,2048,2048,8192,OS2-accu-3,6.64E+01,4.14E-03,2.02E-03,1.79E-03,1.17E-04,2.07E-04
-1.00E+00,2048,2048,8192,OS2-accu-4,5.52E+01,4.98E-03,2.18E-03,2.39E-03,1.57E-04,2.48E-04
-1.00E+00,2048,2048,8192,OS2-accu-5,4.72E+01,5.83E-03,2.35E-03,2.99E-03,1.95E-04,2.89E-04
-1.00E+00,2048,2048,8192,OS2-accu-6,4.13E+01,6.65E-03,2.50E-03,3.58E-03,2.33E-04,3.29E-04
-1.00E+00,2048,2048,8192,OS2-accu-7,3.67E+01,7.49E-03,2.64E-03,4.20E-03,2.70E-04,3.71E-04
-1.00E+00,2048,2048,8192,OS2-accu-8,3.30E+01,8.34E-03,2.82E-03,4.79E-03,3.09E-04,4.12E-04
-1.00E+00,2048,2048,8192,OS2-accu-9,3.00E+01,9.17E-03,2.96E-03,5.40E-03,3.49E-04,4.52E-04
-1.00E+00,2048,2048,8192,OS2-accu-10,2.73E+01,1.01E-02,3.14E-03,6.04E-03,3.90E-04,4.96E-04
-1.00E+00,2048,2048,8192,OS2-accu-11,2.54E+01,1.08E-02,3.27E-03,6.59E-03,4.29E-04,5.31E-04
-1.00E+00,2048,2048,8192,OS2-accu-12,2.35E+01,1.17E-02,3.45E-03,7.20E-03,4.67E-04,5.72E-04
-1.00E+00,2048,2048,8192,BF16x9,2.00E+01,1.37E-02,,,,
-1.00E+00,2048,2048,16384,CGEMM,1.96E+01,2.80E-02,,,,
-1.00E+00,2048,2048,16384,OS2-fast-3,9.32E+01,5.90E-03,2.12E-03,3.43E-03,1.41E-04,2.07E-04
-1.00E+00,2048,2048,16384,OS2-fast-4,7.31E+01,7.52E-03,2.45E-03,4.63E-03,1.84E-04,2.49E-04
-1.00E+00,2048,2048,16384,OS2-fast-5,6.01E+01,9.14E-03,2.78E-03,5.82E-03,2.35E-04,2.91E-04
-1.00E+00,2048,2048,16384,OS2-fast-6,5.15E+01,1.07E-02,3.09E-03,6.97E-03,2.76E-04,3.31E-04
-1.00E+00,2048,2048,16384,OS2-fast-7,4.46E+01,1.23E-02,3.42E-03,8.19E-03,3.25E-04,3.72E-04
-1.00E+00,2048,2048,16384,OS2-fast-8,3.97E+01,1.39E-02,3.72E-03,9.36E-03,3.71E-04,4.14E-04
-1.00E+00,2048,2048,16384,OS2-fast-9,3.56E+01,1.55E-02,4.07E-03,1.05E-02,4.18E-04,4.54E-04
-1.00E+00,2048,2048,16384,OS2-fast-10,3.23E+01,1.70E-02,4.37E-03,1.17E-02,4.60E-04,4.94E-04
-1.00E+00,2048,2048,16384,OS2-fast-11,2.96E+01,1.86E-02,4.69E-03,1.29E-02,5.10E-04,5.34E-04
-1.00E+00,2048,2048,16384,OS2-fast-12,2.73E+01,2.01E-02,5.03E-03,1.39E-02,5.57E-04,5.72E-04
-1.00E+00,2048,2048,16384,OS2-accu-3,6.80E+01,8.08E-03,4.26E-03,3.47E-03,1.41E-04,2.08E-04
-1.00E+00,2048,2048,16384,OS2-accu-4,5.68E+01,9.67E-03,4.59E-03,4.64E-03,1.84E-04,2.50E-04
-1.00E+00,2048,2048,16384,OS2-accu-5,4.88E+01,1.13E-02,4.91E-03,5.82E-03,2.35E-04,2.91E-04
-1.00E+00,2048,2048,16384,OS2-accu-6,4.28E+01,1.29E-02,5.22E-03,7.01E-03,2.76E-04,3.32E-04
-1.00E+00,2048,2048,16384,OS2-accu-7,3.81E+01,1.44E-02,5.55E-03,8.19E-03,3.26E-04,3.71E-04
-1.00E+00,2048,2048,16384,OS2-accu-8,3.44E+01,1.60E-02,5.86E-03,9.36E-03,3.72E-04,4.14E-04
-1.00E+00,2048,2048,16384,OS2-accu-9,3.13E+01,1.76E-02,6.18E-03,1.05E-02,4.19E-04,4.55E-04
-1.00E+00,2048,2048,16384,OS2-accu-10,2.89E+01,1.91E-02,6.48E-03,1.16E-02,4.60E-04,4.92E-04
-1.00E+00,2048,2048,16384,OS2-accu-11,2.67E+01,2.06E-02,6.79E-03,1.28E-02,5.11E-04,5.31E-04
-1.00E+00,2048,2048,16384,OS2-accu-12,2.47E+01,2.23E-02,7.13E-03,1.40E-02,5.57E-04,5.72E-04
-1.00E+00,2048,2048,16384,BF16x9,1.97E+01,2.79E-02,,,,
-1.00E+00,2048,2048,32768,CGEMM,1.97E+01,5.58E-02,,,,
-1.00E+00,2048,2048,32768,OS2-fast-3,9.71E+01,1.13E-02,4.22E-03,6.73E-03,1.64E-04,2.07E-04
-1.00E+00,2048,2048,32768,OS2-fast-4,7.59E+01,1.45E-02,4.89E-03,9.11E-03,2.18E-04,2.49E-04
-1.00E+00,2048,2048,32768,OS2-fast-5,6.24E+01,1.76E-02,5.58E-03,1.15E-02,2.73E-04,2.90E-04
-1.00E+00,2048,2048,32768,OS2-fast-6,5.31E+01,2.07E-02,6.18E-03,1.39E-02,3.28E-04,3.32E-04
-1.00E+00,2048,2048,32768,OS2-fast-7,4.63E+01,2.38E-02,6.87E-03,1.61E-02,3.83E-04,3.71E-04
-1.00E+00,2048,2048,32768,OS2-fast-8,4.10E+01,2.68E-02,7.54E-03,1.85E-02,4.37E-04,4.13E-04
-1.00E+00,2048,2048,32768,OS2-fast-9,3.68E+01,2.99E-02,8.14E-03,2.08E-02,4.91E-04,4.53E-04
-1.00E+00,2048,2048,32768,OS2-fast-10,3.34E+01,3.29E-02,8.82E-03,2.30E-02,5.47E-04,4.93E-04
-1.00E+00,2048,2048,32768,OS2-fast-11,3.07E+01,3.58E-02,9.36E-03,2.53E-02,6.02E-04,5.34E-04
-1.00E+00,2048,2048,32768,OS2-fast-12,2.83E+01,3.89E-02,1.00E-02,2.76E-02,6.56E-04,5.74E-04
-1.00E+00,2048,2048,32768,OS2-accu-3,7.04E+01,1.56E-02,8.41E-03,6.84E-03,1.64E-04,2.08E-04
-1.00E+00,2048,2048,32768,OS2-accu-4,5.87E+01,1.87E-02,9.10E-03,9.17E-03,2.18E-04,2.49E-04
-1.00E+00,2048,2048,32768,OS2-accu-5,5.03E+01,2.18E-02,9.78E-03,1.15E-02,2.73E-04,2.90E-04
-1.00E+00,2048,2048,32768,OS2-accu-6,4.41E+01,2.49E-02,1.04E-02,1.38E-02,3.28E-04,3.32E-04
-1.00E+00,2048,2048,32768,OS2-accu-7,3.93E+01,2.80E-02,1.11E-02,1.61E-02,3.83E-04,3.70E-04
-1.00E+00,2048,2048,32768,OS2-accu-8,3.55E+01,3.10E-02,1.17E-02,1.84E-02,4.37E-04,4.11E-04
-1.00E+00,2048,2048,32768,OS2-accu-9,3.24E+01,3.40E-02,1.23E-02,2.07E-02,4.92E-04,4.53E-04
-1.00E+00,2048,2048,32768,OS2-accu-10,2.97E+01,3.70E-02,1.30E-02,2.30E-02,5.47E-04,4.93E-04
-1.00E+00,2048,2048,32768,OS2-accu-11,2.75E+01,4.00E-02,1.35E-02,2.54E-02,6.02E-04,5.33E-04
-1.00E+00,2048,2048,32768,OS2-accu-12,2.56E+01,4.30E-02,1.42E-02,2.76E-02,6.56E-04,5.74E-04
-1.00E+00,2048,2048,32768,BF16x9,1.97E+01,5.59E-02,,,,
-1.00E+00,2048,2048,65536,CGEMM,1.97E+01,1.12E-01,,,,
-1.00E+00,2048,2048,65536,OS2-fast-3,9.82E+01,2.24E-02,8.64E-03,1.34E-02,1.64E-04,2.07E-04
-1.00E+00,2048,2048,65536,OS2-fast-4,7.63E+01,2.88E-02,1.01E-02,1.82E-02,2.18E-04,2.49E-04
-1.00E+00,2048,2048,65536,OS2-fast-5,6.33E+01,3.47E-02,1.12E-02,2.30E-02,2.73E-04,2.91E-04
-1.00E+00,2048,2048,65536,OS2-fast-6,5.38E+01,4.09E-02,1.26E-02,2.76E-02,3.28E-04,3.33E-04
-1.00E+00,2048,2048,65536,OS2-fast-7,4.68E+01,4.70E-02,1.40E-02,3.22E-02,3.83E-04,3.73E-04
-1.00E+00,2048,2048,65536,OS2-fast-8,4.15E+01,5.29E-02,1.53E-02,3.68E-02,4.36E-04,4.13E-04
-1.00E+00,2048,2048,65536,OS2-fast-9,3.73E+01,5.89E-02,1.65E-02,4.15E-02,4.92E-04,4.55E-04
-1.00E+00,2048,2048,65536,OS2-fast-10,3.39E+01,6.48E-02,1.77E-02,4.61E-02,5.47E-04,4.96E-04
-1.00E+00,2048,2048,65536,OS2-fast-11,3.11E+01,7.07E-02,1.89E-02,5.06E-02,6.02E-04,5.36E-04
-1.00E+00,2048,2048,65536,OS2-fast-12,2.86E+01,7.68E-02,2.02E-02,5.52E-02,6.56E-04,5.78E-04
-1.00E+00,2048,2048,65536,OS2-accu-3,7.07E+01,3.11E-02,1.71E-02,1.37E-02,1.64E-04,2.09E-04
-1.00E+00,2048,2048,65536,OS2-accu-4,5.89E+01,3.73E-02,1.85E-02,1.84E-02,2.19E-04,2.49E-04
-1.00E+00,2048,2048,65536,OS2-accu-5,5.10E+01,4.31E-02,1.96E-02,2.30E-02,2.73E-04,2.90E-04
-1.00E+00,2048,2048,65536,OS2-accu-6,4.47E+01,4.92E-02,2.10E-02,2.76E-02,3.28E-04,3.32E-04
-1.00E+00,2048,2048,65536,OS2-accu-7,3.98E+01,5.53E-02,2.24E-02,3.22E-02,3.83E-04,3.73E-04
-1.00E+00,2048,2048,65536,OS2-accu-8,3.59E+01,6.13E-02,2.36E-02,3.68E-02,4.37E-04,4.14E-04
-1.00E+00,2048,2048,65536,OS2-accu-9,3.27E+01,6.72E-02,2.48E-02,4.14E-02,4.92E-04,4.57E-04
-1.00E+00,2048,2048,65536,OS2-accu-10,3.01E+01,7.31E-02,2.61E-02,4.60E-02,5.47E-04,4.96E-04
-1.00E+00,2048,2048,65536,OS2-accu-11,2.78E+01,7.90E-02,2.73E-02,5.06E-02,6.01E-04,5.36E-04
-1.00E+00,2048,2048,65536,OS2-accu-12,2.58E+01,8.51E-02,2.86E-02,5.53E-02,6.56E-04,5.78E-04
-1.00E+00,2048,2048,65536,BF16x9,1.96E+01,1.12E-01,,,,
-1.00E+00,4096,4096,1024,CGEMM,1.98E+01,6.94E-03,,,,
-1.00E+00,4096,4096,1024,OS2-fast-3,4.67E+01,2.94E-03,1.80E-04,1.22E-03,7.31E-04,8.10E-04
-1.00E+00,4096,4096,1024,OS2-fast-4,3.63E+01,3.79E-03,2.20E-04,1.63E-03,9.67E-04,9.71E-04
-1.00E+00,4096,4096,1024,OS2-fast-5,2.96E+01,4.65E-03,2.61E-04,2.03E-03,1.22E-03,1.13E-03
-1.00E+00,4096,4096,1024,OS2-fast-6,2.50E+01,5.50E-03,3.02E-04,2.44E-03,1.46E-03,1.29E-03
-1.00E+00,4096,4096,1024,OS2-fast-7,2.17E+01,6.34E-03,3.39E-04,2.84E-03,1.71E-03,1.45E-03
-1.00E+00,4096,4096,1024,OS2-fast-8,1.91E+01,7.18E-03,3.80E-04,3.25E-03,1.94E-03,1.61E-03
-1.00E+00,4096,4096,1024,OS2-fast-9,1.71E+01,8.04E-03,4.14E-04,3.66E-03,2.19E-03,1.77E-03
-1.00E+00,4096,4096,1024,OS2-fast-10,1.55E+01,8.89E-03,4.50E-04,4.06E-03,2.44E-03,1.93E-03
-1.00E+00,4096,4096,1024,OS2-fast-11,1.41E+01,9.73E-03,4.84E-04,4.47E-03,2.69E-03,2.08E-03
-1.00E+00,4096,4096,1024,OS2-fast-12,1.30E+01,1.06E-02,5.22E-04,4.88E-03,2.93E-03,2.24E-03
-1.00E+00,4096,4096,1024,OS2-accu-3,3.62E+01,3.80E-03,1.03E-03,1.22E-03,7.32E-04,8.10E-04
-1.00E+00,4096,4096,1024,OS2-accu-4,2.96E+01,4.64E-03,1.07E-03,1.63E-03,9.68E-04,9.71E-04
-1.00E+00,4096,4096,1024,OS2-accu-5,2.50E+01,5.50E-03,1.11E-03,2.03E-03,1.22E-03,1.13E-03
-1.00E+00,4096,4096,1024,OS2-accu-6,2.17E+01,6.34E-03,1.14E-03,2.44E-03,1.46E-03,1.29E-03
-1.00E+00,4096,4096,1024,OS2-accu-7,1.91E+01,7.19E-03,1.18E-03,2.84E-03,1.71E-03,1.45E-03
-1.00E+00,4096,4096,1024,OS2-accu-8,1.72E+01,8.01E-03,1.20E-03,3.25E-03,1.94E-03,1.61E-03
-1.00E+00,4096,4096,1024,OS2-accu-9,1.55E+01,8.88E-03,1.26E-03,3.66E-03,2.19E-03,1.77E-03
-1.00E+00,4096,4096,1024,OS2-accu-10,1.41E+01,9.72E-03,1.29E-03,4.06E-03,2.44E-03,1.93E-03
-1.00E+00,4096,4096,1024,OS2-accu-11,1.30E+01,1.06E-02,1.32E-03,4.47E-03,2.69E-03,2.08E-03
-1.00E+00,4096,4096,1024,OS2-accu-12,1.20E+01,1.14E-02,1.36E-03,4.88E-03,2.93E-03,2.24E-03
-1.00E+00,4096,4096,1024,BF16x9,2.01E+01,6.82E-03,,,,
-1.00E+00,4096,4096,2048,CGEMM,1.97E+01,1.39E-02,,,,
-1.00E+00,4096,4096,2048,OS2-fast-3,6.67E+01,4.12E-03,4.32E-04,2.15E-03,7.28E-04,8.09E-04
-1.00E+00,4096,4096,2048,OS2-fast-4,5.16E+01,5.32E-03,5.10E-04,2.87E-03,9.72E-04,9.71E-04
-1.00E+00,4096,4096,2048,OS2-fast-5,4.22E+01,6.51E-03,5.80E-04,3.58E-03,1.21E-03,1.13E-03
-1.00E+00,4096,4096,2048,OS2-fast-6,3.57E+01,7.70E-03,6.48E-04,4.30E-03,1.45E-03,1.29E-03
-1.00E+00,4096,4096,2048,OS2-fast-7,3.09E+01,8.89E-03,7.20E-04,5.01E-03,1.71E-03,1.45E-03
-1.00E+00,4096,4096,2048,OS2-fast-8,2.72E+01,1.01E-02,8.00E-04,5.73E-03,1.96E-03,1.61E-03
-1.00E+00,4096,4096,2048,OS2-fast-9,2.43E+01,1.13E-02,8.98E-04,6.45E-03,2.20E-03,1.77E-03
-1.00E+00,4096,4096,2048,OS2-fast-10,2.19E+01,1.25E-02,9.99E-04,7.16E-03,2.44E-03,1.93E-03
-1.00E+00,4096,4096,2048,OS2-fast-11,2.00E+01,1.38E-02,1.11E-03,7.88E-03,2.69E-03,2.08E-03
-1.00E+00,4096,4096,2048,OS2-fast-12,1.84E+01,1.50E-02,1.21E-03,8.59E-03,2.91E-03,2.24E-03
-1.00E+00,4096,4096,2048,OS2-accu-3,5.10E+01,5.39E-03,1.70E-03,2.15E-03,7.29E-04,8.09E-04
-1.00E+00,4096,4096,2048,OS2-accu-4,4.17E+01,6.59E-03,1.77E-03,2.87E-03,9.72E-04,9.71E-04
-1.00E+00,4096,4096,2048,OS2-accu-5,3.53E+01,7.78E-03,1.85E-03,3.58E-03,1.21E-03,1.13E-03
-1.00E+00,4096,4096,2048,OS2-accu-6,3.07E+01,8.96E-03,1.91E-03,4.30E-03,1.45E-03,1.29E-03
-1.00E+00,4096,4096,2048,OS2-accu-7,2.71E+01,1.02E-02,1.98E-03,5.01E-03,1.71E-03,1.45E-03
-1.00E+00,4096,4096,2048,OS2-accu-8,2.42E+01,1.14E-02,2.07E-03,5.73E-03,1.96E-03,1.61E-03
-1.00E+00,4096,4096,2048,OS2-accu-9,2.18E+01,1.26E-02,2.16E-03,6.44E-03,2.20E-03,1.77E-03
-1.00E+00,4096,4096,2048,OS2-accu-10,1.99E+01,1.38E-02,2.27E-03,7.16E-03,2.43E-03,1.93E-03
-1.00E+00,4096,4096,2048,OS2-accu-11,1.83E+01,1.50E-02,2.37E-03,7.87E-03,2.69E-03,2.08E-03
-1.00E+00,4096,4096,2048,OS2-accu-12,1.69E+01,1.62E-02,2.48E-03,8.59E-03,2.91E-03,2.24E-03
-1.00E+00,4096,4096,2048,BF16x9,1.97E+01,1.39E-02,,,,
-1.00E+00,4096,4096,4096,CGEMM,1.97E+01,2.79E-02,,,,
-1.00E+00,4096,4096,4096,OS2-fast-3,8.52E+01,6.45E-03,8.96E-04,4.01E-03,7.24E-04,8.09E-04
-1.00E+00,4096,4096,4096,OS2-fast-4,6.59E+01,8.34E-03,1.05E-03,5.36E-03,9.65E-04,9.70E-04
-1.00E+00,4096,4096,4096,OS2-fast-5,5.37E+01,1.02E-02,1.19E-03,6.69E-03,1.21E-03,1.13E-03
-1.00E+00,4096,4096,4096,OS2-fast-6,4.53E+01,1.21E-02,1.34E-03,8.03E-03,1.46E-03,1.29E-03
-1.00E+00,4096,4096,4096,OS2-fast-7,3.93E+01,1.40E-02,1.49E-03,9.37E-03,1.69E-03,1.45E-03
-1.00E+00,4096,4096,4096,OS2-fast-8,3.46E+01,1.59E-02,1.65E-03,1.07E-02,1.93E-03,1.61E-03
-1.00E+00,4096,4096,4096,OS2-fast-9,3.09E+01,1.78E-02,1.82E-03,1.20E-02,2.18E-03,1.77E-03
-1.00E+00,4096,4096,4096,OS2-fast-10,2.78E+01,1.98E-02,2.02E-03,1.34E-02,2.42E-03,1.92E-03
-1.00E+00,4096,4096,4096,OS2-fast-11,2.53E+01,2.18E-02,2.22E-03,1.48E-02,2.66E-03,2.09E-03
-1.00E+00,4096,4096,4096,OS2-fast-12,2.27E+01,2.42E-02,2.94E-03,1.61E-02,2.90E-03,2.24E-03
-1.00E+00,4096,4096,4096,OS2-accu-3,6.42E+01,8.57E-03,3.01E-03,4.02E-03,7.24E-04,8.09E-04
-1.00E+00,4096,4096,4096,OS2-accu-4,5.26E+01,1.05E-02,3.16E-03,5.36E-03,9.66E-04,9.70E-04
-1.00E+00,4096,4096,4096,OS2-accu-5,4.46E+01,1.23E-02,3.30E-03,6.69E-03,1.21E-03,1.13E-03
-1.00E+00,4096,4096,4096,OS2-accu-6,3.86E+01,1.42E-02,3.45E-03,8.03E-03,1.46E-03,1.29E-03
-1.00E+00,4096,4096,4096,OS2-accu-7,3.41E+01,1.61E-02,3.60E-03,9.37E-03,1.69E-03,1.45E-03
-1.00E+00,4096,4096,4096,OS2-accu-8,3.05E+01,1.80E-02,3.78E-03,1.07E-02,1.93E-03,1.61E-03
-1.00E+00,4096,4096,4096,OS2-accu-9,2.76E+01,1.99E-02,3.95E-03,1.20E-02,2.17E-03,1.77E-03
-1.00E+00,4096,4096,4096,OS2-accu-10,2.51E+01,2.19E-02,4.15E-03,1.34E-02,2.43E-03,1.93E-03
-1.00E+00,4096,4096,4096,OS2-accu-11,2.30E+01,2.39E-02,4.35E-03,1.48E-02,2.65E-03,2.08E-03
-1.00E+00,4096,4096,4096,OS2-accu-12,2.09E+01,2.64E-02,5.08E-03,1.61E-02,2.90E-03,2.25E-03
-1.00E+00,4096,4096,4096,BF16x9,1.97E+01,2.79E-02,,,,
-1.00E+00,4096,4096,8192,CGEMM,1.97E+01,5.59E-02,,,,
-1.00E+00,4096,4096,8192,OS2-fast-3,9.82E+01,1.12E-02,1.94E-03,7.73E-03,7.10E-04,8.08E-04
-1.00E+00,4096,4096,8192,OS2-fast-4,7.55E+01,1.46E-02,2.27E-03,1.04E-02,9.48E-04,9.73E-04
-1.00E+00,4096,4096,8192,OS2-fast-5,6.14E+01,1.79E-02,2.62E-03,1.30E-02,1.18E-03,1.13E-03
-1.00E+00,4096,4096,8192,OS2-fast-6,5.19E+01,2.12E-02,2.91E-03,1.55E-02,1.42E-03,1.29E-03
-1.00E+00,4096,4096,8192,OS2-fast-7,4.48E+01,2.45E-02,3.24E-03,1.82E-02,1.66E-03,1.45E-03
-1.00E+00,4096,4096,8192,OS2-fast-8,3.95E+01,2.79E-02,3.52E-03,2.08E-02,1.90E-03,1.63E-03
-1.00E+00,4096,4096,8192,OS2-fast-9,3.51E+01,3.14E-02,3.88E-03,2.36E-02,2.13E-03,1.79E-03
-1.00E+00,4096,4096,8192,OS2-fast-10,3.18E+01,3.46E-02,4.28E-03,2.60E-02,2.37E-03,1.95E-03
-1.00E+00,4096,4096,8192,OS2-fast-11,2.89E+01,3.81E-02,4.71E-03,2.86E-02,2.61E-03,2.11E-03
-1.00E+00,4096,4096,8192,OS2-fast-12,2.64E+01,4.17E-02,5.37E-03,3.12E-02,2.84E-03,2.27E-03
-1.00E+00,4096,4096,8192,OS2-accu-3,7.32E+01,1.50E-02,5.75E-03,7.74E-03,7.10E-04,8.08E-04
-1.00E+00,4096,4096,8192,OS2-accu-4,5.99E+01,1.83E-02,6.05E-03,1.04E-02,9.48E-04,9.73E-04
-1.00E+00,4096,4096,8192,OS2-accu-5,5.09E+01,2.16E-02,6.33E-03,1.30E-02,1.18E-03,1.13E-03
-1.00E+00,4096,4096,8192,OS2-accu-6,4.42E+01,2.49E-02,6.62E-03,1.55E-02,1.42E-03,1.29E-03
-1.00E+00,4096,4096,8192,OS2-accu-7,3.90E+01,2.82E-02,6.95E-03,1.81E-02,1.66E-03,1.45E-03
-1.00E+00,4096,4096,8192,OS2-accu-8,3.47E+01,3.17E-02,7.39E-03,2.08E-02,1.90E-03,1.61E-03
-1.00E+00,4096,4096,8192,OS2-accu-9,3.14E+01,3.50E-02,7.73E-03,2.34E-02,2.13E-03,1.78E-03
-1.00E+00,4096,4096,8192,OS2-accu-10,2.86E+01,3.84E-02,8.12E-03,2.60E-02,2.37E-03,1.94E-03
-1.00E+00,4096,4096,8192,OS2-accu-11,2.63E+01,4.19E-02,8.51E-03,2.86E-02,2.61E-03,2.11E-03
-1.00E+00,4096,4096,8192,OS2-accu-12,2.42E+01,4.54E-02,9.16E-03,3.11E-02,2.84E-03,2.26E-03
-1.00E+00,4096,4096,8192,BF16x9,1.97E+01,5.59E-02,,,,
-1.00E+00,4096,4096,16384,CGEMM,1.97E+01,1.12E-01,,,,
-1.00E+00,4096,4096,16384,OS2-fast-3,1.05E+02,2.09E-02,4.20E-03,1.52E-02,7.04E-04,8.09E-04
-1.00E+00,4096,4096,16384,OS2-fast-4,8.15E+01,2.70E-02,4.72E-03,2.03E-02,9.35E-04,9.73E-04
-1.00E+00,4096,4096,16384,OS2-fast-5,6.59E+01,3.34E-02,5.36E-03,2.57E-02,1.17E-03,1.15E-03
-1.00E+00,4096,4096,16384,OS2-fast-6,5.59E+01,3.94E-02,5.97E-03,3.06E-02,1.41E-03,1.31E-03
-1.00E+00,4096,4096,16384,OS2-fast-7,4.83E+01,4.56E-02,6.62E-03,3.58E-02,1.64E-03,1.47E-03
-1.00E+00,4096,4096,16384,OS2-fast-8,4.23E+01,5.20E-02,7.39E-03,4.11E-02,1.87E-03,1.63E-03
-1.00E+00,4096,4096,16384,OS2-fast-9,3.78E+01,5.81E-02,8.16E-03,4.61E-02,2.11E-03,1.79E-03
-1.00E+00,4096,4096,16384,OS2-fast-10,3.41E+01,6.46E-02,9.07E-03,5.12E-02,2.34E-03,1.95E-03
-1.00E+00,4096,4096,16384,OS2-fast-11,3.10E+01,7.09E-02,9.90E-03,5.63E-02,2.58E-03,2.11E-03
-1.00E+00,4096,4096,16384,OS2-fast-12,2.84E+01,7.74E-02,1.09E-02,6.14E-02,2.81E-03,2.27E-03
-1.00E+00,4096,4096,16384,OS2-accu-3,7.79E+01,2.82E-02,1.15E-02,1.53E-02,7.04E-04,8.12E-04
-1.00E+00,4096,4096,16384,OS2-accu-4,6.41E+01,3.43E-02,1.20E-02,2.04E-02,9.37E-04,9.74E-04
-1.00E+00,4096,4096,16384,OS2-accu-5,5.43E+01,4.05E-02,1.27E-02,2.55E-02,1.17E-03,1.15E-03
-1.00E+00,4096,4096,16384,OS2-accu-6,4.72E+01,4.66E-02,1.32E-02,3.06E-02,1.41E-03,1.31E-03
-1.00E+00,4096,4096,16384,OS2-accu-7,4.17E+01,5.28E-02,1.39E-02,3.58E-02,1.64E-03,1.47E-03
-1.00E+00,4096,4096,16384,OS2-accu-8,3.72E+01,5.91E-02,1.47E-02,4.09E-02,1.87E-03,1.63E-03
-1.00E+00,4096,4096,16384,OS2-accu-9,3.36E+01,6.54E-02,1.54E-02,4.60E-02,2.11E-03,1.79E-03
-1.00E+00,4096,4096,16384,OS2-accu-10,3.06E+01,7.18E-02,1.63E-02,5.12E-02,2.34E-03,1.95E-03
-1.00E+00,4096,4096,16384,OS2-accu-11,2.82E+01,7.81E-02,1.71E-02,5.62E-02,2.59E-03,2.11E-03
-1.00E+00,4096,4096,16384,OS2-accu-12,2.60E+01,8.45E-02,1.81E-02,6.14E-02,2.81E-03,2.27E-03
-1.00E+00,4096,4096,16384,BF16x9,1.97E+01,1.12E-01,,,,
-1.00E+00,4096,4096,32768,CGEMM,1.97E+01,2.23E-01,,,,
-1.00E+00,4096,4096,32768,OS2-fast-3,1.10E+02,4.00E-02,8.46E-03,3.00E-02,6.93E-04,8.09E-04
-1.00E+00,4096,4096,32768,OS2-fast-4,8.47E+01,5.19E-02,9.71E-03,4.03E-02,9.30E-04,9.82E-04
-1.00E+00,4096,4096,32768,OS2-fast-5,6.87E+01,6.40E-02,1.10E-02,5.07E-02,1.17E-03,1.15E-03
-1.00E+00,4096,4096,32768,OS2-fast-6,5.78E+01,7.61E-02,1.22E-02,6.11E-02,1.40E-03,1.31E-03
-1.00E+00,4096,4096,32768,OS2-fast-7,4.99E+01,8.81E-02,1.35E-02,7.15E-02,1.63E-03,1.48E-03
-1.00E+00,4096,4096,32768,OS2-fast-8,4.39E+01,1.00E-01,1.46E-02,8.20E-02,1.86E-03,1.64E-03
-1.00E+00,4096,4096,32768,OS2-fast-9,3.92E+01,1.12E-01,1.58E-02,9.27E-02,2.09E-03,1.80E-03
-1.00E+00,4096,4096,32768,OS2-fast-10,3.55E+01,1.24E-01,1.70E-02,1.03E-01,2.31E-03,1.96E-03
-1.00E+00,4096,4096,32768,OS2-fast-11,3.25E+01,1.35E-01,1.83E-02,1.12E-01,2.56E-03,2.12E-03
-1.00E+00,4096,4096,32768,OS2-fast-12,2.99E+01,1.47E-01,1.96E-02,1.22E-01,2.80E-03,2.28E-03
-1.00E+00,4096,4096,32768,OS2-accu-3,8.11E+01,5.42E-02,2.25E-02,3.02E-02,6.94E-04,8.12E-04
-1.00E+00,4096,4096,32768,OS2-accu-4,6.64E+01,6.63E-02,2.39E-02,4.05E-02,9.31E-04,9.83E-04
-1.00E+00,4096,4096,32768,OS2-accu-5,5.63E+01,7.81E-02,2.52E-02,5.06E-02,1.17E-03,1.15E-03
-1.00E+00,4096,4096,32768,OS2-accu-6,4.89E+01,8.99E-02,2.64E-02,6.08E-02,1.40E-03,1.31E-03
-1.00E+00,4096,4096,32768,OS2-accu-7,4.33E+01,1.02E-01,2.76E-02,7.11E-02,1.63E-03,1.47E-03
-1.00E+00,4096,4096,32768,OS2-accu-8,3.86E+01,1.14E-01,2.89E-02,8.16E-02,1.86E-03,1.64E-03
-1.00E+00,4096,4096,32768,OS2-accu-9,3.50E+01,1.26E-01,3.00E-02,9.19E-02,2.09E-03,1.80E-03
-1.00E+00,4096,4096,32768,OS2-accu-10,3.20E+01,1.37E-01,3.13E-02,1.02E-01,2.31E-03,1.96E-03
-1.00E+00,4096,4096,32768,OS2-accu-11,2.95E+01,1.49E-01,3.25E-02,1.12E-01,2.56E-03,2.12E-03
-1.00E+00,4096,4096,32768,OS2-accu-12,2.73E+01,1.61E-01,3.38E-02,1.22E-01,2.80E-03,2.28E-03
-1.00E+00,4096,4096,32768,BF16x9,1.97E+01,2.24E-01,,,,
-1.00E+00,8192,8192,1024,CGEMM,1.95E+01,2.82E-02,,,,
-1.00E+00,8192,8192,1024,OS2-fast-3,5.30E+01,1.04E-02,4.35E-04,3.53E-03,3.19E-03,3.22E-03
-1.00E+00,8192,8192,1024,OS2-fast-4,4.10E+01,1.34E-02,5.14E-04,4.77E-03,4.25E-03,3.86E-03
-1.00E+00,8192,8192,1024,OS2-fast-5,3.36E+01,1.64E-02,5.91E-04,5.96E-03,5.29E-03,4.51E-03
-1.00E+00,8192,8192,1024,OS2-fast-6,2.85E+01,1.93E-02,6.63E-04,7.14E-03,6.35E-03,5.14E-03
-1.00E+00,8192,8192,1024,OS2-fast-7,2.47E+01,2.23E-02,7.32E-04,8.33E-03,7.43E-03,5.77E-03
-1.00E+00,8192,8192,1024,OS2-fast-8,2.18E+01,2.53E-02,8.11E-04,9.53E-03,8.51E-03,6.42E-03
-1.00E+00,8192,8192,1024,OS2-fast-9,1.95E+01,2.82E-02,9.00E-04,1.07E-02,9.57E-03,7.05E-03
-1.00E+00,8192,8192,1024,OS2-fast-10,1.76E+01,3.12E-02,9.89E-04,1.19E-02,1.06E-02,7.68E-03
-1.00E+00,8192,8192,1024,OS2-fast-11,1.61E+01,3.41E-02,1.09E-03,1.31E-02,1.17E-02,8.31E-03
-1.00E+00,8192,8192,1024,OS2-fast-12,1.48E+01,3.71E-02,1.19E-03,1.43E-02,1.27E-02,8.95E-03
-1.00E+00,8192,8192,1024,OS2-accu-3,4.13E+01,1.33E-02,3.34E-03,3.57E-03,3.19E-03,3.22E-03
-1.00E+00,8192,8192,1024,OS2-accu-4,3.37E+01,1.63E-02,3.41E-03,4.77E-03,4.25E-03,3.86E-03
-1.00E+00,8192,8192,1024,OS2-accu-5,2.86E+01,1.93E-02,3.49E-03,5.96E-03,5.29E-03,4.51E-03
-1.00E+00,8192,8192,1024,OS2-accu-6,2.48E+01,2.22E-02,3.56E-03,7.15E-03,6.35E-03,5.14E-03
-1.00E+00,8192,8192,1024,OS2-accu-7,2.18E+01,2.52E-02,3.63E-03,8.34E-03,7.42E-03,5.77E-03
-1.00E+00,8192,8192,1024,OS2-accu-8,1.95E+01,2.82E-02,3.72E-03,9.53E-03,8.50E-03,6.41E-03
-1.00E+00,8192,8192,1024,OS2-accu-9,1.77E+01,3.11E-02,3.81E-03,1.07E-02,9.58E-03,7.05E-03
-1.00E+00,8192,8192,1024,OS2-accu-10,1.61E+01,3.41E-02,3.90E-03,1.19E-02,1.06E-02,7.68E-03
-1.00E+00,8192,8192,1024,OS2-accu-11,1.48E+01,3.70E-02,3.99E-03,1.31E-02,1.17E-02,8.31E-03
-1.00E+00,8192,8192,1024,OS2-accu-12,1.37E+01,4.00E-02,4.09E-03,1.43E-02,1.27E-02,8.95E-03
-1.00E+00,8192,8192,1024,BF16x9,1.96E+01,2.81E-02,,,,
-1.00E+00,8192,8192,2048,CGEMM,1.96E+01,5.61E-02,,,,
-1.00E+00,8192,8192,2048,OS2-fast-3,8.21E+01,1.34E-02,9.02E-04,6.09E-03,3.18E-03,3.21E-03
-1.00E+00,8192,8192,2048,OS2-fast-4,6.32E+01,1.74E-02,1.05E-03,8.24E-03,4.24E-03,3.86E-03
-1.00E+00,8192,8192,2048,OS2-fast-5,5.15E+01,2.14E-02,1.24E-03,1.03E-02,5.30E-03,4.51E-03
-1.00E+00,8192,8192,2048,OS2-fast-6,4.34E+01,2.53E-02,1.44E-03,1.24E-02,6.38E-03,5.14E-03
-1.00E+00,8192,8192,2048,OS2-fast-7,3.65E+01,3.01E-02,2.47E-03,1.44E-02,7.45E-03,5.77E-03
-1.00E+00,8192,8192,2048,OS2-fast-8,3.20E+01,3.44E-02,2.94E-03,1.65E-02,8.50E-03,6.41E-03
-1.00E+00,8192,8192,2048,OS2-fast-9,2.87E+01,3.83E-02,3.19E-03,1.85E-02,9.55E-03,7.05E-03
-1.00E+00,8192,8192,2048,OS2-fast-10,2.59E+01,4.24E-02,3.52E-03,2.06E-02,1.06E-02,7.68E-03
-1.00E+00,8192,8192,2048,OS2-fast-11,2.36E+01,4.65E-02,3.86E-03,2.27E-02,1.17E-02,8.31E-03
-1.00E+00,8192,8192,2048,OS2-fast-12,2.17E+01,5.06E-02,4.15E-03,2.47E-02,1.27E-02,8.94E-03
-1.00E+00,8192,8192,2048,OS2-accu-3,6.35E+01,1.73E-02,4.75E-03,6.17E-03,3.18E-03,3.21E-03
-1.00E+00,8192,8192,2048,OS2-accu-4,5.17E+01,2.13E-02,4.90E-03,8.25E-03,4.23E-03,3.86E-03
-1.00E+00,8192,8192,2048,OS2-accu-5,4.36E+01,2.52E-02,5.09E-03,1.03E-02,5.30E-03,4.51E-03
-1.00E+00,8192,8192,2048,OS2-accu-6,3.76E+01,2.92E-02,5.29E-03,1.24E-02,6.38E-03,5.14E-03
-1.00E+00,8192,8192,2048,OS2-accu-7,3.23E+01,3.40E-02,6.33E-03,1.44E-02,7.45E-03,5.77E-03
-1.00E+00,8192,8192,2048,OS2-accu-8,2.88E+01,3.82E-02,6.81E-03,1.65E-02,8.50E-03,6.41E-03
-1.00E+00,8192,8192,2048,OS2-accu-9,2.61E+01,4.22E-02,7.05E-03,1.85E-02,9.55E-03,7.05E-03
-1.00E+00,8192,8192,2048,OS2-accu-10,2.38E+01,4.63E-02,7.39E-03,2.06E-02,1.06E-02,7.68E-03
-1.00E+00,8192,8192,2048,OS2-accu-11,2.18E+01,5.04E-02,7.73E-03,2.26E-02,1.17E-02,8.31E-03
-1.00E+00,8192,8192,2048,OS2-accu-12,2.02E+01,5.44E-02,8.01E-03,2.47E-02,1.27E-02,8.94E-03
-1.00E+00,8192,8192,2048,BF16x9,1.96E+01,5.61E-02,,,,
-1.00E+00,8192,8192,4096,CGEMM,1.96E+01,1.12E-01,,,,
-1.00E+00,8192,8192,4096,OS2-fast-3,1.12E+02,1.96E-02,1.84E-03,1.13E-02,3.19E-03,3.21E-03
-1.00E+00,8192,8192,4096,OS2-fast-4,8.56E+01,2.57E-02,2.17E-03,1.54E-02,4.26E-03,3.87E-03
-1.00E+00,8192,8192,4096,OS2-fast-5,6.94E+01,3.17E-02,2.53E-03,1.93E-02,5.31E-03,4.54E-03
-1.00E+00,8192,8192,4096,OS2-fast-6,5.73E+01,3.84E-02,3.68E-03,2.31E-02,6.36E-03,5.19E-03
-1.00E+00,8192,8192,4096,OS2-fast-7,4.82E+01,4.56E-02,5.34E-03,2.70E-02,7.43E-03,5.83E-03
-1.00E+00,8192,8192,4096,OS2-fast-8,4.24E+01,5.18E-02,5.97E-03,3.09E-02,8.47E-03,6.50E-03
-1.00E+00,8192,8192,4096,OS2-fast-9,3.79E+01,5.80E-02,6.53E-03,3.47E-02,9.56E-03,7.14E-03
-1.00E+00,8192,8192,4096,OS2-fast-10,3.43E+01,6.41E-02,7.15E-03,3.86E-02,1.06E-02,7.79E-03
-1.00E+00,8192,8192,4096,OS2-fast-11,3.14E+01,7.00E-02,7.75E-03,4.22E-02,1.17E-02,8.34E-03
-1.00E+00,8192,8192,4096,OS2-fast-12,2.88E+01,7.65E-02,8.39E-03,4.63E-02,1.27E-02,9.07E-03
-1.00E+00,8192,8192,4096,OS2-accu-3,8.52E+01,2.58E-02,7.90E-03,1.15E-02,3.19E-03,3.22E-03
-1.00E+00,8192,8192,4096,OS2-accu-4,6.91E+01,3.18E-02,8.25E-03,1.54E-02,4.25E-03,3.87E-03
-1.00E+00,8192,8192,4096,OS2-accu-5,5.82E+01,3.78E-02,8.62E-03,1.93E-02,5.30E-03,4.54E-03
-1.00E+00,8192,8192,4096,OS2-accu-6,4.94E+01,4.45E-02,9.76E-03,2.32E-02,6.36E-03,5.20E-03
-1.00E+00,8192,8192,4096,OS2-accu-7,4.25E+01,5.17E-02,1.14E-02,2.70E-02,7.42E-03,5.85E-03
-1.00E+00,8192,8192,4096,OS2-accu-8,3.80E+01,5.79E-02,1.21E-02,3.09E-02,8.48E-03,6.50E-03
-1.00E+00,8192,8192,4096,OS2-accu-9,3.43E+01,6.41E-02,1.27E-02,3.47E-02,9.56E-03,7.15E-03
-1.00E+00,8192,8192,4096,OS2-accu-10,3.14E+01,7.00E-02,1.33E-02,3.84E-02,1.06E-02,7.71E-03
-1.00E+00,8192,8192,4096,OS2-accu-11,2.88E+01,7.64E-02,1.39E-02,4.24E-02,1.17E-02,8.43E-03
-1.00E+00,8192,8192,4096,OS2-accu-12,2.66E+01,8.26E-02,1.45E-02,4.63E-02,1.27E-02,9.07E-03
-1.00E+00,8192,8192,4096,BF16x9,1.96E+01,1.12E-01,,,,
-1.00E+00,8192,8192,8192,CGEMM,1.97E+01,2.24E-01,,,,
-1.00E+00,8192,8192,8192,OS2-fast-3,1.36E+02,3.23E-02,3.98E-03,2.20E-02,3.14E-03,3.23E-03
-1.00E+00,8192,8192,8192,OS2-fast-4,1.01E+02,4.34E-02,4.70E-03,3.06E-02,4.18E-03,3.91E-03
-1.00E+00,8192,8192,8192,OS2-fast-5,8.14E+01,5.40E-02,5.56E-03,3.87E-02,5.25E-03,4.56E-03
-1.00E+00,8192,8192,8192,OS2-fast-6,6.78E+01,6.49E-02,6.96E-03,4.64E-02,6.29E-03,5.21E-03
-1.00E+00,8192,8192,8192,OS2-fast-7,5.67E+01,7.76E-02,1.07E-02,5.37E-02,7.35E-03,5.85E-03
-1.00E+00,8192,8192,8192,OS2-fast-8,4.99E+01,8.82E-02,1.18E-02,6.15E-02,8.37E-03,6.50E-03
-1.00E+00,8192,8192,8192,OS2-fast-9,4.44E+01,9.91E-02,1.33E-02,6.92E-02,9.44E-03,7.15E-03
-1.00E+00,8192,8192,8192,OS2-fast-10,4.02E+01,1.10E-01,1.47E-02,7.66E-02,1.05E-02,7.79E-03
-1.00E+00,8192,8192,8192,OS2-fast-11,3.68E+01,1.20E-01,1.54E-02,8.42E-02,1.16E-02,8.42E-03
-1.00E+00,8192,8192,8192,OS2-fast-12,3.39E+01,1.30E-01,1.60E-02,9.19E-02,1.26E-02,9.07E-03
-1.00E+00,8192,8192,8192,OS2-accu-3,1.00E+02,4.38E-02,1.46E-02,2.28E-02,3.15E-03,3.26E-03
-1.00E+00,8192,8192,8192,OS2-accu-4,8.11E+01,5.42E-02,1.53E-02,3.08E-02,4.19E-03,3.91E-03
-1.00E+00,8192,8192,8192,OS2-accu-5,6.82E+01,6.45E-02,1.61E-02,3.86E-02,5.25E-03,4.57E-03
-1.00E+00,8192,8192,8192,OS2-accu-6,5.84E+01,7.53E-02,1.75E-02,4.64E-02,6.29E-03,5.21E-03
-1.00E+00,8192,8192,8192,OS2-accu-7,4.99E+01,8.80E-02,2.11E-02,5.37E-02,7.35E-03,5.85E-03
-1.00E+00,8192,8192,8192,OS2-accu-8,4.44E+01,9.90E-02,2.26E-02,6.14E-02,8.37E-03,6.50E-03
-1.00E+00,8192,8192,8192,OS2-accu-9,4.01E+01,1.10E-01,2.41E-02,6.90E-02,9.44E-03,7.15E-03
-1.00E+00,8192,8192,8192,OS2-accu-10,3.66E+01,1.20E-01,2.54E-02,7.65E-02,1.05E-02,7.79E-03
-1.00E+00,8192,8192,8192,OS2-accu-11,3.38E+01,1.30E-01,2.60E-02,8.42E-02,1.16E-02,8.43E-03
-1.00E+00,8192,8192,8192,OS2-accu-12,3.14E+01,1.40E-01,2.66E-02,9.20E-02,1.26E-02,9.07E-03
-1.00E+00,8192,8192,8192,BF16x9,1.97E+01,2.24E-01,,,,
-1.00E+00,8192,8192,16384,CGEMM,1.97E+01,4.48E-01,,,,
-1.00E+00,8192,8192,16384,OS2-fast-3,1.50E+02,5.85E-02,8.62E-03,4.34E-02,3.14E-03,3.26E-03
-1.00E+00,8192,8192,16384,OS2-fast-4,1.10E+02,8.00E-02,9.96E-03,6.20E-02,4.20E-03,3.91E-03
-1.00E+00,8192,8192,16384,OS2-fast-5,8.86E+01,9.92E-02,1.13E-02,7.81E-02,5.25E-03,4.57E-03
-1.00E+00,8192,8192,16384,OS2-fast-6,7.45E+01,1.18E-01,1.25E-02,9.41E-02,6.29E-03,5.21E-03
-1.00E+00,8192,8192,16384,OS2-fast-7,6.41E+01,1.37E-01,1.38E-02,1.10E-01,7.32E-03,5.85E-03
-1.00E+00,8192,8192,16384,OS2-fast-8,5.61E+01,1.57E-01,1.56E-02,1.26E-01,8.35E-03,6.50E-03
-1.00E+00,8192,8192,16384,OS2-fast-9,4.88E+01,1.80E-01,2.24E-02,1.41E-01,9.41E-03,7.15E-03
-1.00E+00,8192,8192,16384,OS2-fast-10,4.37E+01,2.01E-01,2.76E-02,1.56E-01,1.05E-02,7.79E-03
-1.00E+00,8192,8192,16384,OS2-fast-11,4.00E+01,2.20E-01,2.97E-02,1.70E-01,1.15E-02,8.43E-03
-1.00E+00,8192,8192,16384,OS2-fast-12,3.68E+01,2.39E-01,3.20E-02,1.86E-01,1.26E-02,9.12E-03
-1.00E+00,8192,8192,16384,OS2-accu-3,1.09E+02,8.07E-02,2.82E-02,4.61E-02,3.14E-03,3.26E-03
-1.00E+00,8192,8192,16384,OS2-accu-4,8.79E+01,1.00E-01,2.97E-02,6.23E-02,4.19E-03,3.91E-03
-1.00E+00,8192,8192,16384,OS2-accu-5,7.38E+01,1.19E-01,3.10E-02,7.83E-02,5.25E-03,4.57E-03
-1.00E+00,8192,8192,16384,OS2-accu-6,6.38E+01,1.38E-01,3.24E-02,9.41E-02,6.29E-03,5.21E-03
-1.00E+00,8192,8192,16384,OS2-accu-7,5.61E+01,1.57E-01,3.37E-02,1.10E-01,7.32E-03,5.85E-03
-1.00E+00,8192,8192,16384,OS2-accu-8,4.98E+01,1.77E-01,3.55E-02,1.26E-01,8.35E-03,6.50E-03
-1.00E+00,8192,8192,16384,OS2-accu-9,4.41E+01,2.00E-01,4.23E-02,1.41E-01,9.40E-03,7.15E-03
-1.00E+00,8192,8192,16384,OS2-accu-10,3.99E+01,2.20E-01,4.76E-02,1.55E-01,1.05E-02,7.80E-03
-1.00E+00,8192,8192,16384,OS2-accu-11,3.68E+01,2.39E-01,4.95E-02,1.70E-01,1.15E-02,8.47E-03
-1.00E+00,8192,8192,16384,OS2-accu-12,3.40E+01,2.59E-01,5.18E-02,1.85E-01,1.26E-02,9.12E-03
-1.00E+00,8192,8192,16384,BF16x9,1.96E+01,4.48E-01,,,,
-1.00E+00,16384,16384,1024,CGEMM,1.76E+01,1.25E-01,,,,
-1.00E+00,16384,16384,1024,OS2-fast-3,5.46E+01,4.03E-02,8.73E-04,1.38E-02,1.28E-02,1.28E-02
-1.00E+00,16384,16384,1024,OS2-fast-4,4.22E+01,5.21E-02,1.02E-03,1.86E-02,1.71E-02,1.54E-02
-1.00E+00,16384,16384,1024,OS2-fast-5,3.44E+01,6.38E-02,1.22E-03,2.32E-02,2.14E-02,1.80E-02
-1.00E+00,16384,16384,1024,OS2-fast-6,2.91E+01,7.55E-02,1.42E-03,2.79E-02,2.56E-02,2.05E-02
-1.00E+00,16384,16384,1024,OS2-fast-7,2.50E+01,8.81E-02,2.57E-03,3.25E-02,2.99E-02,2.31E-02
-1.00E+00,16384,16384,1024,OS2-fast-8,2.20E+01,9.99E-02,2.86E-03,3.72E-02,3.42E-02,2.56E-02
-1.00E+00,16384,16384,1024,OS2-fast-9,1.97E+01,1.12E-01,3.09E-03,4.18E-02,3.85E-02,2.82E-02
-1.00E+00,16384,16384,1024,OS2-fast-10,1.78E+01,1.23E-01,3.42E-03,4.64E-02,4.28E-02,3.07E-02
-1.00E+00,16384,16384,1024,OS2-fast-11,1.63E+01,1.35E-01,3.67E-03,5.10E-02,4.70E-02,3.32E-02
-1.00E+00,16384,16384,1024,OS2-fast-12,1.50E+01,1.47E-01,3.99E-03,5.57E-02,5.14E-02,3.58E-02
-1.00E+00,16384,16384,1024,OS2-accu-3,4.27E+01,5.15E-02,1.19E-02,1.39E-02,1.28E-02,1.28E-02
-1.00E+00,16384,16384,1024,OS2-accu-4,3.48E+01,6.31E-02,1.21E-02,1.86E-02,1.71E-02,1.54E-02
-1.00E+00,16384,16384,1024,OS2-accu-5,2.94E+01,7.49E-02,1.23E-02,2.32E-02,2.14E-02,1.80E-02
-1.00E+00,16384,16384,1024,OS2-accu-6,2.54E+01,8.65E-02,1.25E-02,2.79E-02,2.56E-02,2.05E-02
-1.00E+00,16384,16384,1024,OS2-accu-7,2.22E+01,9.91E-02,1.36E-02,3.25E-02,2.99E-02,2.31E-02
-1.00E+00,16384,16384,1024,OS2-accu-8,1.98E+01,1.11E-01,1.39E-02,3.72E-02,3.42E-02,2.56E-02
-1.00E+00,16384,16384,1024,OS2-accu-9,1.79E+01,1.23E-01,1.41E-02,4.17E-02,3.85E-02,2.82E-02
-1.00E+00,16384,16384,1024,OS2-accu-10,1.64E+01,1.34E-01,1.45E-02,4.64E-02,4.28E-02,3.07E-02
-1.00E+00,16384,16384,1024,OS2-accu-11,1.51E+01,1.46E-01,1.47E-02,5.10E-02,4.70E-02,3.32E-02
-1.00E+00,16384,16384,1024,OS2-accu-12,1.39E+01,1.58E-01,1.50E-02,5.57E-02,5.14E-02,3.58E-02
-1.00E+00,16384,16384,1024,BF16x9,1.76E+01,1.25E-01,,,,
-1.00E+00,16384,16384,2048,CGEMM,1.68E+01,2.62E-01,,,,
-1.00E+00,16384,16384,2048,OS2-fast-3,8.55E+01,5.14E-02,1.92E-03,2.38E-02,1.28E-02,1.28E-02
-1.00E+00,16384,16384,2048,OS2-fast-4,6.42E+01,6.85E-02,3.56E-03,3.23E-02,1.71E-02,1.54E-02
-1.00E+00,16384,16384,2048,OS2-fast-5,5.23E+01,8.40E-02,3.97E-03,4.05E-02,2.14E-02,1.82E-02
-1.00E+00,16384,16384,2048,OS2-fast-6,4.41E+01,9.97E-02,4.60E-03,4.87E-02,2.57E-02,2.07E-02
-1.00E+00,16384,16384,2048,OS2-fast-7,3.82E+01,1.15E-01,5.24E-03,5.69E-02,2.99E-02,2.32E-02
-1.00E+00,16384,16384,2048,OS2-fast-8,3.36E+01,1.31E-01,5.85E-03,6.51E-02,3.42E-02,2.58E-02
-1.00E+00,16384,16384,2048,OS2-fast-9,3.00E+01,1.47E-01,6.46E-03,7.33E-02,3.85E-02,2.84E-02
-1.00E+00,16384,16384,2048,OS2-fast-10,2.72E+01,1.62E-01,6.93E-03,8.12E-02,4.29E-02,3.09E-02
-1.00E+00,16384,16384,2048,OS2-fast-11,2.48E+01,1.77E-01,7.25E-03,8.94E-02,4.71E-02,3.34E-02
-1.00E+00,16384,16384,2048,OS2-fast-12,2.28E+01,1.93E-01,7.96E-03,9.76E-02,5.14E-02,3.60E-02
-1.00E+00,16384,16384,2048,OS2-accu-3,6.66E+01,6.60E-02,1.61E-02,2.42E-02,1.28E-02,1.28E-02
-1.00E+00,16384,16384,2048,OS2-accu-4,5.31E+01,8.28E-02,1.77E-02,3.24E-02,1.71E-02,1.54E-02
-1.00E+00,16384,16384,2048,OS2-accu-5,4.48E+01,9.82E-02,1.81E-02,4.06E-02,2.14E-02,1.81E-02
-1.00E+00,16384,16384,2048,OS2-accu-6,3.86E+01,1.14E-01,1.88E-02,4.88E-02,2.57E-02,2.06E-02
-1.00E+00,16384,16384,2048,OS2-accu-7,3.40E+01,1.30E-01,1.94E-02,5.69E-02,2.99E-02,2.32E-02
-1.00E+00,16384,16384,2048,OS2-accu-8,3.03E+01,1.45E-01,2.00E-02,6.50E-02,3.42E-02,2.58E-02
-1.00E+00,16384,16384,2048,OS2-accu-9,2.74E+01,1.60E-01,2.07E-02,7.29E-02,3.85E-02,2.82E-02
-1.00E+00,16384,16384,2048,OS2-accu-10,2.50E+01,1.76E-01,2.11E-02,8.11E-02,4.28E-02,3.10E-02
-1.00E+00,16384,16384,2048,OS2-accu-11,2.30E+01,1.91E-01,2.14E-02,8.94E-02,4.71E-02,3.36E-02
-1.00E+00,16384,16384,2048,OS2-accu-12,2.12E+01,2.07E-01,2.22E-02,9.76E-02,5.14E-02,3.61E-02
-1.00E+00,16384,16384,2048,BF16x9,1.67E+01,2.63E-01,,,,
