phi,function,2,3,4,5,6,7,8,9,10,11,12,13,14,15,
0.000000e+00,CGEMMEx (k=1024),4.506075e+00,4.506075e+00,4.506075e+00,4.506075e+00,4.506075e+00,4.506075e+00,4.506075e+00,4.506075e+00,4.506075e+00,4.506075e+00,4.506075e+00,4.506075e+00,4.506075e+00,4.506075e+00,
0.000000e+00,CGEMM (k=1024),4.506075e+00,4.506075e+00,4.506075e+00,4.506075e+00,4.506075e+00,4.506075e+00,4.506075e+00,4.506075e+00,4.506075e+00,4.506075e+00,4.506075e+00,4.506075e+00,4.506075e+00,4.506075e+00,
0.000000e+00,CGEMM3m (k=1024),4.506075e+00,4.506075e+00,4.506075e+00,4.506075e+00,4.506075e+00,4.506075e+00,4.506075e+00,4.506075e+00,4.506075e+00,4.506075e+00,4.506075e+00,4.506075e+00,4.506075e+00,4.506075e+00,
0.000000e+00,CGEMM-TF32 (k=1024),4.979010e+03,4.979010e+03,4.979010e+03,4.979010e+03,4.979010e+03,4.979010e+03,4.979010e+03,4.979010e+03,4.979010e+03,4.979010e+03,4.979010e+03,4.979010e+03,4.979010e+03,4.979010e+03,
0.000000e+00,OS2-fast (k=1024),2.432936e+05,3.679800e+04,4.416782e+03,2.088588e+02,1.406987e+01,4.955899e-01,5.499925e-06,6.192829e-06,4.576053e-06,1.386677e-06,1.658135e-06,3.715063e-06,1.867326e-05,3.421213e-06,
0.000000e+00,OS2-accu (k=1024),5.237770e+05,5.307300e+04,4.497727e+03,3.090829e+02,1.916516e+01,1.127350e+00,1.164451e-05,9.446475e-06,1.061347e-05,3.805603e-06,2.395411e-05,1.002184e-05,1.867326e-05,1.134948e-05,
0.000000e+00,CGEMMEx (k=2048),2.829085e+00,2.829085e+00,2.829085e+00,2.829085e+00,2.829085e+00,2.829085e+00,2.829085e+00,2.829085e+00,2.829085e+00,2.829085e+00,2.829085e+00,2.829085e+00,2.829085e+00,2.829085e+00,
0.000000e+00,CGEMM (k=2048),2.829085e+00,2.829085e+00,2.829085e+00,2.829085e+00,2.829085e+00,2.829085e+00,2.829085e+00,2.829085e+00,2.829085e+00,2.829085e+00,2.829085e+00,2.829085e+00,2.829085e+00,2.829085e+00,
0.000000e+00,CGEMM3m (k=2048),2.829085e+00,2.829085e+00,2.829085e+00,2.829085e+00,2.829085e+00,2.829085e+00,2.829085e+00,2.829085e+00,2.829085e+00,2.829085e+00,2.829085e+00,2.829085e+00,2.829085e+00,2.829085e+00,
0.000000e+00,CGEMM-TF32 (k=2048),3.767450e+03,3.767450e+03,3.767450e+03,3.767450e+03,3.767450e+03,3.767450e+03,3.767450e+03,3.767450e+03,3.767450e+03,3.767450e+03,3.767450e+03,3.767450e+03,3.767450e+03,3.767450e+03,
0.000000e+00,OS2-fast (k=2048),1.038347e+05,2.869968e+04,7.439796e+02,5.387611e+01,2.672683e+01,5.235721e-01,2.350389e-06,7.490497e-06,1.977177e-06,1.666221e-05,8.000035e-06,2.734794e-06,1.326528e-05,3.244334e-06,
0.000000e+00,OS2-accu (k=2048),3.968389e+05,1.591180e+05,7.122321e+02,1.664493e+02,3.535604e+01,5.922743e-01,1.139697e-05,1.315733e-05,1.977177e-06,1.099079e-04,4.499207e-05,2.362591e-05,3.717914e-05,1.374032e-05,
0.000000e+00,CGEMMEx (k=4096),1.139032e+00,1.139032e+00,1.139032e+00,1.139032e+00,1.139032e+00,1.139032e+00,1.139032e+00,1.139032e+00,1.139032e+00,1.139032e+00,1.139032e+00,1.139032e+00,1.139032e+00,1.139032e+00,
0.000000e+00,CGEMM (k=4096),1.139032e+00,1.139032e+00,1.139032e+00,1.139032e+00,1.139032e+00,1.139032e+00,1.139032e+00,1.139032e+00,1.139032e+00,1.139032e+00,1.139032e+00,1.139032e+00,1.139032e+00,1.139032e+00,
0.000000e+00,CGEMM3m (k=4096),1.139032e+00,1.139032e+00,1.139032e+00,1.139032e+00,1.139032e+00,1.139032e+00,1.139032e+00,1.139032e+00,1.139032e+00,1.139032e+00,1.139032e+00,1.139032e+00,1.139032e+00,1.139032e+00,
0.000000e+00,CGEMM-TF32 (k=4096),1.326700e+02,1.326700e+02,1.326700e+02,1.326700e+02,1.326700e+02,1.326700e+02,1.326700e+02,1.326700e+02,1.326700e+02,1.326700e+02,1.326700e+02,1.326700e+02,1.326700e+02,1.326700e+02,
0.000000e+00,OS2-fast (k=4096),1.093403e+05,2.245769e+04,7.728099e+02,5.659927e+01,4.952855e+00,7.466062e-01,1.661277e-06,3.650147e-06,5.943864e-07,1.053500e-06,1.227736e-06,1.719803e-06,6.022718e-06,7.031227e-06,
0.000000e+00,OS2-accu (k=4096),7.471529e+05,1.764300e+04,1.759756e+03,6.730392e+01,5.091861e+00,4.714294e-01,4.436960e-06,1.212822e-05,2.061407e-05,4.976061e-06,1.822743e-05,8.025662e-06,6.022718e-06,1.035921e-05,
0.000000e+00,CGEMMEx (k=8192),1.780403e+01,1.780403e+01,1.780403e+01,1.780403e+01,1.780403e+01,1.780403e+01,1.780403e+01,1.780403e+01,1.780403e+01,1.780403e+01,1.780403e+01,1.780403e+01,1.780403e+01,1.780403e+01,
0.000000e+00,CGEMM (k=8192),1.780403e+01,1.780403e+01,1.780403e+01,1.780403e+01,1.780403e+01,1.780403e+01,1.780403e+01,1.780403e+01,1.780403e+01,1.780403e+01,1.780403e+01,1.780403e+01,1.780403e+01,1.780403e+01,
0.000000e+00,CGEMM3m (k=8192),1.780403e+01,1.780403e+01,1.780403e+01,1.780403e+01,1.780403e+01,1.780403e+01,1.780403e+01,1.780403e+01,1.780403e+01,1.780403e+01,1.780403e+01,1.780403e+01,1.780403e+01,1.780403e+01,
0.000000e+00,CGEMM-TF32 (k=8192),1.186485e+03,1.186485e+03,1.186485e+03,1.186485e+03,1.186485e+03,1.186485e+03,1.186485e+03,1.186485e+03,1.186485e+03,1.186485e+03,1.186485e+03,1.186485e+03,1.186485e+03,1.186485e+03,
0.000000e+00,OS2-fast (k=8192),5.322799e+06,3.256067e+05,1.371389e+04,2.780622e+02,2.242036e+01,2.800744e-01,9.425755e-06,3.788784e-05,7.528084e-05,1.041543e-05,4.628218e-05,5.073572e-06,4.017720e-05,3.460880e-05,
0.000000e+00,OS2-accu (k=8192),4.929488e+06,8.279992e+05,6.648995e+03,2.041102e+03,3.468991e+01,1.272404e+00,2.262539e-05,3.788784e-05,7.528084e-05,7.757021e-05,2.607196e-04,2.179847e-04,5.063437e-05,3.390947e-04,
0.000000e+00,CGEMMEx (k=16384),3.555694e+00,3.555694e+00,3.555694e+00,3.555694e+00,3.555694e+00,3.555694e+00,3.555694e+00,3.555694e+00,3.555694e+00,3.555694e+00,3.555694e+00,3.555694e+00,3.555694e+00,3.555694e+00,
0.000000e+00,CGEMM (k=16384),3.555694e+00,3.555694e+00,3.555694e+00,3.555694e+00,3.555694e+00,3.555694e+00,3.555694e+00,3.555694e+00,3.555694e+00,3.555694e+00,3.555694e+00,3.555694e+00,3.555694e+00,3.555694e+00,
0.000000e+00,CGEMM3m (k=16384),4.123999e+00,4.123999e+00,4.123999e+00,4.123999e+00,4.123999e+00,4.123999e+00,4.123999e+00,4.123999e+00,4.123999e+00,4.123999e+00,4.123999e+00,4.123999e+00,4.123999e+00,4.123999e+00,
0.000000e+00,CGEMM-TF32 (k=16384),1.162269e+03,1.162269e+03,1.162269e+03,1.162269e+03,1.162269e+03,1.162269e+03,1.162269e+03,1.162269e+03,1.162269e+03,1.162269e+03,1.162269e+03,1.162269e+03,1.162269e+03,1.162269e+03,
0.000000e+00,OS2-fast (k=16384),8.283214e+05,5.998941e+04,1.013120e+04,2.741547e+02,1.976099e+01,1.415042e+00,3.936604e-06,2.595447e-05,1.590762e-05,2.888645e-05,1.282757e-05,7.600358e-06,4.767069e-05,1.377158e-05,
0.000000e+00,OS2-accu (k=16384),1.000000e+00,7.870562e+04,2.753879e+04,4.749479e+02,2.997733e+01,8.766518e-01,3.475040e-05,2.092080e-05,1.520390e-05,3.344730e-05,1.329957e-05,2.302250e-05,4.767069e-05,3.833130e-05,
5.000000e-01,CGEMMEx (k=1024),5.642128e-01,5.642128e-01,5.642128e-01,5.642128e-01,5.642128e-01,5.642128e-01,5.642128e-01,5.642128e-01,5.642128e-01,5.642128e-01,5.642128e-01,5.642128e-01,5.642128e-01,5.642128e-01,
5.000000e-01,CGEMM (k=1024),5.642128e-01,5.642128e-01,5.642128e-01,5.642128e-01,5.642128e-01,5.642128e-01,5.642128e-01,5.642128e-01,5.642128e-01,5.642128e-01,5.642128e-01,5.642128e-01,5.642128e-01,5.642128e-01,
5.000000e-01,CGEMM3m (k=1024),5.642128e-01,5.642128e-01,5.642128e-01,5.642128e-01,5.642128e-01,5.642128e-01,5.642128e-01,5.642128e-01,5.642128e-01,5.642128e-01,5.642128e-01,5.642128e-01,5.642128e-01,5.642128e-01,
5.000000e-01,CGEMM-TF32 (k=1024),8.742936e+02,8.742936e+02,8.742936e+02,8.742936e+02,8.742936e+02,8.742936e+02,8.742936e+02,8.742936e+02,8.742936e+02,8.742936e+02,8.742936e+02,8.742936e+02,8.742936e+02,8.742936e+02,
5.000000e-01,OS2-fast (k=1024),9.036423e+05,1.237585e+05,9.761260e+03,8.424913e+02,5.374855e+01,3.556155e+00,1.309621e-01,1.513205e-03,2.414673e-05,5.764308e-05,1.603824e-04,9.580898e-05,1.216555e-04,9.969970e-05,
5.000000e-01,OS2-accu (k=1024),7.193466e+05,4.365471e+04,3.926183e+03,2.403314e+02,1.827721e+01,1.103268e+00,3.409705e-02,4.875886e-04,1.229466e-05,5.194812e-06,1.039141e-05,8.796688e-06,1.566861e-05,8.375694e-06,
5.000000e-01,CGEMMEx (k=2048),1.573415e+00,1.573415e+00,1.573415e+00,1.573415e+00,1.573415e+00,1.573415e+00,1.573415e+00,1.573415e+00,1.573415e+00,1.573415e+00,1.573415e+00,1.573415e+00,1.573415e+00,1.573415e+00,
5.000000e-01,CGEMM (k=2048),1.573415e+00,1.573415e+00,1.573415e+00,1.573415e+00,1.573415e+00,1.573415e+00,1.573415e+00,1.573415e+00,1.573415e+00,1.573415e+00,1.573415e+00,1.573415e+00,1.573415e+00,1.573415e+00,
5.000000e-01,CGEMM3m (k=2048),1.573415e+00,1.573415e+00,1.573415e+00,1.573415e+00,1.573415e+00,1.573415e+00,1.573415e+00,1.573415e+00,1.573415e+00,1.573415e+00,1.573415e+00,1.573415e+00,1.573415e+00,1.573415e+00,
5.000000e-01,CGEMM-TF32 (k=2048),6.712908e+02,6.712908e+02,6.712908e+02,6.712908e+02,6.712908e+02,6.712908e+02,6.712908e+02,6.712908e+02,6.712908e+02,6.712908e+02,6.712908e+02,6.712908e+02,6.712908e+02,6.712908e+02,
5.000000e-01,OS2-fast (k=2048),4.959929e+05,2.143267e+05,1.134032e+04,2.026922e+03,9.945173e+01,6.948599e+00,8.033570e-02,3.367055e-03,6.940409e-05,6.180132e-05,8.736195e-05,4.225176e-05,5.439081e-05,2.283434e-04,
5.000000e-01,OS2-accu (k=2048),1.332977e+06,3.225675e+04,1.037610e+04,3.260027e+02,1.355610e+01,2.653931e-01,3.022850e-02,5.127511e-04,1.563674e-05,1.947110e-05,1.022351e-05,5.366787e-05,3.353338e-05,1.606156e-05,
5.000000e-01,CGEMMEx (k=4096),4.562752e-01,4.562752e-01,4.562752e-01,4.562752e-01,4.562752e-01,4.562752e-01,4.562752e-01,4.562752e-01,4.562752e-01,4.562752e-01,4.562752e-01,4.562752e-01,4.562752e-01,4.562752e-01,
5.000000e-01,CGEMM (k=4096),4.562752e-01,4.562752e-01,4.562752e-01,4.562752e-01,4.562752e-01,4.562752e-01,4.562752e-01,4.562752e-01,4.562752e-01,4.562752e-01,4.562752e-01,4.562752e-01,4.562752e-01,4.562752e-01,
5.000000e-01,CGEMM3m (k=4096),4.562752e-01,4.562752e-01,4.562752e-01,4.562752e-01,4.562752e-01,4.562752e-01,4.562752e-01,4.562752e-01,4.562752e-01,4.562752e-01,4.562752e-01,4.562752e-01,4.562752e-01,4.562752e-01,
5.000000e-01,CGEMM-TF32 (k=4096),2.385208e+02,2.385208e+02,2.385208e+02,2.385208e+02,2.385208e+02,2.385208e+02,2.385208e+02,2.385208e+02,2.385208e+02,2.385208e+02,2.385208e+02,2.385208e+02,2.385208e+02,2.385208e+02,
5.000000e-01,OS2-fast (k=4096),2.802101e+05,2.189159e+05,1.606189e+04,8.501348e+02,6.903668e+01,2.129712e+00,1.198918e-01,2.913891e-03,3.872433e-05,2.305126e-04,1.572724e-04,5.701488e-04,2.997409e-04,2.151505e-04,
5.000000e-01,OS2-accu (k=4096),9.749021e+05,3.406963e+04,1.604559e+03,1.799659e+02,8.417680e+00,5.362618e-01,8.129251e-02,1.074409e-03,1.858655e-05,1.906559e-05,8.929419e-06,1.732341e-05,6.321118e-06,1.185627e-05,
5.000000e-01,CGEMMEx (k=8192),2.941149e+00,2.941149e+00,2.941149e+00,2.941149e+00,2.941149e+00,2.941149e+00,2.941149e+00,2.941149e+00,2.941149e+00,2.941149e+00,2.941149e+00,2.941149e+00,2.941149e+00,2.941149e+00,
5.000000e-01,CGEMM (k=8192),2.941149e+00,2.941149e+00,2.941149e+00,2.941149e+00,2.941149e+00,2.941149e+00,2.941149e+00,2.941149e+00,2.941149e+00,2.941149e+00,2.941149e+00,2.941149e+00,2.941149e+00,2.941149e+00,
5.000000e-01,CGEMM3m (k=8192),9.795420e-01,9.795420e-01,9.795420e-01,9.795420e-01,9.795420e-01,9.795420e-01,9.795420e-01,9.795420e-01,9.795420e-01,9.795420e-01,9.795420e-01,9.795420e-01,9.795420e-01,9.795420e-01,
5.000000e-01,CGEMM-TF32 (k=8192),3.332306e+02,3.332306e+02,3.332306e+02,3.332306e+02,3.332306e+02,3.332306e+02,3.332306e+02,3.332306e+02,3.332306e+02,3.332306e+02,3.332306e+02,3.332306e+02,3.332306e+02,3.332306e+02,
5.000000e-01,OS2-fast (k=8192),1.289570e+03,2.634931e+05,8.520262e+04,5.950886e+03,1.406662e+02,6.152730e+00,3.932837e-01,1.927944e-02,3.771909e-04,5.172108e-04,2.798253e-04,4.741278e-04,5.710646e-04,5.387523e-04,
5.000000e-01,OS2-accu (k=8192),2.498044e+06,1.220262e+05,3.269560e+04,8.216538e+02,3.083066e+01,5.591144e+00,2.579949e-01,2.048922e-03,5.027349e-05,1.045562e-04,7.213334e-06,2.825180e-04,1.626933e-04,7.157070e-05,
5.000000e-01,CGEMMEx (k=16384),3.888847e+01,3.888847e+01,3.888847e+01,3.888847e+01,3.888847e+01,3.888847e+01,3.888847e+01,3.888847e+01,3.888847e+01,3.888847e+01,3.888847e+01,3.888847e+01,3.888847e+01,3.888847e+01,
5.000000e-01,CGEMM (k=16384),3.888847e+01,3.888847e+01,3.888847e+01,3.888847e+01,3.888847e+01,3.888847e+01,3.888847e+01,3.888847e+01,3.888847e+01,3.888847e+01,3.888847e+01,3.888847e+01,3.888847e+01,3.888847e+01,
5.000000e-01,CGEMM3m (k=16384),3.860397e+00,3.860397e+00,3.860397e+00,3.860397e+00,3.860397e+00,3.860397e+00,3.860397e+00,3.860397e+00,3.860397e+00,3.860397e+00,3.860397e+00,3.860397e+00,3.860397e+00,3.860397e+00,
5.000000e-01,CGEMM-TF32 (k=16384),2.709357e+03,2.709357e+03,2.709357e+03,2.709357e+03,2.709357e+03,2.709357e+03,2.709357e+03,2.709357e+03,2.709357e+03,2.709357e+03,2.709357e+03,2.709357e+03,2.709357e+03,2.709357e+03,
5.000000e-01,OS2-fast (k=16384),4.599191e+02,2.176329e+06,1.337393e+05,2.319944e+04,6.809902e+02,3.877680e+01,2.144511e+00,5.825660e-02,2.168422e-03,7.065542e-03,4.453744e-03,5.993445e-03,1.041913e-03,1.041913e-03,
5.000000e-01,OS2-accu (k=16384),8.179490e+06,1.270743e+06,7.002573e+03,2.285076e+03,8.713119e+01,1.514658e+01,2.866483e+00,6.184867e-02,5.568711e-05,8.629412e-05,1.066988e-04,2.843907e-04,6.074646e-04,1.143518e-04,
1.000000e+00,CGEMMEx (k=1024),7.666522e+00,7.666522e+00,7.666522e+00,7.666522e+00,7.666522e+00,7.666522e+00,7.666522e+00,7.666522e+00,7.666522e+00,7.666522e+00,7.666522e+00,7.666522e+00,7.666522e+00,7.666522e+00,
1.000000e+00,CGEMM (k=1024),7.666522e+00,7.666522e+00,7.666522e+00,7.666522e+00,7.666522e+00,7.666522e+00,7.666522e+00,7.666522e+00,7.666522e+00,7.666522e+00,7.666522e+00,7.666522e+00,7.666522e+00,7.666522e+00,
1.000000e+00,CGEMM3m (k=1024),7.666522e+00,7.666522e+00,7.666522e+00,7.666522e+00,7.666522e+00,7.666522e+00,7.666522e+00,7.666522e+00,7.666522e+00,7.666522e+00,7.666522e+00,7.666522e+00,7.666522e+00,7.666522e+00,
1.000000e+00,CGEMM-TF32 (k=1024),3.041604e+03,3.041604e+03,3.041604e+03,3.041604e+03,3.041604e+03,3.041604e+03,3.041604e+03,3.041604e+03,3.041604e+03,3.041604e+03,3.041604e+03,3.041604e+03,3.041604e+03,3.041604e+03,
1.000000e+00,OS2-fast (k=1024),4.128326e+05,1.392676e+07,5.581192e+05,3.436000e+04,3.342351e+03,5.396721e+01,2.691905e+00,5.333090e-01,2.513479e-02,1.185461e-02,2.417403e-02,6.847665e-03,1.004851e-01,1.065366e-02,
1.000000e+00,OS2-accu (k=1024),1.392676e+07,9.762042e+05,5.011295e+04,3.835592e+03,4.536717e+01,4.258430e+00,5.394644e-02,8.174120e-03,1.542624e-05,1.676444e-05,4.450621e-05,1.227862e-04,6.924897e-05,6.273848e-05,
1.000000e+00,CGEMMEx (k=2048),1.456206e+00,1.456206e+00,1.456206e+00,1.456206e+00,1.456206e+00,1.456206e+00,1.456206e+00,1.456206e+00,1.456206e+00,1.456206e+00,1.456206e+00,1.456206e+00,1.456206e+00,1.456206e+00,
1.000000e+00,CGEMM (k=2048),1.456206e+00,1.456206e+00,1.456206e+00,1.456206e+00,1.456206e+00,1.456206e+00,1.456206e+00,1.456206e+00,1.456206e+00,1.456206e+00,1.456206e+00,1.456206e+00,1.456206e+00,1.456206e+00,
1.000000e+00,CGEMM3m (k=2048),1.456206e+00,1.456206e+00,1.456206e+00,1.456206e+00,1.456206e+00,1.456206e+00,1.456206e+00,1.456206e+00,1.456206e+00,1.456206e+00,1.456206e+00,1.456206e+00,1.456206e+00,1.456206e+00,
1.000000e+00,CGEMM-TF32 (k=2048),7.875731e+02,7.875731e+02,7.875731e+02,7.875731e+02,7.875731e+02,7.875731e+02,7.875731e+02,7.875731e+02,7.875731e+02,7.875731e+02,7.875731e+02,7.875731e+02,7.875731e+02,7.875731e+02,
1.000000e+00,OS2-fast (k=2048),1.846211e+03,1.756427e+06,1.239898e+05,5.128045e+03,3.370880e+02,3.950919e+01,2.556114e+00,8.761615e-02,2.978472e-03,5.317366e-03,2.629982e-03,8.936898e-03,8.939493e-03,8.353240e-03,
1.000000e+00,OS2-accu (k=2048),1.097767e+06,1.055783e+05,5.128045e+03,3.370880e+02,3.950816e+01,2.556033e+00,8.768753e-02,1.112867e-03,2.498134e-05,4.987107e-05,2.225784e-05,1.873304e-05,3.438984e-05,4.643294e-05,
1.000000e+00,CGEMMEx (k=4096),8.272601e-01,8.272601e-01,8.272601e-01,8.272601e-01,8.272601e-01,8.272601e-01,8.272601e-01,8.272601e-01,8.272601e-01,8.272601e-01,8.272601e-01,8.272601e-01,8.272601e-01,8.272601e-01,
1.000000e+00,CGEMM (k=4096),8.272601e-01,8.272601e-01,8.272601e-01,8.272601e-01,8.272601e-01,8.272601e-01,8.272601e-01,8.272601e-01,8.272601e-01,8.272601e-01,8.272601e-01,8.272601e-01,8.272601e-01,8.272601e-01,
1.000000e+00,CGEMM3m (k=4096),8.272601e-01,8.272601e-01,8.272601e-01,8.272601e-01,8.272601e-01,8.272601e-01,8.272601e-01,8.272601e-01,8.272601e-01,8.272601e-01,8.272601e-01,8.272601e-01,8.272601e-01,8.272601e-01,
1.000000e+00,CGEMM-TF32 (k=4096),1.895826e+03,1.895826e+03,1.895826e+03,1.895826e+03,1.895826e+03,1.895826e+03,1.895826e+03,1.895826e+03,1.895826e+03,1.895826e+03,1.895826e+03,1.895826e+03,1.895826e+03,1.895826e+03,
1.000000e+00,OS2-fast (k=4096),4.139286e+03,2.733161e+06,7.570649e+04,1.702791e+04,1.024380e+02,1.256151e+01,3.272861e+00,1.084329e-01,2.532183e-02,7.648733e-03,1.031455e-02,2.281042e-02,5.917854e-03,2.766993e-02,
1.000000e+00,OS2-accu (k=4096),2.733161e+06,7.570649e+04,1.702791e+04,1.024374e+02,1.256013e+01,3.276433e+00,8.426504e-02,8.026110e-03,6.026109e-05,2.044373e-04,2.154421e-05,2.064029e-05,2.424022e-04,7.668370e-05,
1.000000e+00,CGEMMEx (k=8192),3.304767e+00,3.304767e+00,3.304767e+00,3.304767e+00,3.304767e+00,3.304767e+00,3.304767e+00,3.304767e+00,3.304767e+00,3.304767e+00,3.304767e+00,3.304767e+00,3.304767e+00,3.304767e+00,
1.000000e+00,CGEMM (k=8192),3.304767e+00,3.304767e+00,3.304767e+00,3.304767e+00,3.304767e+00,3.304767e+00,3.304767e+00,3.304767e+00,3.304767e+00,3.304767e+00,3.304767e+00,3.304767e+00,3.304767e+00,3.304767e+00,
1.000000e+00,CGEMM3m (k=8192),1.335239e+00,1.335239e+00,1.335239e+00,1.335239e+00,1.335239e+00,1.335239e+00,1.335239e+00,1.335239e+00,1.335239e+00,1.335239e+00,1.335239e+00,1.335239e+00,1.335239e+00,1.335239e+00,
1.000000e+00,CGEMM-TF32 (k=8192),1.269879e+03,1.269879e+03,1.269879e+03,1.269879e+03,1.269879e+03,1.269879e+03,1.269879e+03,1.269879e+03,1.269879e+03,1.269879e+03,1.269879e+03,1.269879e+03,1.269879e+03,1.269879e+03,
1.000000e+00,OS2-fast (k=8192),1.000000e+00,1.318212e+06,4.006122e+05,2.761330e+04,6.214967e+02,8.853036e+01,4.119596e+00,1.416706e-01,2.187157e-02,1.881194e-02,2.472198e-02,7.166965e-03,3.451854e-02,4.535488e-02,
1.000000e+00,OS2-accu (k=8192),4.367916e+05,2.175556e+05,9.149681e+03,5.773142e+02,1.532593e+01,1.447236e+00,7.308324e-02,8.212218e-04,6.070722e-05,1.466916e-05,7.152887e-06,1.019496e-04,3.477078e-05,5.758501e-05,
1.000000e+00,CGEMMEx (k=16384),1.113582e+01,1.113582e+01,1.113582e+01,1.113582e+01,1.113582e+01,1.113582e+01,1.113582e+01,1.113582e+01,1.113582e+01,1.113582e+01,1.113582e+01,1.113582e+01,1.113582e+01,1.113582e+01,
1.000000e+00,CGEMM (k=16384),1.113582e+01,1.113582e+01,1.113582e+01,1.113582e+01,1.113582e+01,1.113582e+01,1.113582e+01,1.113582e+01,1.113582e+01,1.113582e+01,1.113582e+01,1.113582e+01,1.113582e+01,1.113582e+01,
1.000000e+00,CGEMM3m (k=16384),8.601863e+00,8.601863e+00,8.601863e+00,8.601863e+00,8.601863e+00,8.601863e+00,8.601863e+00,8.601863e+00,8.601863e+00,8.601863e+00,8.601863e+00,8.601863e+00,8.601863e+00,8.601863e+00,
1.000000e+00,CGEMM-TF32 (k=16384),4.262263e+03,4.262263e+03,4.262263e+03,4.262263e+03,4.262263e+03,4.262263e+03,4.262263e+03,4.262263e+03,4.262263e+03,4.262263e+03,4.262263e+03,4.262263e+03,4.262263e+03,4.262263e+03,
1.000000e+00,OS2-fast (k=16384),1.000000e+00,8.695781e+06,1.636121e+06,1.314865e+05,1.180854e+04,8.380112e+02,5.462697e+01,2.200389e+00,1.361519e-01,5.716753e-01,1.793443e-01,9.060821e-02,8.160979e-02,2.003889e-01,
1.000000e+00,OS2-accu (k=16384),8.575006e+06,8.789201e+05,7.902720e+04,6.430830e+03,3.709722e+02,3.976968e+01,2.235539e+00,7.333523e-02,8.241504e-04,1.703591e-04,9.654398e-05,2.301142e-04,2.637442e-04,3.944127e-05,
1.500000e+00,CGEMMEx (k=1024),1.137465e+00,1.137465e+00,1.137465e+00,1.137465e+00,1.137465e+00,1.137465e+00,1.137465e+00,1.137465e+00,1.137465e+00,1.137465e+00,1.137465e+00,1.137465e+00,1.137465e+00,1.137465e+00,
1.500000e+00,CGEMM (k=1024),1.137465e+00,1.137465e+00,1.137465e+00,1.137465e+00,1.137465e+00,1.137465e+00,1.137465e+00,1.137465e+00,1.137465e+00,1.137465e+00,1.137465e+00,1.137465e+00,1.137465e+00,1.137465e+00,
1.500000e+00,CGEMM3m (k=1024),1.137465e+00,1.137465e+00,1.137465e+00,1.137465e+00,1.137465e+00,1.137465e+00,1.137465e+00,1.137465e+00,1.137465e+00,1.137465e+00,1.137465e+00,1.137465e+00,1.137465e+00,1.137465e+00,
1.500000e+00,CGEMM-TF32 (k=1024),1.151031e+03,1.151031e+03,1.151031e+03,1.151031e+03,1.151031e+03,1.151031e+03,1.151031e+03,1.151031e+03,1.151031e+03,1.151031e+03,1.151031e+03,1.151031e+03,1.151031e+03,1.151031e+03,
1.500000e+00,OS2-fast (k=1024),7.248559e+00,2.542043e+06,1.323971e+05,1.842962e+05,5.725962e+03,6.526471e+02,4.834424e+01,9.223800e-01,2.788278e-02,1.066773e-01,8.473371e-02,1.482010e-01,5.656822e-01,3.055442e-01,
1.500000e+00,OS2-accu (k=1024),2.118380e+05,3.723688e+05,2.131006e+04,1.778190e+03,2.479443e+02,4.723613e+00,7.443271e-01,2.063937e-02,2.733831e-05,1.654909e-05,1.423712e-05,3.042095e-05,5.483436e-04,1.221293e-04,
1.500000e+00,CGEMMEx (k=2048),2.090094e+01,2.090094e+01,2.090094e+01,2.090094e+01,2.090094e+01,2.090094e+01,2.090094e+01,2.090094e+01,2.090094e+01,2.090094e+01,2.090094e+01,2.090094e+01,2.090094e+01,2.090094e+01,
1.500000e+00,CGEMM (k=2048),2.090094e+01,2.090094e+01,2.090094e+01,2.090094e+01,2.090094e+01,2.090094e+01,2.090094e+01,2.090094e+01,2.090094e+01,2.090094e+01,2.090094e+01,2.090094e+01,2.090094e+01,2.090094e+01,
1.500000e+00,CGEMM3m (k=2048),2.090094e+01,2.090094e+01,2.090094e+01,2.090094e+01,2.090094e+01,2.090094e+01,2.090094e+01,2.090094e+01,2.090094e+01,2.090094e+01,2.090094e+01,2.090094e+01,2.090094e+01,2.090094e+01,
1.500000e+00,CGEMM-TF32 (k=2048),1.423643e+04,1.423643e+04,1.423643e+04,1.423643e+04,1.423643e+04,1.423643e+04,1.423643e+04,1.423643e+04,1.423643e+04,1.423643e+04,1.423643e+04,1.423643e+04,1.423643e+04,1.423643e+04,
1.500000e+00,OS2-fast (k=2048),1.000000e+00,4.393190e+06,3.981328e+06,2.246344e+05,1.273551e+04,2.090427e+02,8.217488e+01,1.127779e+01,7.054138e-01,2.207717e+00,1.749472e+00,5.546361e+00,3.747359e-01,3.420041e-01,
1.500000e+00,OS2-accu (k=2048),1.098298e+06,1.219497e+06,5.121973e+04,4.599218e+02,1.569821e+02,1.220905e+01,6.969511e-01,1.724517e-02,1.935430e-04,2.734546e-04,5.418309e-05,9.813449e-05,1.540726e-04,3.658385e-04,
1.500000e+00,CGEMMEx (k=4096),6.896606e+00,6.896606e+00,6.896606e+00,6.896606e+00,6.896606e+00,6.896606e+00,6.896606e+00,6.896606e+00,6.896606e+00,6.896606e+00,6.896606e+00,6.896606e+00,6.896606e+00,6.896606e+00,
1.500000e+00,CGEMM (k=4096),6.896606e+00,6.896606e+00,6.896606e+00,6.896606e+00,6.896606e+00,6.896606e+00,6.896606e+00,6.896606e+00,6.896606e+00,6.896606e+00,6.896606e+00,6.896606e+00,6.896606e+00,6.896606e+00,
1.500000e+00,CGEMM3m (k=4096),6.896606e+00,6.896606e+00,6.896606e+00,6.896606e+00,6.896606e+00,6.896606e+00,6.896606e+00,6.896606e+00,6.896606e+00,6.896606e+00,6.896606e+00,6.896606e+00,6.896606e+00,6.896606e+00,
1.500000e+00,CGEMM-TF32 (k=4096),4.368236e+03,4.368236e+03,4.368236e+03,4.368236e+03,4.368236e+03,4.368236e+03,4.368236e+03,4.368236e+03,4.368236e+03,4.368236e+03,4.368236e+03,4.368236e+03,4.368236e+03,4.368236e+03,
1.500000e+00,OS2-fast (k=4096),1.000000e+00,1.148977e+05,3.814256e+06,4.409943e+05,2.599195e+04,1.496383e+03,9.729472e+01,7.781576e+00,3.529661e-01,2.429843e-01,7.258123e-01,3.458558e-01,1.595644e+00,9.375931e-01,
1.500000e+00,OS2-accu (k=4096),3.220076e+06,8.340698e+05,4.574048e+04,4.564041e+03,1.850638e+02,1.594127e+01,1.692745e-01,7.698250e-03,4.738513e-04,2.189749e-04,3.796785e-04,3.076180e-05,2.217112e-04,2.284098e-04,
1.500000e+00,CGEMMEx (k=8192),9.624805e+00,9.624805e+00,9.624805e+00,9.624805e+00,9.624805e+00,9.624805e+00,9.624805e+00,9.624805e+00,9.624805e+00,9.624805e+00,9.624805e+00,9.624805e+00,9.624805e+00,9.624805e+00,
1.500000e+00,CGEMM (k=8192),9.624805e+00,9.624805e+00,9.624805e+00,9.624805e+00,9.624805e+00,9.624805e+00,9.624805e+00,9.624805e+00,9.624805e+00,9.624805e+00,9.624805e+00,9.624805e+00,9.624805e+00,9.624805e+00,
1.500000e+00,CGEMM3m (k=8192),9.074852e+00,9.074852e+00,9.074852e+00,9.074852e+00,9.074852e+00,9.074852e+00,9.074852e+00,9.074852e+00,9.074852e+00,9.074852e+00,9.074852e+00,9.074852e+00,9.074852e+00,9.074852e+00,
1.500000e+00,CGEMM-TF32 (k=8192),7.770358e+02,7.770358e+02,7.770358e+02,7.770358e+02,7.770358e+02,7.770358e+02,7.770358e+02,7.770358e+02,7.770358e+02,7.770358e+02,7.770358e+02,7.770358e+02,7.770358e+02,7.770358e+02,
1.500000e+00,OS2-fast (k=8192),1.000000e+00,2.101460e+05,8.912734e+06,1.527090e+06,1.161769e+05,6.453231e+03,2.158336e+02,3.303379e+01,2.381225e+00,4.365527e+00,1.985241e+00,4.559310e+00,1.178085e+00,1.424992e+00,
1.500000e+00,OS2-accu (k=8192),8.801324e+06,1.467468e+06,1.424363e+05,7.180161e+03,2.122825e+02,3.294632e+01,1.600713e+00,4.959257e-02,6.700119e-04,1.730208e-04,8.223268e-05,3.740517e-04,1.582079e-05,7.826777e-05,
1.500000e+00,CGEMMEx (k=16384),1.740350e+00,1.740350e+00,1.740350e+00,1.740350e+00,1.740350e+00,1.740350e+00,1.740350e+00,1.740350e+00,1.740350e+00,1.740350e+00,1.740350e+00,1.740350e+00,1.740350e+00,1.740350e+00,
1.500000e+00,CGEMM (k=16384),1.740350e+00,1.740350e+00,1.740350e+00,1.740350e+00,1.740350e+00,1.740350e+00,1.740350e+00,1.740350e+00,1.740350e+00,1.740350e+00,1.740350e+00,1.740350e+00,1.740350e+00,1.740350e+00,
1.500000e+00,CGEMM3m (k=16384),6.155358e+00,6.155358e+00,6.155358e+00,6.155358e+00,6.155358e+00,6.155358e+00,6.155358e+00,6.155358e+00,6.155358e+00,6.155358e+00,6.155358e+00,6.155358e+00,6.155358e+00,6.155358e+00,
1.500000e+00,CGEMM-TF32 (k=16384),9.830901e+02,9.830901e+02,9.830901e+02,9.830901e+02,9.830901e+02,9.830901e+02,9.830901e+02,9.830901e+02,9.830901e+02,9.830901e+02,9.830901e+02,9.830901e+02,9.830901e+02,9.830901e+02,
1.500000e+00,OS2-fast (k=16384),1.000000e+00,5.145768e+03,6.385468e+05,3.951420e+05,1.685195e+04,7.581784e+02,8.719867e+01,1.540424e+00,1.359746e+00,2.704547e+00,1.841844e+00,1.368680e+01,3.059777e+00,2.298569e+00,
1.500000e+00,OS2-accu (k=16384),4.256975e+05,6.975792e+05,4.171727e+04,5.660181e+02,1.168067e+02,1.261240e+01,9.464272e-01,3.578654e-02,8.088176e-04,7.547993e-05,2.982329e-05,2.263856e-05,5.664122e-04,7.783961e-05,
