phi,m,n,k,function,err_max,err_med,TFLOPS,total_time[sec],quantization,low_prec_gemm,requantization,dequantization,
5.000000e-01,1024,1024,1024,DGEMM,2.756879e-09,8.765315e-16,7.340560e-01,2.925504e-03,,,,,
5.000000e-01,1024,1024,1024,OS2-fast-9,5.465733e-03,3.144399e-09,5.353719e+00,4.011200e-04,6.606000e-05,1.577640e-04,6.874050e-05,9.940800e-05,
5.000000e-01,1024,1024,1024,OS2-fast-10,2.690812e-04,2.142583e-10,4.938106e+00,4.348800e-04,6.735250e-05,1.749215e-04,7.641350e-05,1.072525e-04,
5.000000e-01,1024,1024,1024,OS2-fast-11,4.456593e-05,2.269263e-11,4.550525e+00,4.719200e-04,6.966650e-05,1.938315e-04,8.425950e-05,1.147370e-04,
5.000000e-01,1024,1024,1024,OS2-fast-12,2.661800e-06,1.530285e-12,4.251837e+00,5.050720e-04,7.037800e-05,2.111390e-04,9.218400e-05,1.224315e-04,
5.000000e-01,1024,1024,1024,OS2-fast-13,1.696944e-07,9.551687e-14,3.937389e+00,5.454080e-04,7.612900e-05,2.290430e-04,1.007235e-04,1.301460e-04,
5.000000e-01,1024,1024,1024,OS2-fast-14,1.134047e-08,5.859329e-15,3.692372e+00,5.816000e-04,7.931000e-05,2.463940e-04,1.081895e-04,1.378955e-04,
5.000000e-01,1024,1024,1024,OS2-fast-15,7.645727e-10,2.749305e-16,3.487534e+00,6.157600e-04,8.018150e-05,2.643950e-04,1.164590e-04,1.456255e-04,
5.000000e-01,1024,1024,1024,OS2-fast-16,8.074306e-12,4.858253e-17,3.244639e+00,6.618560e-04,9.323700e-05,2.818865e-04,1.241080e-04,1.529690e-04,
5.000000e-01,1024,1024,1024,OS2-fast-17,1.293970e-13,4.551100e-17,3.084260e+00,6.962720e-04,9.390250e-05,2.994045e-04,1.329210e-04,1.605590e-04,
5.000000e-01,1024,1024,1024,OS2-fast-18,5.110841e-16,4.536987e-17,2.935838e+00,7.314720e-04,9.677800e-05,3.167690e-04,1.399505e-04,1.681880e-04,
5.000000e-01,1024,1024,1024,OS2-accu-9,1.194455e-03,1.234489e-09,5.071327e+00,4.234560e-04,8.837750e-05,1.580995e-04,6.886950e-05,9.956350e-05,
5.000000e-01,1024,1024,1024,OS2-accu-10,7.073146e-05,7.716693e-11,4.688338e+00,4.580480e-04,9.119700e-05,1.744380e-04,7.640450e-05,1.072125e-04,
5.000000e-01,1024,1024,1024,OS2-accu-11,6.420557e-06,4.824047e-12,4.351361e+00,4.935200e-04,9.181900e-05,1.936005e-04,8.413850e-05,1.148775e-04,
5.000000e-01,1024,1024,1024,OS2-accu-12,3.684799e-07,3.041149e-13,4.059086e+00,5.290560e-04,9.359750e-05,2.098825e-04,9.339650e-05,1.224615e-04,
5.000000e-01,1024,1024,1024,OS2-accu-13,3.607184e-08,2.374903e-14,3.735638e+00,5.748640e-04,1.060910e-04,2.288010e-04,1.005295e-04,1.303965e-04,
5.000000e-01,1024,1024,1024,OS2-accu-14,3.784941e-09,1.374828e-15,3.493980e+00,6.146240e-04,1.111600e-04,2.459100e-04,1.093815e-04,1.379260e-04,
5.000000e-01,1024,1024,1024,OS2-accu-15,9.399680e-11,7.078943e-17,3.318032e+00,6.472160e-04,1.116660e-04,2.641765e-04,1.161715e-04,1.457110e-04,
5.000000e-01,1024,1024,1024,OS2-accu-16,5.540734e-13,4.606214e-17,3.094285e+00,6.940160e-04,1.261135e-04,2.804655e-04,1.255265e-04,1.530295e-04,
5.000000e-01,1024,1024,1024,OS2-accu-17,1.149021e-14,4.541392e-17,2.945503e+00,7.290720e-04,1.278465e-04,2.991825e-04,1.322430e-04,1.606890e-04,
5.000000e-01,1024,1024,1024,OS2-accu-18,2.983118e-16,4.536032e-17,2.802391e+00,7.663040e-04,1.315335e-04,3.158560e-04,1.413020e-04,1.682335e-04,
5.000000e-01,1024,1024,2048,DGEMM,7.581235e-10,1.242672e-15,7.361173e-01,5.834624e-03,,,,,
5.000000e-01,1024,1024,2048,OS2-fast-9,2.406846e-03,7.364186e-09,8.495331e+00,5.055680e-04,1.134290e-04,2.131640e-04,7.034200e-05,9.949900e-05,
5.000000e-01,1024,1024,2048,OS2-fast-10,5.175687e-05,4.602042e-10,7.834101e+00,5.482400e-04,1.161445e-04,2.370780e-04,7.846900e-05,1.073680e-04,
5.000000e-01,1024,1024,2048,OS2-fast-11,2.157389e-05,2.872823e-11,7.222608e+00,5.946560e-04,1.219105e-04,2.611740e-04,8.677800e-05,1.153130e-04,
5.000000e-01,1024,1024,2048,OS2-fast-12,4.583717e-07,1.795274e-12,6.721473e+00,6.389920e-04,1.261785e-04,2.853940e-04,9.487500e-05,1.231580e-04,
5.000000e-01,1024,1024,2048,OS2-fast-13,6.807596e-09,1.120935e-13,6.302041e+00,6.815200e-04,1.298905e-04,3.092690e-04,1.025220e-04,1.310475e-04,
5.000000e-01,1024,1024,2048,OS2-fast-14,2.647218e-09,9.184142e-15,5.955703e+00,7.211520e-04,1.310580e-04,3.322925e-04,1.107020e-04,1.382960e-04,
5.000000e-01,1024,1024,2048,OS2-fast-15,4.952347e-10,7.646342e-16,5.618743e+00,7.644000e-04,1.350860e-04,3.560990e-04,1.183890e-04,1.459610e-04,
5.000000e-01,1024,1024,2048,OS2-fast-16,3.717558e-12,5.657014e-17,5.223496e+00,8.222400e-04,1.541170e-04,3.793490e-04,1.259865e-04,1.532200e-04,
5.000000e-01,1024,1024,2048,OS2-fast-17,4.947264e-13,4.562655e-17,4.968819e+00,8.643840e-04,1.577935e-04,4.033550e-04,1.333720e-04,1.607945e-04,
5.000000e-01,1024,1024,2048,OS2-fast-18,2.593768e-15,4.544303e-17,4.736149e+00,9.068480e-04,1.616260e-04,4.269570e-04,1.409215e-04,1.683590e-04,
5.000000e-01,1024,1024,2048,OS2-accu-9,1.457072e-03,1.834861e-09,7.785929e+00,5.516320e-04,1.599770e-04,2.129880e-04,6.992650e-05,9.964800e-05,
5.000000e-01,1024,1024,2048,OS2-accu-10,1.225178e-04,1.146970e-10,7.183565e+00,5.978880e-04,1.659635e-04,2.363605e-04,7.911050e-05,1.072475e-04,
5.000000e-01,1024,1024,2048,OS2-accu-11,1.011667e-05,7.170716e-12,6.710383e+00,6.400480e-04,1.692355e-04,2.600475e-04,8.628250e-05,1.149820e-04,
5.000000e-01,1024,1024,2048,OS2-accu-12,5.092687e-08,4.492573e-13,6.272589e+00,6.847200e-04,1.733330e-04,2.841160e-04,9.506100e-05,1.231080e-04,
5.000000e-01,1024,1024,2048,OS2-accu-13,2.207870e-08,3.753450e-14,5.850052e+00,7.341760e-04,1.824200e-04,3.093955e-04,1.023325e-04,1.312630e-04,
5.000000e-01,1024,1024,2048,OS2-accu-14,5.571513e-10,2.234149e-15,5.536007e+00,7.758240e-04,1.854555e-04,3.312285e-04,1.118115e-04,1.381715e-04,
5.000000e-01,1024,1024,2048,OS2-accu-15,2.388626e-11,9.413195e-17,5.214972e+00,8.235840e-04,1.950490e-04,3.560990e-04,1.176530e-04,1.457555e-04,
5.000000e-01,1024,1024,2048,OS2-accu-16,1.401501e-12,4.670732e-17,4.876832e+00,8.806880e-04,2.131830e-04,3.786505e-04,1.262900e-04,1.534600e-04,
5.000000e-01,1024,1024,2048,OS2-accu-17,1.412566e-14,4.547798e-17,4.651132e+00,9.234240e-04,2.182430e-04,4.032855e-04,1.321345e-04,1.609645e-04,
5.000000e-01,1024,1024,2048,OS2-accu-18,2.739154e-15,4.551213e-17,4.441060e+00,9.671040e-04,2.214135e-04,4.258350e-04,1.417210e-04,1.685030e-04,
5.000000e-01,1024,1024,4096,DGEMM,5.278447e-10,1.753151e-15,7.369660e-01,1.165581e-02,,,,,
5.000000e-01,1024,1024,4096,OS2-fast-9,1.491009e-02,8.649537e-09,1.203612e+01,7.136800e-04,2.162740e-04,3.184520e-04,7.046800e-05,9.973800e-05,
5.000000e-01,1024,1024,4096,OS2-fast-10,2.813549e-04,5.449320e-10,1.116922e+01,7.690720e-04,2.214540e-04,3.533070e-04,7.837000e-05,1.075285e-04,
5.000000e-01,1024,1024,4096,OS2-fast-11,8.102883e-05,6.707196e-11,1.033896e+01,8.308320e-04,2.319535e-04,3.887645e-04,8.642100e-05,1.149325e-04,
5.000000e-01,1024,1024,4096,OS2-fast-12,2.301744e-06,4.227444e-12,9.615656e+00,8.933280e-04,2.434005e-04,4.243985e-04,9.397200e-05,1.227370e-04,
5.000000e-01,1024,1024,4096,OS2-fast-13,3.189929e-07,2.637221e-13,8.987995e+00,9.557120e-04,2.545265e-04,4.596425e-04,1.023120e-04,1.303265e-04,
5.000000e-01,1024,1024,4096,OS2-fast-14,5.482721e-09,1.633644e-14,8.436193e+00,1.018224e-03,2.654720e-04,4.955625e-04,1.097740e-04,1.382110e-04,
5.000000e-01,1024,1024,4096,OS2-fast-15,2.375114e-10,9.136511e-16,7.942582e+00,1.081504e-03,2.778105e-04,5.306245e-04,1.178230e-04,1.457105e-04,
5.000000e-01,1024,1024,4096,OS2-fast-16,2.659894e-11,5.903976e-17,7.366909e+00,1.166016e-03,3.130020e-04,5.657160e-04,1.255335e-04,1.532850e-04,
5.000000e-01,1024,1024,4096,OS2-fast-17,5.926568e-13,4.603790e-17,6.981144e+00,1.230448e-03,3.255860e-04,6.010360e-04,1.340070e-04,1.613810e-04,
5.000000e-01,1024,1024,4096,OS2-fast-18,5.657821e-15,4.544502e-17,6.652428e+00,1.291248e-03,3.337560e-04,6.375645e-04,1.416890e-04,1.691600e-04,
5.000000e-01,1024,1024,4096,OS2-accu-9,7.117307e-04,2.470222e-09,1.011647e+01,8.491040e-04,3.514000e-04,3.187880e-04,7.017200e-05,9.994900e-05,
5.000000e-01,1024,1024,4096,OS2-accu-10,5.338250e-05,1.541702e-10,9.497097e+00,9.044800e-04,3.549510e-04,3.535275e-04,7.941400e-05,1.074830e-04,
5.000000e-01,1024,1024,4096,OS2-accu-11,5.433617e-06,9.655555e-12,8.886384e+00,9.666400e-04,3.684715e-04,3.894755e-04,8.572300e-05,1.150625e-04,
5.000000e-01,1024,1024,4096,OS2-accu-12,6.731831e-07,6.030044e-13,8.348821e+00,1.028880e-03,3.789165e-04,4.234035e-04,9.495000e-05,1.228020e-04,
5.000000e-01,1024,1024,4096,OS2-accu-13,7.213934e-08,6.557794e-14,7.853812e+00,1.093728e-03,3.905735e-04,4.601875e-04,1.022830e-04,1.305870e-04,
5.000000e-01,1024,1024,4096,OS2-accu-14,5.085994e-09,3.987238e-15,7.447748e+00,1.153360e-03,4.018295e-04,4.938440e-04,1.107800e-04,1.380860e-04,
5.000000e-01,1024,1024,4096,OS2-accu-15,6.426681e-11,1.737260e-16,7.049158e+00,1.218576e-03,4.155155e-04,5.308155e-04,1.179465e-04,1.457460e-04,
5.000000e-01,1024,1024,4096,OS2-accu-16,3.199502e-12,4.734128e-17,6.660351e+00,1.289712e-03,4.348225e-04,5.651640e-04,1.269080e-04,1.539310e-04,
5.000000e-01,1024,1024,4096,OS2-accu-17,4.526206e-14,4.547750e-17,6.343143e+00,1.354208e-03,4.478220e-04,6.027415e-04,1.335770e-04,1.617560e-04,
5.000000e-01,1024,1024,4096,OS2-accu-18,1.834873e-15,4.539836e-17,6.068875e+00,1.415408e-03,4.578210e-04,6.367090e-04,1.428470e-04,1.693050e-04,
5.000000e-01,1024,1024,8192,DGEMM,8.731094e-10,2.479911e-15,7.375375e-01,2.329355e-02,,,,,
5.000000e-01,1024,1024,8192,OS2-fast-9,4.197327e-03,1.930378e-08,1.399833e+01,1.227280e-03,5.177735e-04,5.299720e-04,7.051300e-05,9.989400e-05,
5.000000e-01,1024,1024,8192,OS2-fast-10,2.000548e-04,1.207726e-09,1.289424e+01,1.332368e-03,5.477855e-04,5.898260e-04,7.792500e-05,1.081095e-04,
5.000000e-01,1024,1024,8192,OS2-fast-11,1.970096e-05,7.537738e-11,1.201954e+01,1.429328e-03,5.703630e-04,6.481845e-04,8.581700e-05,1.156280e-04,
5.000000e-01,1024,1024,8192,OS2-fast-12,7.784494e-07,4.715444e-12,1.122327e+01,1.530736e-03,5.974295e-04,7.073080e-04,9.412800e-05,1.233940e-04,
5.000000e-01,1024,1024,8192,OS2-fast-13,7.325487e-08,2.948156e-13,1.056770e+01,1.625696e-03,6.190505e-04,7.657890e-04,1.015110e-04,1.311180e-04,
5.000000e-01,1024,1024,8192,OS2-fast-14,2.214826e-09,2.165290e-14,9.942975e+00,1.727840e-03,6.451500e-04,8.254310e-04,1.093715e-04,1.388330e-04,
5.000000e-01,1024,1024,8192,OS2-fast-15,4.074848e-10,2.182680e-15,9.406246e+00,1.826432e-03,6.706030e-04,8.839470e-04,1.171955e-04,1.463270e-04,
5.000000e-01,1024,1024,8192,OS2-fast-16,1.956644e-11,9.317967e-17,8.996052e+00,1.909712e-03,6.792695e-04,9.418060e-04,1.253970e-04,1.540315e-04,
5.000000e-01,1024,1024,8192,OS2-fast-17,4.100311e-13,4.608750e-17,8.548423e+00,2.009712e-03,7.033600e-04,1.001359e-03,1.332730e-04,1.616660e-04,
5.000000e-01,1024,1024,8192,OS2-fast-18,5.505978e-15,4.544061e-17,8.143477e+00,2.109648e-03,7.282370e-04,1.061712e-03,1.410970e-04,1.692700e-04,
5.000000e-01,1024,1024,8192,OS2-accu-9,8.656037e-04,4.780776e-09,1.212569e+01,1.416816e-03,7.059695e-04,5.313250e-04,7.035350e-05,1.005050e-04,
5.000000e-01,1024,1024,8192,OS2-accu-10,8.425858e-05,2.984921e-10,1.134051e+01,1.514912e-03,7.298305e-04,5.891295e-04,7.917500e-05,1.081400e-04,
5.000000e-01,1024,1024,8192,OS2-accu-11,2.758055e-06,1.864013e-11,1.064766e+01,1.613488e-03,7.550075e-04,6.488165e-04,8.618250e-05,1.157540e-04,
5.000000e-01,1024,1024,8192,OS2-accu-12,2.864709e-07,1.165695e-12,1.002588e+01,1.713552e-03,7.785820e-04,7.069760e-04,9.474300e-05,1.234380e-04,
5.000000e-01,1024,1024,8192,OS2-accu-13,2.532500e-08,7.579087e-14,9.483592e+00,1.811536e-03,8.050130e-04,7.666995e-04,1.015725e-04,1.311730e-04,
5.000000e-01,1024,1024,8192,OS2-accu-14,7.617360e-10,4.631918e-15,8.985362e+00,1.911984e-03,8.276350e-04,8.257865e-04,1.104780e-04,1.387930e-04,
5.000000e-01,1024,1024,8192,OS2-accu-15,8.214824e-11,2.034946e-16,8.552849e+00,2.008672e-03,8.511345e-04,8.848620e-04,1.173900e-04,1.464970e-04,
5.000000e-01,1024,1024,8192,OS2-accu-16,3.507716e-12,5.058381e-17,8.120075e+00,2.115728e-03,8.866365e-04,9.406995e-04,1.261755e-04,1.540670e-04,
5.000000e-01,1024,1024,8192,OS2-accu-17,3.479901e-14,4.547868e-17,7.748452e+00,2.217200e-03,9.125205e-04,1.001706e-03,1.328955e-04,1.618010e-04,
5.000000e-01,1024,1024,8192,OS2-accu-18,7.260418e-16,4.546076e-17,7.410073e+00,2.318448e-03,9.361605e-04,1.061583e-03,1.423280e-04,1.693505e-04,
5.000000e-01,1024,1024,16384,DGEMM,1.697979e-08,2.246311e-15,7.741858e-01,4.438177e-02,,,,,
5.000000e-01,1024,1024,16384,OS2-fast-9,2.467598e-02,2.012130e-08,1.523276e+01,2.255648e-03,1.116141e-03,9.590865e-04,7.017350e-05,1.005300e-04,
5.000000e-01,1024,1024,16384,OS2-fast-10,1.135601e-03,1.257367e-09,1.419627e+01,2.420336e-03,1.159393e-03,1.065149e-03,7.838350e-05,1.081400e-04,
5.000000e-01,1024,1024,16384,OS2-fast-11,3.364111e-04,1.571444e-10,1.325804e+01,2.591616e-03,1.210785e-03,1.169668e-03,8.615650e-05,1.156690e-04,
5.000000e-01,1024,1024,16384,OS2-fast-12,8.915338e-06,9.816388e-12,1.242541e+01,2.765280e-03,1.261791e-03,1.276592e-03,9.418450e-05,1.234630e-04,
5.000000e-01,1024,1024,16384,OS2-fast-13,1.986910e-06,6.133200e-13,1.170227e+01,2.936160e-03,1.313279e-03,1.381062e-03,1.018725e-04,1.311430e-04,
5.000000e-01,1024,1024,16384,OS2-fast-14,4.600247e-08,3.823519e-14,1.104758e+01,3.110160e-03,1.364905e-03,1.489337e-03,1.091770e-04,1.388525e-04,
5.000000e-01,1024,1024,16384,OS2-fast-15,3.949626e-09,2.276895e-15,1.048760e+01,3.276224e-03,1.409651e-03,1.593537e-03,1.172775e-04,1.463320e-04,
5.000000e-01,1024,1024,16384,OS2-fast-16,3.803373e-11,9.612029e-17,9.940857e+00,3.456416e-03,1.454420e-03,1.712059e-03,1.257830e-04,1.554740e-04,
5.000000e-01,1024,1024,16384,OS2-fast-17,9.426489e-12,4.740794e-17,9.466703e+00,3.629536e-03,1.507501e-03,1.815417e-03,1.327560e-04,1.633140e-04,
5.000000e-01,1024,1024,16384,OS2-fast-18,3.507141e-14,4.545184e-17,9.072367e+00,3.787296e-03,1.555637e-03,1.910444e-03,1.408765e-04,1.695460e-04,
5.000000e-01,1024,1024,16384,OS2-accu-9,1.926935e-02,5.035836e-09,1.299473e+01,2.644128e-03,1.506023e-03,9.592445e-04,7.006650e-05,1.007000e-04,
5.000000e-01,1024,1024,16384,OS2-accu-10,1.011274e-04,3.142462e-10,1.223812e+01,2.807600e-03,1.548043e-03,1.063786e-03,7.859200e-05,1.082350e-04,
5.000000e-01,1024,1024,16384,OS2-accu-11,6.912816e-06,1.966993e-11,1.154269e+01,2.976752e-03,1.596589e-03,1.168930e-03,8.614850e-05,1.158190e-04,
5.000000e-01,1024,1024,16384,OS2-accu-12,9.576564e-06,1.229836e-12,1.089220e+01,3.154528e-03,1.651880e-03,1.275022e-03,9.455300e-05,1.234330e-04,
5.000000e-01,1024,1024,16384,OS2-accu-13,2.205352e-07,1.498225e-13,1.033547e+01,3.324448e-03,1.703597e-03,1.380465e-03,1.014595e-04,1.312635e-04,
5.000000e-01,1024,1024,16384,OS2-accu-14,2.512647e-08,9.243415e-15,9.805951e+00,3.503968e-03,1.758586e-03,1.486621e-03,1.102185e-04,1.388430e-04,
5.000000e-01,1024,1024,16384,OS2-accu-15,1.713069e-09,4.718431e-16,9.363959e+00,3.669360e-03,1.804107e-03,1.592716e-03,1.168900e-04,1.465420e-04,
5.000000e-01,1024,1024,16384,OS2-accu-16,2.092905e-11,5.103996e-17,8.867853e+00,3.874640e-03,1.871549e-03,1.714051e-03,1.264500e-04,1.559450e-04,
5.000000e-01,1024,1024,16384,OS2-accu-17,6.259034e-13,4.547711e-17,8.473342e+00,4.055040e-03,1.922581e-03,1.828647e-03,1.327770e-04,1.641905e-04,
5.000000e-01,1024,1024,16384,OS2-accu-18,2.841905e-14,4.542092e-17,8.172173e+00,4.204480e-03,1.974970e-03,1.907747e-03,1.419135e-04,1.693800e-04,
5.000000e-01,1024,1024,32768,DGEMM,5.316674e-10,2.183587e-15,8.211496e-01,8.368691e-02,,,,,
5.000000e-01,1024,1024,32768,OS2-fast-9,4.518731e-03,4.098218e-08,1.626204e+01,4.225760e-03,2.229987e-03,1.813959e-03,7.318450e-05,1.004400e-04,
5.000000e-01,1024,1024,32768,OS2-fast-10,1.196993e-03,2.566061e-09,1.511780e+01,4.545600e-03,2.331223e-03,2.016655e-03,8.127850e-05,1.085455e-04,
5.000000e-01,1024,1024,32768,OS2-fast-11,4.343494e-05,1.603274e-10,1.411050e+01,4.870096e-03,2.424920e-03,2.231711e-03,8.984900e-05,1.168410e-04,
5.000000e-01,1024,1024,32768,OS2-fast-12,2.264342e-06,1.001993e-11,1.327529e+01,5.176496e-03,2.524900e-03,2.421195e-03,9.783600e-05,1.237240e-04,
5.000000e-01,1024,1024,32768,OS2-fast-13,8.181671e-08,6.265552e-13,1.250733e+01,5.494336e-03,2.620025e-03,2.626477e-03,1.062755e-04,1.319245e-04,
5.000000e-01,1024,1024,32768,OS2-fast-14,1.746276e-08,4.077970e-14,1.179855e+01,5.824400e-03,2.721511e-03,2.840051e-03,1.140200e-04,1.404050e-04,
5.000000e-01,1024,1024,32768,OS2-fast-15,7.746940e-10,4.769520e-15,1.119814e+01,6.136688e-03,2.814463e-03,3.034537e-03,1.225255e-04,1.472730e-04,
5.000000e-01,1024,1024,32768,OS2-fast-16,4.288526e-11,2.120332e-16,1.056362e+01,6.505296e-03,2.947539e-03,3.262314e-03,1.308555e-04,1.563955e-04,
5.000000e-01,1024,1024,32768,OS2-fast-17,6.647512e-13,4.752916e-17,1.003795e+01,6.845968e-03,3.069229e-03,3.462098e-03,1.387925e-04,1.640800e-04,
5.000000e-01,1024,1024,32768,OS2-fast-18,2.324073e-14,4.545592e-17,9.616668e+00,7.145872e-03,3.174448e-03,3.651932e-03,1.470700e-04,1.717395e-04,
5.000000e-01,1024,1024,32768,OS2-accu-9,1.264384e-03,5.134934e-09,1.334512e+01,5.149408e-03,3.147803e-03,1.815153e-03,7.340600e-05,1.007605e-04,
5.000000e-01,1024,1024,32768,OS2-accu-10,4.347497e-05,3.206681e-10,1.259484e+01,5.456160e-03,3.240543e-03,2.017665e-03,8.170500e-05,1.084500e-04,
5.000000e-01,1024,1024,32768,OS2-accu-11,4.787974e-06,2.005305e-11,1.188507e+01,5.782000e-03,3.343157e-03,2.223165e-03,9.024650e-05,1.162700e-04,
5.000000e-01,1024,1024,32768,OS2-accu-12,1.330597e-07,1.254414e-12,1.128007e+01,6.092112e-03,3.439344e-03,2.422460e-03,9.786000e-05,1.240645e-04,
5.000000e-01,1024,1024,32768,OS2-accu-13,2.148571e-08,1.500548e-13,1.071355e+01,6.414256e-03,3.539583e-03,2.628436e-03,1.064505e-04,1.319795e-04,
5.000000e-01,1024,1024,32768,OS2-accu-14,4.145133e-09,9.267490e-15,1.021553e+01,6.726960e-03,3.638330e-03,2.827372e-03,1.147310e-04,1.395340e-04,
5.000000e-01,1024,1024,32768,OS2-accu-15,8.748324e-11,4.987200e-16,9.743552e+00,7.052816e-03,3.736240e-03,3.036167e-03,1.231035e-04,1.476640e-04,
5.000000e-01,1024,1024,32768,OS2-accu-16,2.536922e-12,5.144255e-17,9.250773e+00,7.428512e-03,3.890362e-03,3.237736e-03,1.307520e-04,1.550285e-04,
5.000000e-01,1024,1024,32768,OS2-accu-17,3.274663e-14,4.554113e-17,8.840019e+00,7.773680e-03,4.014241e-03,3.449366e-03,1.385870e-04,1.640455e-04,
5.000000e-01,1024,1024,32768,OS2-accu-18,1.936251e-15,4.553163e-17,8.497045e+00,8.087456e-03,4.119822e-03,3.635069e-03,1.466280e-04,1.704225e-04,
5.000000e-01,1024,1024,65536,DGEMM,4.549734e-10,2.901515e-15,8.260689e-01,1.663771e-01,,,,,
5.000000e-01,1024,1024,65536,OS2-fast-9,4.628107e-03,4.242249e-08,1.740608e+01,7.896032e-03,4.441139e-03,3.272323e-03,7.391600e-05,1.006250e-04,
5.000000e-01,1024,1024,65536,OS2-fast-10,3.408502e-04,2.656516e-09,1.623159e+01,8.467376e-03,4.629596e-03,3.641839e-03,8.143350e-05,1.085455e-04,
5.000000e-01,1024,1024,65536,OS2-fast-11,3.902260e-05,3.317060e-10,1.519942e+01,9.042384e-03,4.823448e-03,4.002655e-03,9.007050e-05,1.159740e-04,
5.000000e-01,1024,1024,65536,OS2-fast-12,6.038224e-06,2.073065e-11,1.425457e+01,9.641744e-03,5.039035e-03,4.372195e-03,9.841650e-05,1.243300e-04,
5.000000e-01,1024,1024,65536,OS2-fast-13,1.527763e-07,1.293918e-12,1.339333e+01,1.026174e-02,5.254493e-03,4.737047e-03,1.071315e-04,1.320200e-04,
5.000000e-01,1024,1024,65536,OS2-fast-14,7.445640e-09,8.093214e-14,1.265364e+01,1.086162e-02,5.491290e-03,5.104454e-03,1.147155e-04,1.398895e-04,
5.000000e-01,1024,1024,65536,OS2-fast-15,8.035657e-10,4.934312e-15,1.207255e+01,1.138442e-02,5.638204e-03,5.467696e-03,1.235425e-04,1.471940e-04,
5.000000e-01,1024,1024,65536,OS2-fast-16,7.841658e-11,2.217175e-16,1.138921e+01,1.206747e-02,5.842860e-03,5.924339e-03,1.321955e-04,1.555140e-04,
5.000000e-01,1024,1024,65536,OS2-fast-17,4.033858e-12,5.186997e-17,1.082883e+01,1.269195e-02,6.094446e-03,6.308075e-03,1.410795e-04,1.630835e-04,
5.000000e-01,1024,1024,65536,OS2-fast-18,4.808591e-14,4.556426e-17,1.033103e+01,1.330350e-02,6.303166e-03,6.680206e-03,1.486065e-04,1.721755e-04,
5.000000e-01,1024,1024,65536,OS2-accu-9,2.131514e-03,9.841395e-09,1.410524e+01,9.743824e-03,6.276040e-03,3.284267e-03,7.404850e-05,1.011015e-04,
5.000000e-01,1024,1024,65536,OS2-accu-10,6.345160e-05,6.152776e-10,1.332306e+01,1.031587e-02,6.468503e-03,3.646744e-03,8.210600e-05,1.089665e-04,
5.000000e-01,1024,1024,65536,OS2-accu-11,1.451665e-05,3.841511e-11,1.259970e+01,1.090811e-02,6.681431e-03,4.011639e-03,9.012000e-05,1.166305e-04,
5.000000e-01,1024,1024,65536,OS2-accu-12,2.714915e-07,2.590648e-12,1.194367e+01,1.150726e-02,6.897345e-03,4.375391e-03,9.831050e-05,1.243705e-04,
5.000000e-01,1024,1024,65536,OS2-accu-13,1.266118e-08,1.619140e-13,1.137107e+01,1.208672e-02,7.100800e-03,4.738114e-03,1.073705e-04,1.319590e-04,
5.000000e-01,1024,1024,65536,OS2-accu-14,8.422553e-10,9.994899e-15,1.083578e+01,1.268381e-02,7.314073e-03,5.104953e-03,1.153040e-04,1.397840e-04,
5.000000e-01,1024,1024,65536,OS2-accu-15,5.946534e-11,5.199196e-16,1.040305e+01,1.321141e-02,7.460044e-03,5.472481e-03,1.229315e-04,1.473735e-04,
5.000000e-01,1024,1024,65536,OS2-accu-16,1.142644e-11,6.113564e-17,9.871877e+00,1.392227e-02,7.784573e-03,5.840948e-03,1.316895e-04,1.552085e-04,
5.000000e-01,1024,1024,65536,OS2-accu-17,6.124974e-14,4.565856e-17,9.486630e+00,1.448765e-02,7.980443e-03,6.191363e-03,1.404155e-04,1.625980e-04,
5.000000e-01,1024,1024,65536,OS2-accu-18,2.513852e-15,4.547420e-17,9.119272e+00,1.507126e-02,8.186643e-03,6.549782e-03,1.477660e-04,1.704625e-04,
5.000000e-01,2048,2048,1024,DGEMM,5.027804e-09,8.761553e-16,8.206789e-01,1.046686e-02,,,,,
5.000000e-01,2048,2048,1024,OS2-fast-9,5.278819e-02,3.120415e-09,8.545770e+00,1.005168e-03,1.161500e-04,4.057230e-04,9.758750e-05,3.765875e-04,
5.000000e-01,2048,2048,1024,OS2-fast-10,4.815438e-03,2.146883e-10,7.846810e+00,1.094704e-03,1.184290e-04,4.511335e-04,1.087050e-04,4.075760e-04,
5.000000e-01,2048,2048,1024,OS2-fast-11,1.602634e-04,2.260970e-11,7.248548e+00,1.185056e-03,1.228670e-04,4.960335e-04,1.194065e-04,4.374980e-04,
5.000000e-01,2048,2048,1024,OS2-fast-12,1.461884e-05,1.522737e-12,6.743424e+00,1.273824e-03,1.247160e-04,5.414980e-04,1.304015e-04,4.682750e-04,
5.000000e-01,2048,2048,1024,OS2-fast-13,1.725693e-06,9.507651e-14,6.276549e+00,1.368576e-03,1.278870e-04,5.889685e-04,1.422700e-04,5.004965e-04,
5.000000e-01,2048,2048,1024,OS2-fast-14,1.071909e-07,5.829296e-15,5.912220e+00,1.452912e-03,1.289840e-04,6.322370e-04,1.527085e-04,5.298320e-04,
5.000000e-01,2048,2048,1024,OS2-fast-15,4.556979e-09,2.735660e-16,5.567295e+00,1.542928e-03,1.327260e-04,6.768955e-04,1.644760e-04,5.595430e-04,
5.000000e-01,2048,2048,1024,OS2-fast-16,7.095061e-11,4.855353e-17,5.218774e+00,1.645968e-03,1.508150e-04,7.215290e-04,1.747545e-04,5.901260e-04,
5.000000e-01,2048,2048,1024,OS2-fast-17,1.802691e-12,4.559575e-17,4.943654e+00,1.737568e-03,1.547330e-04,7.666655e-04,1.856615e-04,6.207290e-04,
5.000000e-01,2048,2048,1024,OS2-fast-18,7.637148e-14,4.547316e-17,4.696129e+00,1.829152e-03,1.598475e-04,8.122000e-04,1.963985e-04,6.512365e-04,
5.000000e-01,2048,2048,1024,OS2-accu-9,1.340565e-02,1.233720e-09,7.864282e+00,1.092272e-03,2.038555e-04,4.053660e-04,9.730350e-05,3.766420e-04,
5.000000e-01,2048,2048,1024,OS2-accu-10,6.400746e-04,7.709401e-11,7.265321e+00,1.182320e-03,2.053680e-04,4.507380e-04,1.094970e-04,4.074250e-04,
5.000000e-01,2048,2048,1024,OS2-accu-11,4.884067e-05,4.818908e-12,6.740376e+00,1.274400e-03,2.122210e-04,4.960555e-04,1.193395e-04,4.376780e-04,
5.000000e-01,2048,2048,1024,OS2-accu-12,1.801684e-06,3.052863e-13,6.293325e+00,1.364928e-03,2.154320e-04,5.410640e-04,1.310040e-04,4.683610e-04,
5.000000e-01,2048,2048,1024,OS2-accu-13,3.615577e-07,2.363151e-14,5.886355e+00,1.459296e-03,2.217045e-04,5.864580e-04,1.428750e-04,4.993790e-04,
5.000000e-01,2048,2048,1024,OS2-accu-14,1.305723e-08,1.369580e-15,5.547677e+00,1.548384e-03,2.257725e-04,6.310075e-04,1.529160e-04,5.298870e-04,
5.000000e-01,2048,2048,1024,OS2-accu-15,1.103050e-09,7.051640e-17,5.228939e+00,1.642768e-03,2.331810e-04,6.763395e-04,1.646970e-04,5.596180e-04,
5.000000e-01,2048,2048,1024,OS2-accu-16,1.236897e-11,4.610404e-17,4.921132e+00,1.745520e-03,2.493060e-04,7.209340e-04,1.757130e-04,5.902820e-04,
5.000000e-01,2048,2048,1024,OS2-accu-17,3.203814e-13,4.547489e-17,4.653148e+00,1.846048e-03,2.585340e-04,7.688860e-04,1.864885e-04,6.225270e-04,
5.000000e-01,2048,2048,1024,OS2-accu-18,2.110429e-14,4.548713e-17,4.406722e+00,1.949280e-03,2.737430e-04,8.149220e-04,1.972485e-04,6.530750e-04,
5.000000e-01,2048,2048,2048,DGEMM,1.984224e-09,1.239087e-15,8.219656e-01,2.090096e-02,,,,,
5.000000e-01,2048,2048,2048,OS2-fast-9,7.458125e-03,7.366675e-09,1.310144e+01,1.311296e-03,2.051980e-04,6.208445e-04,9.999950e-05,3.764220e-04,
5.000000e-01,2048,2048,2048,OS2-fast-10,1.117866e-03,4.602467e-10,1.194506e+01,1.438240e-03,2.189495e-04,6.913010e-04,1.109190e-04,4.075860e-04,
5.000000e-01,2048,2048,2048,OS2-fast-11,3.912750e-05,2.878582e-11,1.102733e+01,1.557936e-03,2.281610e-04,7.604440e-04,1.225060e-04,4.377230e-04,
5.000000e-01,2048,2048,2048,OS2-fast-12,2.964383e-06,1.799294e-12,1.023040e+01,1.679296e-03,2.401345e-04,8.291290e-04,1.322200e-04,4.684510e-04,
5.000000e-01,2048,2048,2048,OS2-fast-13,2.199655e-07,1.122964e-13,9.512578e+00,1.806016e-03,2.541305e-04,8.989760e-04,1.444970e-04,4.993595e-04,
5.000000e-01,2048,2048,2048,OS2-fast-14,8.273946e-09,9.109365e-15,8.899126e+00,1.930512e-03,2.666790e-04,9.683730e-04,1.558865e-04,5.299575e-04,
5.000000e-01,2048,2048,2048,OS2-fast-15,1.127955e-09,7.639661e-16,8.376502e+00,2.050960e-03,2.777705e-04,1.036686e-03,1.669265e-04,5.596085e-04,
5.000000e-01,2048,2048,2048,OS2-fast-16,5.962523e-11,5.650540e-17,7.839019e+00,2.191584e-03,3.076370e-04,1.106092e-03,1.781455e-04,5.904720e-04,
5.000000e-01,2048,2048,2048,OS2-fast-17,7.653984e-13,4.561786e-17,7.413091e+00,2.317504e-03,3.228055e-04,1.175218e-03,1.894300e-04,6.208790e-04,
5.000000e-01,2048,2048,2048,OS2-fast-18,3.333447e-15,4.545917e-17,7.040653e+00,2.440096e-03,3.337810e-04,1.245400e-03,2.008365e-04,6.513570e-04,
5.000000e-01,2048,2048,2048,OS2-accu-9,8.214280e-04,1.837470e-09,1.145190e+01,1.500176e-03,3.930940e-04,6.212860e-04,1.001790e-04,3.765525e-04,
5.000000e-01,2048,2048,2048,OS2-accu-10,1.547149e-04,1.148097e-10,1.055814e+01,1.627168e-03,4.076210e-04,6.912535e-04,1.112870e-04,4.076965e-04,
5.000000e-01,2048,2048,2048,OS2-accu-11,9.230132e-06,7.183882e-12,9.817427e+00,1.749936e-03,4.203850e-04,7.605020e-04,1.226140e-04,4.377270e-04,
5.000000e-01,2048,2048,2048,OS2-accu-12,7.336073e-07,4.497702e-13,9.180105e+00,1.871424e-03,4.318820e-04,8.289465e-04,1.326770e-04,4.685160e-04,
5.000000e-01,2048,2048,2048,OS2-accu-13,3.135228e-08,3.751348e-14,8.602667e+00,1.997040e-03,4.447560e-04,8.988900e-04,1.444835e-04,4.994750e-04,
5.000000e-01,2048,2048,2048,OS2-accu-14,2.625034e-09,2.231874e-15,8.082180e+00,2.125648e-03,4.618930e-04,9.678910e-04,1.560950e-04,5.298920e-04,
5.000000e-01,2048,2048,2048,OS2-accu-15,1.366063e-10,9.397112e-17,7.644685e+00,2.247296e-03,4.737160e-04,1.037275e-03,1.670920e-04,5.596080e-04,
5.000000e-01,2048,2048,2048,OS2-accu-16,2.265976e-12,4.679266e-17,7.253836e+00,2.368384e-03,4.844315e-04,1.105871e-03,1.784525e-04,5.906370e-04,
5.000000e-01,2048,2048,2048,OS2-accu-17,3.332342e-14,4.545566e-17,6.895248e+00,2.491552e-03,4.977415e-04,1.174521e-03,1.897200e-04,6.207890e-04,
5.000000e-01,2048,2048,2048,OS2-accu-18,3.333447e-15,4.546097e-17,6.566104e+00,2.616448e-03,5.108060e-04,1.244017e-03,2.008505e-04,6.514170e-04,
5.000000e-01,2048,2048,4096,DGEMM,1.304674e-09,1.752226e-15,8.260972e-01,4.159285e-02,,,,,
5.000000e-01,2048,2048,4096,OS2-fast-9,5.658094e-03,8.687413e-09,1.554076e+01,2.210944e-03,4.587780e-04,1.266341e-03,1.004305e-04,3.766025e-04,
5.000000e-01,2048,2048,4096,OS2-fast-10,4.446494e-04,5.455288e-10,1.422485e+01,2.415472e-03,4.838600e-04,1.402329e-03,1.122580e-04,4.073610e-04,
5.000000e-01,2048,2048,4096,OS2-fast-11,5.326750e-05,6.743163e-11,1.308229e+01,2.626432e-03,5.117080e-04,1.546060e-03,1.229585e-04,4.377830e-04,
5.000000e-01,2048,2048,4096,OS2-fast-12,3.769710e-06,4.242782e-12,1.214036e+01,2.830208e-03,5.316455e-04,1.687317e-03,1.344230e-04,4.681250e-04,
5.000000e-01,2048,2048,4096,OS2-fast-13,1.666572e-07,2.651663e-13,1.132968e+01,3.032720e-03,5.538320e-04,1.825433e-03,1.457065e-04,4.990840e-04,
5.000000e-01,2048,2048,4096,OS2-fast-14,6.931560e-09,1.644690e-14,1.060093e+01,3.241200e-03,5.851920e-04,1.960057e-03,1.564565e-04,5.296020e-04,
5.000000e-01,2048,2048,4096,OS2-fast-15,7.569676e-10,9.189637e-16,9.983467e+00,3.441664e-03,6.059760e-04,2.099575e-03,1.680175e-04,5.592675e-04,
5.000000e-01,2048,2048,4096,OS2-fast-16,4.016086e-11,5.909281e-17,9.363429e+00,3.669568e-03,6.410930e-04,2.248383e-03,1.791985e-04,5.904510e-04,
5.000000e-01,2048,2048,4096,OS2-fast-17,1.913323e-12,4.604670e-17,8.881166e+00,3.868832e-03,6.696715e-04,2.379605e-03,1.903195e-04,6.205835e-04,
5.000000e-01,2048,2048,4096,OS2-fast-18,3.426209e-14,4.546079e-17,8.418434e+00,4.081488e-03,6.953400e-04,2.523529e-03,2.028970e-04,6.510410e-04,
5.000000e-01,2048,2048,4096,OS2-accu-9,1.629357e-03,2.474055e-09,1.334272e+01,2.575168e-03,8.207980e-04,1.267618e-03,1.010220e-04,3.764670e-04,
5.000000e-01,2048,2048,4096,OS2-accu-10,8.369239e-05,1.547783e-10,1.235286e+01,2.781520e-03,8.464610e-04,1.405568e-03,1.119620e-04,4.074605e-04,
5.000000e-01,2048,2048,4096,OS2-accu-11,5.548471e-06,9.667810e-12,1.148068e+01,2.992832e-03,8.738575e-04,1.546038e-03,1.237655e-04,4.378980e-04,
5.000000e-01,2048,2048,4096,OS2-accu-12,3.892375e-07,6.046331e-13,1.075258e+01,3.195488e-03,8.954585e-04,1.687352e-03,1.347200e-04,4.681600e-04,
5.000000e-01,2048,2048,4096,OS2-accu-13,9.333295e-08,6.576900e-14,1.010609e+01,3.399904e-03,9.206160e-04,1.824770e-03,1.458800e-04,4.990235e-04,
5.000000e-01,2048,2048,4096,OS2-accu-14,2.261430e-09,3.992538e-15,9.525786e+00,3.607024e-03,9.498260e-04,1.961794e-03,1.567220e-04,5.295965e-04,
5.000000e-01,2048,2048,4096,OS2-accu-15,3.775916e-10,1.745699e-16,9.017168e+00,3.810480e-03,9.711770e-04,2.102241e-03,1.679225e-04,5.594630e-04,
5.000000e-01,2048,2048,4096,OS2-accu-16,4.307499e-12,4.734266e-17,8.522674e+00,4.031568e-03,1.002321e-03,2.249446e-03,1.801520e-04,5.904420e-04,
5.000000e-01,2048,2048,4096,OS2-accu-17,1.015348e-13,4.546121e-17,8.122716e+00,4.230080e-03,1.030499e-03,2.378203e-03,1.902845e-04,6.205240e-04,
5.000000e-01,2048,2048,4096,OS2-accu-18,3.493050e-15,4.546301e-17,7.744457e+00,4.436688e-03,1.054585e-03,2.521047e-03,2.010750e-04,6.510410e-04,
5.000000e-01,2048,2048,8192,DGEMM,4.840446e-09,2.484389e-15,8.263936e-01,8.315587e-02,,,,,
5.000000e-01,2048,2048,8192,OS2-fast-9,2.690846e-02,1.945729e-08,1.890449e+01,3.635088e-03,1.010416e-03,2.137683e-03,1.006345e-04,3.765975e-04,
5.000000e-01,2048,2048,8192,OS2-fast-10,3.724878e-03,1.216101e-09,1.730648e+01,3.970736e-03,1.062599e-03,2.378006e-03,1.124120e-04,4.078270e-04,
5.000000e-01,2048,2048,8192,OS2-fast-11,1.562518e-04,7.601949e-11,1.593107e+01,4.313552e-03,1.121346e-03,2.621611e-03,1.234515e-04,4.375470e-04,
5.000000e-01,2048,2048,8192,OS2-fast-12,1.473790e-05,4.751172e-12,1.484745e+01,4.628368e-03,1.164332e-03,2.851679e-03,1.345740e-04,4.683650e-04,
5.000000e-01,2048,2048,8192,OS2-fast-13,1.041079e-06,2.969182e-13,1.381832e+01,4.973072e-03,1.214377e-03,3.103894e-03,1.460420e-04,4.992090e-04,
5.000000e-01,2048,2048,8192,OS2-fast-14,1.224888e-07,2.185489e-14,1.298362e+01,5.292784e-03,1.266956e-03,3.330980e-03,1.568065e-04,5.296160e-04,
5.000000e-01,2048,2048,8192,OS2-fast-15,6.531045e-09,2.198385e-15,1.218392e+01,5.640176e-03,1.310664e-03,3.592344e-03,1.685590e-04,5.592730e-04,
5.000000e-01,2048,2048,8192,OS2-fast-16,4.001868e-10,9.355240e-17,1.162288e+01,5.912432e-03,1.331714e-03,3.801498e-03,1.796560e-04,5.904665e-04,
5.000000e-01,2048,2048,8192,OS2-fast-17,4.449525e-12,4.607931e-17,1.102769e+01,6.231536e-03,1.370362e-03,4.035513e-03,1.915320e-04,6.222920e-04,
5.000000e-01,2048,2048,8192,OS2-fast-18,1.087727e-13,4.543630e-17,1.043686e+01,6.584304e-03,1.418928e-03,4.303375e-03,2.017900e-04,6.512065e-04,
5.000000e-01,2048,2048,8192,OS2-accu-9,7.387431e-03,4.806672e-09,1.646490e+01,4.173696e-03,1.549921e-03,2.137488e-03,1.007045e-04,3.764420e-04,
5.000000e-01,2048,2048,8192,OS2-accu-10,6.415698e-04,3.005811e-10,1.523492e+01,4.510656e-03,1.603553e-03,2.377697e-03,1.123610e-04,4.078010e-04,
5.000000e-01,2048,2048,8192,OS2-accu-11,3.348681e-05,1.878656e-11,1.415519e+01,4.854720e-03,1.660380e-03,2.624212e-03,1.239385e-04,4.376580e-04,
5.000000e-01,2048,2048,8192,OS2-accu-12,1.646787e-06,1.174893e-12,1.332099e+01,5.158736e-03,1.694620e-03,2.851758e-03,1.343230e-04,4.684860e-04,
5.000000e-01,2048,2048,8192,OS2-accu-13,2.064482e-07,7.584314e-14,1.249510e+01,5.499712e-03,1.739735e-03,3.105967e-03,1.460565e-04,4.991340e-04,
5.000000e-01,2048,2048,8192,OS2-accu-14,1.751170e-08,4.629523e-15,1.182310e+01,5.812304e-03,1.786248e-03,3.330283e-03,1.570365e-04,5.295265e-04,
5.000000e-01,2048,2048,8192,OS2-accu-15,1.001252e-09,2.031711e-16,1.114178e+01,6.167728e-03,1.831499e-03,3.597234e-03,1.688400e-04,5.594330e-04,
5.000000e-01,2048,2048,8192,OS2-accu-16,1.190859e-11,5.065192e-17,1.063303e+01,6.462832e-03,1.881143e-03,3.800113e-03,1.799855e-04,5.904620e-04,
5.000000e-01,2048,2048,8192,OS2-accu-17,3.263936e-13,4.548078e-17,1.012599e+01,6.786448e-03,1.922406e-03,4.037781e-03,1.909665e-04,6.237345e-04,
5.000000e-01,2048,2048,8192,OS2-accu-18,8.270141e-15,4.541595e-17,9.635113e+00,7.132192e-03,1.964020e-03,4.303582e-03,2.023220e-04,6.542675e-04,
5.000000e-01,2048,2048,16384,DGEMM,1.008869e-08,3.507426e-15,8.264965e-01,1.662910e-01,,,,,
5.000000e-01,2048,2048,16384,OS2-fast-9,2.410093e-02,2.008017e-08,2.120909e+01,6.480192e-03,2.149174e-03,3.845156e-03,1.006065e-04,3.767875e-04,
5.000000e-01,2048,2048,16384,OS2-fast-10,3.609192e-03,1.255160e-09,1.946480e+01,7.060896e-03,2.260185e-03,4.272295e-03,1.124870e-04,4.076710e-04,
5.000000e-01,2048,2048,16384,OS2-fast-11,2.013016e-04,1.569390e-10,1.795972e+01,7.652624e-03,2.370633e-03,4.711406e-03,1.235735e-04,4.377180e-04,
5.000000e-01,2048,2048,16384,OS2-fast-12,1.678849e-05,9.798277e-12,1.669092e+01,8.234352e-03,2.483943e-03,5.136711e-03,1.350355e-04,4.706900e-04,
5.000000e-01,2048,2048,16384,OS2-fast-13,1.119377e-06,6.128040e-13,1.559671e+01,8.812048e-03,2.592458e-03,5.564023e-03,1.457705e-04,5.016630e-04,
5.000000e-01,2048,2048,16384,OS2-fast-14,6.096730e-08,3.819550e-14,1.459811e+01,9.414848e-03,2.701985e-03,6.012622e-03,1.572470e-04,5.323265e-04,
5.000000e-01,2048,2048,16384,OS2-fast-15,5.705463e-09,2.271286e-15,1.377281e+01,9.979008e-03,2.810485e-03,6.425998e-03,1.691205e-04,5.622685e-04,
5.000000e-01,2048,2048,16384,OS2-fast-16,1.965895e-10,9.598564e-17,1.301190e+01,1.056256e-02,2.937400e-03,6.842449e-03,1.797735e-04,5.933170e-04,
5.000000e-01,2048,2048,16384,OS2-fast-17,5.944560e-12,4.745400e-17,1.231744e+01,1.115808e-02,3.054306e-03,7.281480e-03,1.910120e-04,6.238450e-04,
5.000000e-01,2048,2048,16384,OS2-fast-18,7.906229e-14,4.551366e-17,1.168616e+01,1.176083e-02,3.171784e-03,7.717260e-03,2.030785e-04,6.593165e-04,
5.000000e-01,2048,2048,16384,OS2-accu-9,9.113062e-03,5.025787e-09,1.825800e+01,7.527600e-03,3.185199e-03,3.854363e-03,1.009905e-04,3.786010e-04,
5.000000e-01,2048,2048,16384,OS2-accu-10,4.792253e-04,3.141893e-10,1.694070e+01,8.112944e-03,3.298593e-03,4.283256e-03,1.122615e-04,4.096150e-04,
5.000000e-01,2048,2048,16384,OS2-accu-11,3.541718e-05,1.963414e-11,1.581174e+01,8.692208e-03,3.404509e-03,4.715261e-03,1.234630e-04,4.395965e-04,
5.000000e-01,2048,2048,16384,OS2-accu-12,3.090426e-06,1.226850e-12,1.482498e+01,9.270768e-03,3.518439e-03,5.140922e-03,1.346550e-04,4.708600e-04,
5.000000e-01,2048,2048,16384,OS2-accu-13,2.312518e-07,1.498812e-13,1.394807e+01,9.853616e-03,3.628768e-03,5.566370e-03,1.462185e-04,5.018090e-04,
5.000000e-01,2048,2048,16384,OS2-accu-14,2.726170e-08,9.254747e-15,1.314382e+01,1.045654e-02,3.740674e-03,6.018678e-03,1.580785e-04,5.323765e-04,
5.000000e-01,2048,2048,16384,OS2-accu-15,7.089287e-10,4.729345e-16,1.247969e+01,1.101301e-02,3.843514e-03,6.430111e-03,1.690600e-04,5.625185e-04,
5.000000e-01,2048,2048,16384,OS2-accu-16,1.434287e-11,5.111651e-17,1.184649e+01,1.160166e-02,3.978434e-03,6.839474e-03,1.804315e-04,5.934320e-04,
5.000000e-01,2048,2048,16384,OS2-accu-17,5.826234e-13,4.553376e-17,1.127182e+01,1.219315e-02,4.094935e-03,7.272058e-03,1.917185e-04,6.238395e-04,
5.000000e-01,2048,2048,16384,OS2-accu-18,1.408225e-14,4.546245e-17,1.074986e+01,1.278518e-02,4.211956e-03,7.709445e-03,2.015265e-04,6.545025e-04,
5.000000e-01,2048,2048,32768,DGEMM,9.570977e-09,2.540094e-15,8.460894e-01,3.248804e-01,,,,,
5.000000e-01,2048,2048,32768,OS2-fast-9,7.600039e-02,4.090490e-08,2.309234e+01,1.190342e-02,4.296602e-03,7.117783e-03,1.009655e-04,3.785460e-04,
5.000000e-01,2048,2048,32768,OS2-fast-10,4.409100e-03,2.554360e-09,2.119485e+01,1.296909e-02,4.525009e-03,7.914839e-03,1.117655e-04,4.096750e-04,
5.000000e-01,2048,2048,32768,OS2-fast-11,1.042666e-03,1.598195e-10,1.959955e+01,1.402470e-02,4.730508e-03,8.722393e-03,1.230275e-04,4.399570e-04,
5.000000e-01,2048,2048,32768,OS2-fast-12,7.215822e-05,9.991171e-12,1.823154e+01,1.507706e-02,4.952547e-03,9.509643e-03,1.346710e-04,4.707610e-04,
5.000000e-01,2048,2048,32768,OS2-fast-13,1.895693e-06,6.238413e-13,1.703060e+01,1.614024e-02,5.175975e-03,1.030619e-02,1.461395e-04,5.018145e-04,
5.000000e-01,2048,2048,32768,OS2-fast-14,3.657262e-07,4.064209e-14,1.597808e+01,1.720344e-02,5.400024e-03,1.110514e-02,1.573785e-04,5.323470e-04,
5.000000e-01,2048,2048,32768,OS2-fast-15,1.624188e-08,4.749195e-15,1.505730e+01,1.825546e-02,5.603479e-03,1.191272e-02,1.690700e-04,5.622635e-04,
5.000000e-01,2048,2048,32768,OS2-fast-16,3.491004e-10,2.106461e-16,1.423453e+01,1.931064e-02,5.852169e-03,1.267460e-02,1.797640e-04,5.933675e-04,
5.000000e-01,2048,2048,32768,OS2-fast-17,3.444203e-11,4.758242e-17,1.347675e+01,2.039645e-02,6.085390e-03,1.348744e-02,1.910460e-04,6.238900e-04,
5.000000e-01,2048,2048,32768,OS2-fast-18,5.774979e-13,4.551411e-17,1.303243e+01,2.109184e-02,5.953095e-03,1.427060e-02,2.024320e-04,6.544425e-04,
5.000000e-01,2048,2048,32768,OS2-accu-9,2.826174e-02,5.110042e-09,1.940939e+01,1.416211e-02,6.531851e-03,7.142214e-03,1.006905e-04,3.785460e-04,
5.000000e-01,2048,2048,32768,OS2-accu-10,1.798000e-03,3.196200e-10,1.805936e+01,1.522080e-02,6.755077e-03,7.932810e-03,1.121570e-04,4.097000e-04,
5.000000e-01,2048,2048,32768,OS2-accu-11,1.506967e-04,1.997907e-11,1.689578e+01,1.626902e-02,6.963527e-03,8.736891e-03,1.235145e-04,4.400170e-04,
5.000000e-01,2048,2048,32768,OS2-accu-12,2.574521e-06,1.247745e-12,1.586694e+01,1.732394e-02,7.189534e-03,9.521114e-03,1.349245e-04,4.707010e-04,
5.000000e-01,2048,2048,32768,OS2-accu-13,3.535170e-07,1.501829e-13,1.495283e+01,1.838301e-02,7.408533e-03,1.031924e-02,1.462470e-04,5.017590e-04,
5.000000e-01,2048,2048,32768,OS2-accu-14,3.231343e-08,9.267659e-15,1.413022e+01,1.945320e-02,7.638358e-03,1.111699e-02,1.573900e-04,5.323520e-04,
5.000000e-01,2048,2048,32768,OS2-accu-15,1.460830e-09,4.961448e-16,1.333982e+01,2.060582e-02,7.852268e-03,1.201208e-02,1.685720e-04,5.681145e-04,
5.000000e-01,2048,2048,32768,OS2-accu-16,1.410127e-10,5.141200e-17,1.270365e+01,2.163771e-02,8.127303e-03,1.273265e-02,1.801495e-04,5.964535e-04,
5.000000e-01,2048,2048,32768,OS2-accu-17,2.013100e-13,4.560110e-17,1.213179e+01,2.265765e-02,8.366280e-03,1.346958e-02,1.917240e-04,6.238350e-04,
5.000000e-01,2048,2048,32768,OS2-accu-18,2.411713e-14,4.549141e-17,1.174782e+01,2.339821e-02,8.249609e-03,1.428066e-02,2.029740e-04,6.544680e-04,
5.000000e-01,2048,2048,65536,DGEMM,1.781933e-08,3.305834e-15,8.374540e-01,6.564609e-01,,,,,
5.000000e-01,2048,2048,65536,OS2-fast-9,1.050752e-01,4.228624e-08,2.406031e+01,2.284907e-02,8.684549e-03,1.367931e-02,1.007700e-04,3.769130e-04,
5.000000e-01,2048,2048,65536,OS2-fast-10,5.658315e-03,2.641585e-09,2.202590e+01,2.495952e-02,9.203301e-03,1.523506e-02,1.118155e-04,4.085925e-04,
5.000000e-01,2048,2048,65536,OS2-fast-11,6.654010e-04,3.303975e-10,2.031883e+01,2.705646e-02,9.712442e-03,1.676396e-02,1.233530e-04,4.399620e-04,
5.000000e-01,2048,2048,65536,OS2-fast-12,4.534980e-05,2.065541e-11,1.887538e+01,2.912555e-02,1.020926e-02,1.830361e-02,1.344345e-04,4.705900e-04,
5.000000e-01,2048,2048,65536,OS2-fast-13,1.106400e-06,1.289495e-12,1.764254e+01,3.116082e-02,1.064901e-02,1.984671e-02,1.461760e-04,5.017990e-04,
5.000000e-01,2048,2048,65536,OS2-fast-14,1.717425e-07,8.054339e-14,1.658912e+01,3.313954e-02,1.101797e-02,2.144795e-02,1.565150e-04,5.325070e-04,
5.000000e-01,2048,2048,65536,OS2-fast-15,5.323397e-09,4.914983e-15,1.566767e+01,3.508854e-02,1.137219e-02,2.297990e-02,1.682735e-04,5.622480e-04,
5.000000e-01,2048,2048,65536,OS2-fast-16,3.341463e-10,2.205692e-16,1.470392e+01,3.738838e-02,1.182995e-02,2.478007e-02,1.796750e-04,5.935470e-04,
5.000000e-01,2048,2048,65536,OS2-fast-17,4.179402e-11,5.183295e-17,1.394804e+01,3.941454e-02,1.226954e-02,2.632381e-02,1.914315e-04,6.239050e-04,
5.000000e-01,2048,2048,65536,OS2-fast-18,3.219059e-13,4.553322e-17,1.330109e+01,4.133163e-02,1.271427e-02,2.774810e-02,2.019210e-04,6.545080e-04,
5.000000e-01,2048,2048,65536,OS2-accu-9,1.417546e-02,9.839409e-09,2.008343e+01,2.737360e-02,1.312286e-02,1.375950e-02,1.009150e-04,3.788070e-04,
5.000000e-01,2048,2048,65536,OS2-accu-10,1.755491e-03,6.153941e-10,1.865988e+01,2.946192e-02,1.362953e-02,1.529401e-02,1.125685e-04,4.095650e-04,
5.000000e-01,2048,2048,65536,OS2-accu-11,3.272436e-05,3.841606e-11,1.742055e+01,3.155789e-02,1.414441e-02,1.682715e-02,1.235540e-04,4.401070e-04,
5.000000e-01,2048,2048,65536,OS2-accu-12,2.335537e-06,2.579831e-12,1.634096e+01,3.364282e-02,1.464303e-02,1.836234e-02,1.341645e-04,4.706045e-04,
5.000000e-01,2048,2048,65536,OS2-accu-13,2.443424e-07,1.610757e-13,1.542266e+01,3.564598e-02,1.508136e-02,1.990053e-02,1.457020e-04,5.017140e-04,
5.000000e-01,2048,2048,65536,OS2-accu-14,1.138894e-08,9.953462e-15,1.462001e+01,3.760298e-02,1.545779e-02,2.143410e-02,1.571410e-04,5.323470e-04,
5.000000e-01,2048,2048,65536,OS2-accu-15,8.614258e-10,5.177709e-16,1.388736e+01,3.958677e-02,1.580440e-02,2.303100e-02,1.685885e-04,5.623435e-04,
5.000000e-01,2048,2048,65536,OS2-accu-16,1.143153e-10,6.106614e-17,1.321578e+01,4.159845e-02,1.628442e-02,2.451880e-02,1.794020e-04,5.934280e-04,
5.000000e-01,2048,2048,65536,OS2-accu-17,5.175332e-13,4.566915e-17,1.262561e+01,4.354289e-02,1.672037e-02,2.599176e-02,1.905305e-04,6.238765e-04,
5.000000e-01,2048,2048,65536,OS2-accu-18,2.599634e-14,4.542434e-17,1.207809e+01,4.551678e-02,1.717131e-02,2.746779e-02,2.023340e-04,6.544590e-04,
5.000000e-01,4096,4096,1024,DGEMM,6.634738e-09,8.757736e-16,8.366815e-01,4.106669e-02,,,,,
5.000000e-01,4096,4096,1024,OS2-fast-9,3.666134e-02,3.132296e-09,1.033105e+01,3.325872e-03,2.111395e-04,1.147503e-03,4.750440e-04,1.483183e-03,
5.000000e-01,4096,4096,1024,OS2-fast-10,8.439462e-04,2.139911e-10,9.405711e+00,3.653072e-03,2.187390e-04,1.275997e-03,5.435040e-04,1.605690e-03,
5.000000e-01,4096,4096,1024,OS2-fast-11,2.251951e-04,2.270727e-11,8.723155e+00,3.938912e-03,2.312280e-04,1.402755e-03,5.706445e-04,1.725522e-03,
5.000000e-01,4096,4096,1024,OS2-fast-12,2.721660e-05,1.528836e-12,8.043402e+00,4.271792e-03,2.460605e-04,1.529928e-03,6.397295e-04,1.847994e-03,
5.000000e-01,4096,4096,1024,OS2-fast-13,7.626175e-07,9.542622e-14,7.514280e+00,4.572592e-03,2.596060e-04,1.657163e-03,6.755675e-04,1.970631e-03,
5.000000e-01,4096,4096,1024,OS2-fast-14,4.411213e-08,5.854270e-15,6.992032e+00,4.914128e-03,2.762030e-04,1.783512e-03,7.526145e-04,2.092172e-03,
5.000000e-01,4096,4096,1024,OS2-fast-15,9.844257e-10,2.749988e-16,6.609432e+00,5.198592e-03,2.862920e-04,1.913599e-03,7.769245e-04,2.212108e-03,
5.000000e-01,4096,4096,1024,OS2-fast-16,7.824102e-11,4.856796e-17,6.204215e+00,5.538128e-03,3.101225e-04,2.040731e-03,8.425695e-04,2.335061e-03,
5.000000e-01,4096,4096,1024,OS2-fast-17,1.185121e-12,4.557374e-17,5.884516e+00,5.839008e-03,3.201515e-04,2.166181e-03,8.878515e-04,2.455890e-03,
5.000000e-01,4096,4096,1024,OS2-fast-18,2.395932e-14,4.543984e-17,5.591503e+00,6.144992e-03,3.287025e-04,2.291090e-03,9.386955e-04,2.577450e-03,
5.000000e-01,4096,4096,1024,OS2-accu-9,5.007919e-03,1.233630e-09,9.385732e+00,3.660848e-03,5.472860e-04,1.146562e-03,4.747035e-04,1.483198e-03,
5.000000e-01,4096,4096,1024,OS2-accu-10,3.514104e-04,7.711750e-11,8.602563e+00,3.994128e-03,5.577555e-04,1.276507e-03,5.447055e-04,1.605966e-03,
5.000000e-01,4096,4096,1024,OS2-accu-11,2.120975e-05,4.821270e-12,8.025636e+00,4.281248e-03,5.737215e-04,1.401985e-03,5.707950e-04,1.725317e-03,
5.000000e-01,4096,4096,1024,OS2-accu-12,2.069418e-06,3.074354e-13,7.439079e+00,4.618816e-03,5.903880e-04,1.530850e-03,6.392545e-04,1.848224e-03,
5.000000e-01,4096,4096,1024,OS2-accu-13,2.154039e-07,2.374655e-14,6.982983e+00,4.920496e-03,6.078310e-04,1.657123e-03,6.761645e-04,1.970591e-03,
5.000000e-01,4096,4096,1024,OS2-accu-14,5.283621e-09,1.374419e-15,6.528496e+00,5.263040e-03,6.247530e-04,1.782925e-03,7.537410e-04,2.092312e-03,
5.000000e-01,4096,4096,1024,OS2-accu-15,1.485579e-10,7.074920e-17,6.193979e+00,5.547280e-03,6.373515e-04,1.911923e-03,7.767825e-04,2.212033e-03,
5.000000e-01,4096,4096,1024,OS2-accu-16,4.003968e-12,4.610715e-17,5.852634e+00,5.870816e-03,6.438825e-04,2.039352e-03,8.419165e-04,2.335286e-03,
5.000000e-01,4096,4096,1024,OS2-accu-17,2.260153e-13,4.545746e-17,5.568940e+00,6.169888e-03,6.524190e-04,2.163576e-03,8.878875e-04,2.456000e-03,
5.000000e-01,4096,4096,1024,OS2-accu-18,3.448573e-15,4.543644e-17,5.304682e+00,6.477248e-03,6.619415e-04,2.290919e-03,9.388225e-04,2.577259e-03,
5.000000e-01,4096,4096,2048,DGEMM,6.407430e-08,1.240631e-15,8.252498e-01,8.327112e-02,,,,,
5.000000e-01,4096,4096,2048,OS2-fast-9,4.883272e-01,7.402298e-09,1.572747e+01,4.369392e-03,4.496905e-04,1.903736e-03,5.255945e-04,1.481457e-03,
5.000000e-01,4096,4096,2048,OS2-fast-10,2.601209e-02,4.626361e-10,1.432095e+01,4.798528e-03,4.722380e-04,2.115240e-03,5.953415e-04,1.605612e-03,
5.000000e-01,4096,4096,2048,OS2-fast-11,1.491623e-03,2.892354e-11,1.318547e+01,5.211760e-03,4.995345e-04,2.326720e-03,6.495480e-04,1.726350e-03,
5.000000e-01,4096,4096,2048,OS2-fast-12,4.174121e-05,1.807223e-12,1.219929e+01,5.633072e-03,5.209955e-04,2.539837e-03,7.154845e-04,1.847855e-03,
5.000000e-01,4096,4096,2048,OS2-fast-13,1.260291e-05,1.128191e-13,1.137059e+01,6.043616e-03,5.425060e-04,2.749330e-03,7.717755e-04,1.970402e-03,
5.000000e-01,4096,4096,2048,OS2-fast-14,8.011972e-07,9.165687e-15,1.063624e+01,6.460880e-03,5.672130e-04,2.962460e-03,8.301890e-04,2.092062e-03,
5.000000e-01,4096,4096,2048,OS2-fast-15,4.796974e-08,7.686697e-16,1.000565e+01,6.868064e-03,5.893195e-04,3.173525e-03,8.836360e-04,2.211933e-03,
5.000000e-01,4096,4096,2048,OS2-fast-16,2.182555e-09,5.657875e-17,9.403281e+00,7.308032e-03,6.294960e-04,3.385720e-03,9.488230e-04,2.335151e-03,
5.000000e-01,4096,4096,2048,OS2-fast-17,1.005844e-11,4.564186e-17,8.906988e+00,7.715232e-03,6.531120e-04,3.590403e-03,1.005344e-03,2.456327e-03,
5.000000e-01,4096,4096,2048,OS2-fast-18,1.442747e-12,4.547027e-17,8.448257e+00,8.134160e-03,6.751885e-04,3.805222e-03,1.066900e-03,2.577276e-03,
5.000000e-01,4096,4096,2048,OS2-accu-9,1.703590e-01,1.843995e-09,1.401372e+01,4.903728e-03,9.819300e-04,1.904263e-03,5.261075e-04,1.481561e-03,
5.000000e-01,4096,4096,2048,OS2-accu-10,2.718437e-03,1.153064e-10,1.287144e+01,5.338912e-03,1.012232e-03,2.116443e-03,5.961195e-04,1.605531e-03,
5.000000e-01,4096,4096,2048,OS2-accu-11,1.437430e-03,7.208063e-12,1.196346e+01,5.744112e-03,1.031368e-03,2.327778e-03,6.494750e-04,1.726269e-03,
5.000000e-01,4096,4096,2048,OS2-accu-12,2.459183e-05,4.515780e-13,1.115084e+01,6.162720e-03,1.050059e-03,2.541218e-03,7.151540e-04,1.848015e-03,
5.000000e-01,4096,4096,2048,OS2-accu-13,7.686524e-07,3.757188e-14,1.046333e+01,6.567648e-03,1.066560e-03,2.749771e-03,7.720915e-04,1.970477e-03,
5.000000e-01,4096,4096,2048,OS2-accu-14,1.291837e-07,2.233302e-15,9.830707e+00,6.990288e-03,1.094673e-03,2.963422e-03,8.296745e-04,2.092177e-03,
5.000000e-01,4096,4096,2048,OS2-accu-15,4.078086e-09,9.414409e-17,9.293308e+00,7.394512e-03,1.115127e-03,3.173489e-03,8.837795e-04,2.212099e-03,
5.000000e-01,4096,4096,2048,OS2-accu-16,6.830034e-10,4.680817e-17,8.776721e+00,7.829744e-03,1.152929e-03,3.383653e-03,9.487575e-04,2.335373e-03,
5.000000e-01,4096,4096,2048,OS2-accu-17,8.043964e-12,4.548650e-17,8.352864e+00,8.227056e-03,1.164696e-03,3.590325e-03,1.006021e-03,2.456141e-03,
5.000000e-01,4096,4096,2048,OS2-accu-18,2.542078e-13,4.546324e-17,7.945374e+00,8.648992e-03,1.192263e-03,3.803531e-03,1.066530e-03,2.577241e-03,
5.000000e-01,4096,4096,4096,DGEMM,5.436761e-09,1.754166e-15,8.429576e-01,1.630437e-01,,,,,
5.000000e-01,4096,4096,4096,OS2-fast-9,3.253472e-02,8.778343e-09,2.157863e+01,6.369216e-03,9.303770e-04,3.383148e-03,5.661370e-04,1.481185e-03,
5.000000e-01,4096,4096,4096,OS2-fast-10,1.531061e-03,5.525659e-10,1.964159e+01,6.997344e-03,9.861605e-04,3.761629e-03,6.345860e-04,1.605436e-03,
5.000000e-01,4096,4096,4096,OS2-fast-11,1.308076e-04,6.815395e-11,1.810240e+01,7.592304e-03,1.021177e-03,4.134378e-03,7.008420e-04,1.726185e-03,
5.000000e-01,4096,4096,4096,OS2-fast-12,1.210899e-05,4.287968e-12,1.672837e+01,8.215920e-03,1.086625e-03,4.518786e-03,7.518205e-04,1.848361e-03,
5.000000e-01,4096,4096,4096,OS2-fast-13,2.978591e-07,2.678430e-13,1.561417e+01,8.802192e-03,1.111908e-03,4.888576e-03,8.209225e-04,1.970783e-03,
5.000000e-01,4096,4096,4096,OS2-fast-14,5.430017e-08,1.663079e-14,1.460916e+01,9.407728e-03,1.164207e-03,5.265199e-03,8.775520e-04,2.092012e-03,
5.000000e-01,4096,4096,4096,OS2-fast-15,6.561759e-09,9.295808e-16,1.370425e+01,1.002893e-02,1.212709e-03,5.639597e-03,9.565200e-04,2.211903e-03,
5.000000e-01,4096,4096,4096,OS2-fast-16,8.790985e-11,5.927077e-17,1.291805e+01,1.063930e-02,1.266641e-03,6.023658e-03,1.001815e-03,2.335387e-03,
5.000000e-01,4096,4096,4096,OS2-fast-17,4.469712e-12,4.602701e-17,1.220950e+01,1.125672e-02,1.319431e-03,6.394793e-03,1.067608e-03,2.468474e-03,
5.000000e-01,4096,4096,4096,OS2-fast-18,2.858203e-14,4.546632e-17,1.157722e+01,1.187150e-02,1.368203e-03,6.774700e-03,1.137283e-03,2.590895e-03,
5.000000e-01,4096,4096,4096,OS2-accu-9,1.149792e-02,2.475175e-09,1.894648e+01,7.254064e-03,1.810805e-03,3.386298e-03,5.666365e-04,1.481247e-03,
5.000000e-01,4096,4096,4096,OS2-accu-10,2.390294e-04,1.547823e-10,1.742723e+01,7.886448e-03,1.872737e-03,3.764531e-03,6.344905e-04,1.605537e-03,
5.000000e-01,4096,4096,4096,OS2-accu-11,1.639445e-05,9.672775e-12,1.620694e+01,8.480256e-03,1.904648e-03,4.137565e-03,7.022530e-04,1.726100e-03,
5.000000e-01,4096,4096,4096,OS2-accu-12,1.905630e-06,6.045554e-13,1.510313e+01,9.100032e-03,1.969019e-03,4.521751e-03,7.519875e-04,1.848190e-03,
5.000000e-01,4096,4096,4096,OS2-accu-13,9.760086e-08,6.647010e-14,1.417684e+01,9.694608e-03,1.993881e-03,4.894791e-03,8.206420e-04,1.973473e-03,
5.000000e-01,4096,4096,4096,OS2-accu-14,1.183142e-08,4.040998e-15,1.334830e+01,1.029637e-02,2.046410e-03,5.268841e-03,8.784420e-04,2.092082e-03,
5.000000e-01,4096,4096,4096,OS2-accu-15,1.287827e-09,1.765102e-16,1.256533e+01,1.093795e-02,2.097177e-03,5.650412e-03,9.570360e-04,2.223411e-03,
5.000000e-01,4096,4096,4096,OS2-accu-16,1.477042e-11,4.735049e-17,1.192162e+01,1.152854e-02,2.142207e-03,6.029650e-03,1.001358e-03,2.346598e-03,
5.000000e-01,4096,4096,4096,OS2-accu-17,1.332488e-13,4.547826e-17,1.132414e+01,1.213682e-02,2.199731e-03,6.394931e-03,1.068628e-03,2.468775e-03,
5.000000e-01,4096,4096,4096,OS2-accu-18,4.098833e-15,4.543232e-17,1.078051e+01,1.274883e-02,2.251589e-03,6.766834e-03,1.136966e-03,2.582470e-03,
5.000000e-01,4096,4096,8192,DGEMM,8.125472e-08,2.480229e-15,8.432024e-01,3.259928e-01,,,,,
5.000000e-01,4096,4096,8192,OS2-fast-9,6.318654e-01,1.943242e-08,2.604380e+01,1.055445e-02,2.032299e-03,6.385171e-03,6.379010e-04,1.489172e-03,
5.000000e-01,4096,4096,8192,OS2-fast-10,5.291862e-02,1.214426e-09,2.377642e+01,1.156094e-02,2.131752e-03,7.085588e-03,7.241745e-04,1.613242e-03,
5.000000e-01,4096,4096,8192,OS2-fast-11,7.613740e-04,7.589332e-11,2.190782e+01,1.254702e-02,2.204705e-03,7.809487e-03,7.882410e-04,1.734846e-03,
5.000000e-01,4096,4096,8192,OS2-fast-12,1.859787e-04,4.745453e-12,2.023899e+01,1.358160e-02,2.326971e-03,8.516417e-03,8.680180e-04,1.857619e-03,
5.000000e-01,4096,4096,8192,OS2-fast-13,5.765074e-06,2.964020e-13,1.882855e+01,1.459899e-02,2.448121e-03,9.218998e-03,9.414360e-04,1.980336e-03,
5.000000e-01,4096,4096,8192,OS2-fast-14,3.068918e-07,2.173830e-14,1.761021e+01,1.560901e-02,2.554908e-03,9.942181e-03,9.998295e-04,2.102898e-03,
5.000000e-01,4096,4096,8192,OS2-fast-15,6.980845e-08,2.195115e-15,1.655947e+01,1.659944e-02,2.641571e-03,1.064793e-02,1.077327e-03,2.222985e-03,
5.000000e-01,4096,4096,8192,OS2-fast-16,2.425902e-09,9.338084e-17,1.563735e+01,1.757829e-02,2.657843e-03,1.142550e-02,1.142534e-03,2.346859e-03,
5.000000e-01,4096,4096,8192,OS2-fast-17,4.726040e-11,4.611438e-17,1.480205e+01,1.857026e-02,2.759640e-03,1.212483e-02,1.202911e-03,2.468624e-03,
5.000000e-01,4096,4096,8192,OS2-fast-18,2.874523e-12,4.545779e-17,1.401538e+01,1.961259e-02,2.852897e-03,1.284919e-02,1.283644e-03,2.618242e-03,
5.000000e-01,4096,4096,8192,OS2-accu-9,4.355627e-02,4.807326e-09,2.303846e+01,1.193126e-02,3.400683e-03,6.394361e-03,6.377005e-04,1.489062e-03,
5.000000e-01,4096,4096,8192,OS2-accu-10,7.620558e-03,3.005158e-10,2.123486e+01,1.294466e-02,3.503727e-03,7.093513e-03,7.238685e-04,1.613487e-03,
5.000000e-01,4096,4096,8192,OS2-accu-11,8.573759e-04,1.877700e-11,1.975013e+01,1.391778e-02,3.569632e-03,7.813001e-03,7.884610e-04,1.734531e-03,
5.000000e-01,4096,4096,8192,OS2-accu-12,3.067970e-05,1.174096e-12,1.840078e+01,1.493838e-02,3.682140e-03,8.518317e-03,8.684720e-04,1.857468e-03,
5.000000e-01,4096,4096,8192,OS2-accu-13,2.867225e-06,7.576923e-14,1.723174e+01,1.595184e-02,3.796451e-03,9.223773e-03,9.421880e-04,1.980637e-03,
5.000000e-01,4096,4096,8192,OS2-accu-14,1.137429e-07,4.620026e-15,1.621591e+01,1.695112e-02,3.893399e-03,9.945188e-03,1.000142e-03,2.102823e-03,
5.000000e-01,4096,4096,8192,OS2-accu-15,6.443376e-09,2.027626e-16,1.532481e+01,1.793678e-02,3.975640e-03,1.065127e-02,1.077994e-03,2.223235e-03,
5.000000e-01,4096,4096,8192,OS2-accu-16,2.765167e-10,5.068638e-17,1.452823e+01,1.892026e-02,4.069117e-03,1.134883e-02,1.143787e-03,2.346834e-03,
5.000000e-01,4096,4096,8192,OS2-accu-17,4.643449e-12,4.552558e-17,1.373274e+01,2.001624e-02,4.180117e-03,1.212812e-02,1.204080e-03,2.494894e-03,
5.000000e-01,4096,4096,8192,OS2-accu-18,6.844331e-13,4.545081e-17,1.314875e+01,2.090525e-02,4.270728e-03,1.274976e-02,1.284034e-03,2.591397e-03,
5.000000e-01,4096,4096,16384,DGEMM,1.145334e-07,3.506080e-15,8.434651e-01,6.517826e-01,,,,,
5.000000e-01,4096,4096,16384,OS2-fast-9,6.259316e-01,2.003956e-08,2.911095e+01,1.888485e-02,4.269621e-03,1.241869e-02,6.973200e-04,1.488315e-03,
5.000000e-01,4096,4096,16384,OS2-fast-10,5.604139e-02,1.252816e-09,2.645089e+01,2.078402e-02,4.481902e-03,1.390823e-02,7.750240e-04,1.612901e-03,
5.000000e-01,4096,4096,16384,OS2-fast-11,2.682671e-03,1.565792e-10,2.415561e+01,2.275893e-02,4.701523e-03,1.543854e-02,8.536200e-04,1.752455e-03,
5.000000e-01,4096,4096,16384,OS2-fast-12,1.167279e-04,9.785793e-12,2.247581e+01,2.445989e-02,4.789329e-03,1.687271e-02,9.306360e-04,1.857133e-03,
5.000000e-01,4096,4096,16384,OS2-fast-13,1.288558e-05,6.115447e-13,2.088434e+01,2.632382e-02,4.983556e-03,1.834150e-02,1.008338e-03,1.980657e-03,
5.000000e-01,4096,4096,16384,OS2-fast-14,2.173946e-07,3.810171e-14,1.949321e+01,2.820243e-02,5.188233e-03,1.981173e-02,1.088734e-03,2.102963e-03,
5.000000e-01,4096,4096,16384,OS2-fast-15,5.968079e-08,2.267681e-15,1.826451e+01,3.009968e-02,5.388743e-03,2.130801e-02,1.159539e-03,2.222704e-03,
5.000000e-01,4096,4096,16384,OS2-fast-16,2.542776e-09,9.569295e-17,1.716387e+01,3.202983e-02,5.632654e-03,2.279418e-02,1.241513e-03,2.346854e-03,
5.000000e-01,4096,4096,16384,OS2-fast-17,3.518473e-10,4.743335e-17,1.622053e+01,3.389259e-02,5.848061e-03,2.423801e-02,1.320738e-03,2.469000e-03,
5.000000e-01,4096,4096,16384,OS2-fast-18,2.925722e-12,4.550145e-17,1.544548e+01,3.559331e-02,6.057993e-03,2.553586e-02,1.396863e-03,2.590464e-03,
5.000000e-01,4096,4096,16384,OS2-accu-9,1.502047e-01,5.015404e-09,2.536579e+01,2.167312e-02,7.019412e-03,1.245493e-02,6.973035e-04,1.489031e-03,
5.000000e-01,4096,4096,16384,OS2-accu-10,6.043119e-03,3.134927e-10,2.338633e+01,2.350757e-02,7.238010e-03,1.387678e-02,7.761785e-04,1.613397e-03,
5.000000e-01,4096,4096,16384,OS2-accu-11,2.371673e-04,1.959429e-11,2.165558e+01,2.538634e-02,7.453398e-03,1.533890e-02,8.539050e-04,1.735037e-03,
5.000000e-01,4096,4096,16384,OS2-accu-12,1.558707e-05,1.224854e-12,2.021354e+01,2.719741e-02,7.551894e-03,1.684826e-02,9.308975e-04,1.857353e-03,
5.000000e-01,4096,4096,16384,OS2-accu-13,3.278529e-06,1.499473e-13,1.891412e+01,2.906589e-02,7.750099e-03,1.829923e-02,1.008953e-03,1.982685e-03,
5.000000e-01,4096,4096,16384,OS2-accu-14,1.758998e-07,9.252591e-15,1.777002e+01,3.093726e-02,7.973096e-03,1.976995e-02,1.089127e-03,2.119664e-03,
5.000000e-01,4096,4096,16384,OS2-accu-15,3.724261e-09,4.725756e-16,1.678595e+01,3.275096e-02,8.155816e-03,2.119093e-02,1.159519e-03,2.225865e-03,
5.000000e-01,4096,4096,16384,OS2-accu-16,9.082273e-10,5.109489e-17,1.581657e+01,3.475822e-02,8.420062e-03,2.272537e-02,1.241329e-03,2.367182e-03,
5.000000e-01,4096,4096,16384,OS2-accu-17,6.871272e-12,4.553633e-17,1.504501e+01,3.654075e-02,8.651934e-03,2.408031e-02,1.321602e-03,2.472081e-03,
5.000000e-01,4096,4096,16384,OS2-accu-18,2.955371e-13,4.546403e-17,1.433938e+01,3.833890e-02,8.874210e-03,2.545013e-02,1.396901e-03,2.617717e-03,
5.000000e-01,4096,4096,32768,DGEMM,3.747549e-08,2.536514e-15,8.461228e-01,1.299470e+00,,,,,
5.000000e-01,4096,4096,32768,OS2-fast-9,1.597623e-01,4.082105e-08,3.061371e+01,3.591566e-02,8.526299e-03,2.519285e-02,6.914770e-04,1.490515e-03,
5.000000e-01,4096,4096,32768,OS2-fast-10,6.069262e-03,2.552533e-09,2.790355e+01,3.940400e-02,8.939105e-03,2.805628e-02,7.693250e-04,1.622384e-03,
5.000000e-01,4096,4096,32768,OS2-fast-11,1.414137e-03,1.595554e-10,2.561376e+01,4.292659e-02,9.357281e-03,3.096645e-02,8.451500e-04,1.739330e-03,
5.000000e-01,4096,4096,32768,OS2-fast-12,7.312672e-05,9.972840e-12,2.364400e+01,4.650277e-02,9.792449e-03,3.387527e-02,9.223100e-04,1.899083e-03,
5.000000e-01,4096,4096,32768,OS2-fast-13,1.252049e-05,6.229153e-13,2.196857e+01,5.004931e-02,1.020698e-02,3.680102e-02,1.001971e-03,2.046376e-03,
5.000000e-01,4096,4096,32768,OS2-fast-14,1.287904e-07,4.050676e-14,2.049802e+01,5.363990e-02,1.061266e-02,3.975663e-02,1.077252e-03,2.177559e-03,
5.000000e-01,4096,4096,32768,OS2-fast-15,4.130208e-08,4.745794e-15,1.924769e+01,5.712435e-02,1.098643e-02,4.267315e-02,1.153371e-03,2.301754e-03,
5.000000e-01,4096,4096,32768,OS2-fast-16,1.980819e-09,2.104421e-16,1.801835e+01,6.102176e-02,1.142531e-02,4.593208e-02,1.229959e-03,2.424226e-03,
5.000000e-01,4096,4096,32768,OS2-fast-17,1.630395e-11,4.751359e-17,1.705681e+01,6.446175e-02,1.176409e-02,4.878955e-02,1.311084e-03,2.550531e-03,
5.000000e-01,4096,4096,32768,OS2-fast-18,4.319296e-13,4.548566e-17,1.622793e+01,6.775427e-02,1.213909e-02,5.152638e-02,1.386188e-03,2.676805e-03,
5.000000e-01,4096,4096,32768,OS2-accu-9,1.768626e-02,5.104354e-09,2.650903e+01,4.147688e-02,1.416922e-02,2.511215e-02,6.922695e-04,1.489999e-03,
5.000000e-01,4096,4096,32768,OS2-accu-10,4.954222e-03,3.190581e-10,2.443881e+01,4.499040e-02,1.459432e-02,2.797629e-02,7.691610e-04,1.630605e-03,
5.000000e-01,4096,4096,32768,OS2-accu-11,1.134541e-04,1.994091e-11,2.266096e+01,4.852008e-02,1.503971e-02,3.085278e-02,8.462305e-04,1.761914e-03,
5.000000e-01,4096,4096,32768,OS2-accu-12,1.046639e-05,1.246479e-12,2.113337e+01,5.202728e-02,1.547258e-02,3.371256e-02,9.231365e-04,1.914377e-03,
5.000000e-01,4096,4096,32768,OS2-accu-13,1.380744e-06,1.500567e-13,1.978322e+01,5.557798e-02,1.589312e-02,3.663569e-02,1.002344e-03,2.051025e-03,
5.000000e-01,4096,4096,32768,OS2-accu-14,1.861193e-07,9.259500e-15,1.858791e+01,5.915197e-02,1.633981e-02,3.956969e-02,1.078071e-03,2.172379e-03,
5.000000e-01,4096,4096,32768,OS2-accu-15,5.036497e-09,4.957364e-16,1.754328e+01,6.267424e-02,1.674341e-02,4.248204e-02,1.153317e-03,2.297166e-03,
5.000000e-01,4096,4096,32768,OS2-accu-16,1.277070e-10,5.135312e-17,1.653970e+01,6.647710e-02,1.716732e-02,4.567611e-02,1.229953e-03,2.425258e-03,
5.000000e-01,4096,4096,32768,OS2-accu-17,1.524058e-12,4.554706e-17,1.575855e+01,6.977240e-02,1.753729e-02,4.837585e-02,1.311005e-03,2.550836e-03,
5.000000e-01,4096,4096,32768,OS2-accu-18,7.703380e-14,4.544383e-17,1.503948e+01,7.310833e-02,1.793665e-02,5.111612e-02,1.386585e-03,2.676914e-03,
5.000000e-01,4096,4096,65536,DGEMM,2.298439e-08,3.584626e-15,8.464342e-01,2.597985e+00,,,,,
5.000000e-01,4096,4096,65536,OS2-fast-9,1.935554e-01,4.240212e-08,3.148726e+01,6.983851e-02,1.712537e-02,5.043622e-02,7.288900e-04,1.538421e-03,
5.000000e-01,4096,4096,65536,OS2-fast-10,8.765136e-03,2.651003e-09,2.858671e+01,7.692467e-02,1.806523e-02,5.637997e-02,8.100030e-04,1.666488e-03,
5.000000e-01,4096,4096,65536,OS2-fast-11,9.281456e-04,3.313768e-10,2.631528e+01,8.356450e-02,1.853644e-02,6.233704e-02,8.908050e-04,1.787156e-03,
5.000000e-01,4096,4096,65536,OS2-fast-12,5.801586e-05,2.070834e-11,2.430592e+01,9.047275e-02,1.930090e-02,6.828964e-02,9.733055e-04,1.910950e-03,
5.000000e-01,4096,4096,65536,OS2-fast-13,4.872954e-06,1.294225e-12,2.259747e+01,9.731280e-02,2.005380e-02,7.415989e-02,1.053479e-03,2.035922e-03,
5.000000e-01,4096,4096,65536,OS2-fast-14,1.531579e-07,8.076766e-14,2.108773e+01,1.042797e-01,2.090419e-02,8.008367e-02,1.134000e-03,2.157652e-03,
5.000000e-01,4096,4096,65536,OS2-fast-15,3.868132e-08,4.933989e-15,1.977872e+01,1.111813e-01,2.169645e-02,8.596380e-02,1.215700e-03,2.280279e-03,
5.000000e-01,4096,4096,65536,OS2-fast-16,1.872941e-09,2.214261e-16,1.845788e+01,1.191373e-01,2.282306e-02,9.255722e-02,1.295651e-03,2.406904e-03,
5.000000e-01,4096,4096,65536,OS2-fast-17,1.379568e-10,5.187489e-17,1.743474e+01,1.261288e-01,2.377823e-02,9.840776e-02,1.378082e-03,2.528068e-03,
5.000000e-01,4096,4096,65536,OS2-fast-18,1.241440e-12,4.556635e-17,1.656923e+01,1.327173e-01,2.476076e-02,1.038209e-01,1.460128e-03,2.657308e-03,
5.000000e-01,4096,4096,65536,OS2-accu-9,4.186381e-02,9.840351e-09,2.712685e+01,8.106445e-02,2.835994e-02,5.040922e-02,7.295050e-04,1.550830e-03,
5.000000e-01,4096,4096,65536,OS2-accu-10,3.173720e-03,6.152277e-10,2.494318e+01,8.816131e-02,2.934513e-02,5.630584e-02,8.104835e-04,1.666814e-03,
5.000000e-01,4096,4096,65536,OS2-accu-11,1.180612e-04,3.844978e-11,2.317091e+01,9.490450e-02,2.985725e-02,6.236632e-02,8.914015e-04,1.791290e-03,
5.000000e-01,4096,4096,65536,OS2-accu-12,1.635524e-05,2.588491e-12,2.161032e+01,1.017580e-01,3.068917e-02,6.819650e-02,9.731575e-04,1.911120e-03,
5.000000e-01,4096,4096,65536,OS2-accu-13,6.644834e-07,1.616887e-13,2.025456e+01,1.085693e-01,3.142850e-02,7.401710e-02,1.052586e-03,2.036338e-03,
5.000000e-01,4096,4096,65536,OS2-accu-14,6.833959e-08,9.988372e-15,1.903541e+01,1.155228e-01,3.233396e-02,7.988540e-02,1.135223e-03,2.162396e-03,
5.000000e-01,4096,4096,65536,OS2-accu-15,2.592921e-09,5.196485e-16,1.795824e+01,1.224520e-01,3.319221e-02,8.572857e-02,1.217360e-03,2.280424e-03,
5.000000e-01,4096,4096,65536,OS2-accu-16,4.304241e-10,6.108198e-17,1.689394e+01,1.301664e-01,3.433291e-02,9.216904e-02,1.296397e-03,2.407494e-03,
5.000000e-01,4096,4096,65536,OS2-accu-17,3.041172e-12,4.569250e-17,1.607293e+01,1.368153e-01,3.534727e-02,9.756424e-02,1.378890e-03,2.532546e-03,
5.000000e-01,4096,4096,65536,OS2-accu-18,3.992135e-14,4.546725e-17,1.532346e+01,1.435070e-01,3.637057e-02,1.030269e-01,1.459615e-03,2.668538e-03,
5.000000e-01,8192,8192,1024,DGEMM,1.145054e-07,8.762029e-16,8.369100e-01,1.642219e-01,,,,,
5.000000e-01,8192,8192,1024,OS2-fast-9,7.052998e-02,3.143406e-09,1.004357e+01,1.368427e-02,4.552660e-04,3.956655e-03,3.358559e-03,5.903423e-03,
5.000000e-01,8192,8192,1024,OS2-fast-10,2.935282e-02,2.147687e-10,9.144445e+00,1.502978e-02,4.800985e-04,4.397255e-03,3.747230e-03,6.394823e-03,
5.000000e-01,8192,8192,1024,OS2-fast-11,3.296151e-03,2.270987e-11,8.413033e+00,1.633643e-02,5.083170e-04,4.833245e-03,4.107446e-03,6.877085e-03,
5.000000e-01,8192,8192,1024,OS2-fast-12,2.387765e-04,1.533736e-12,7.773549e+00,1.768034e-02,5.350530e-04,5.269817e-03,4.498923e-03,7.367063e-03,
5.000000e-01,8192,8192,1024,OS2-fast-13,5.563488e-06,9.570306e-14,7.233300e+00,1.900086e-02,5.595890e-04,5.714299e-03,4.862949e-03,7.854971e-03,
5.000000e-01,8192,8192,1024,OS2-fast-14,2.070936e-07,5.870296e-15,6.764404e+00,2.031797e-02,5.867150e-04,6.147218e-03,5.232103e-03,8.341628e-03,
5.000000e-01,8192,8192,1024,OS2-fast-15,5.169656e-08,2.761436e-16,6.356087e+00,2.162320e-02,6.087270e-04,6.591819e-03,5.593445e-03,8.819060e-03,
5.000000e-01,8192,8192,1024,OS2-fast-16,2.715284e-10,4.859810e-17,5.979833e+00,2.298374e-02,6.503960e-04,7.022081e-03,5.990308e-03,9.311978e-03,
5.000000e-01,8192,8192,1024,OS2-fast-17,3.222368e-11,4.559373e-17,5.659311e+00,2.428546e-02,6.709850e-04,7.457974e-03,6.351300e-03,9.796316e-03,
5.000000e-01,8192,8192,1024,OS2-fast-18,1.151203e-13,4.546380e-17,5.365161e+00,2.561693e-02,6.936375e-04,7.889153e-03,6.741159e-03,1.028270e-02,
5.000000e-01,8192,8192,1024,OS2-accu-9,1.085831e-01,1.234875e-09,9.166312e+00,1.499392e-02,1.762860e-03,3.957787e-03,3.358874e-03,5.904069e-03,
5.000000e-01,8192,8192,1024,OS2-accu-10,1.873740e-02,7.717614e-11,8.409212e+00,1.634386e-02,1.792832e-03,4.398966e-03,3.747404e-03,6.394522e-03,
5.000000e-01,8192,8192,1024,OS2-accu-11,6.265956e-04,4.825077e-12,7.789049e+00,1.764515e-02,1.817088e-03,4.833582e-03,4.107691e-03,6.876841e-03,
5.000000e-01,8192,8192,1024,OS2-accu-12,5.340610e-05,3.110480e-13,7.238133e+00,1.898818e-02,1.842857e-03,5.267997e-03,4.499784e-03,7.367054e-03,
5.000000e-01,8192,8192,1024,OS2-accu-13,2.261215e-06,2.380276e-14,6.767800e+00,2.030778e-02,1.867829e-03,5.710321e-03,4.864267e-03,7.855502e-03,
5.000000e-01,8192,8192,1024,OS2-accu-14,2.867613e-07,1.378224e-15,6.355791e+00,2.162421e-02,1.892767e-03,6.146732e-03,5.233547e-03,8.341462e-03,
5.000000e-01,8192,8192,1024,OS2-accu-15,3.708963e-09,7.095350e-17,5.994146e+00,2.292886e-02,1.915309e-03,6.592252e-03,5.594319e-03,8.819948e-03,
5.000000e-01,8192,8192,1024,OS2-accu-16,1.127314e-10,4.611781e-17,5.657738e+00,2.429221e-02,1.959037e-03,7.020233e-03,5.990651e-03,9.313010e-03,
5.000000e-01,8192,8192,1024,OS2-accu-17,2.762695e-12,4.547344e-17,5.368719e+00,2.559995e-02,1.982180e-03,7.459774e-03,6.351817e-03,9.796449e-03,
5.000000e-01,8192,8192,1024,OS2-accu-18,1.710669e-14,4.545991e-17,5.103945e+00,2.692798e-02,2.004542e-03,7.888293e-03,6.742202e-03,1.028224e-02,
5.000000e-01,8192,8192,2048,DGEMM,4.364253e-08,1.239918e-15,8.423066e-01,3.263395e-01,,,,,
5.000000e-01,8192,8192,2048,OS2-fast-9,2.031314e-01,7.449543e-09,1.610629e+01,1.706650e-02,9.285925e-04,6.854099e-03,3.374453e-03,5.901544e-03,
5.000000e-01,8192,8192,2048,OS2-fast-10,1.276554e-02,4.656107e-10,1.465596e+01,1.875536e-02,9.795390e-04,7.619272e-03,3.755043e-03,6.393451e-03,
5.000000e-01,8192,8192,2048,OS2-fast-11,8.101844e-04,2.910002e-11,1.345944e+01,2.042269e-02,1.030431e-03,8.378652e-03,4.128103e-03,6.877156e-03,
5.000000e-01,8192,8192,2048,OS2-fast-12,5.466358e-05,1.819076e-12,1.243310e+01,2.210856e-02,1.107461e-03,9.149315e-03,4.476889e-03,7.367995e-03,
5.000000e-01,8192,8192,2048,OS2-fast-13,3.860292e-06,1.135530e-13,1.153864e+01,2.382238e-02,1.174673e-03,9.918663e-03,4.864157e-03,7.856188e-03,
5.000000e-01,8192,8192,2048,OS2-fast-14,2.701599e-07,9.228872e-15,1.075203e+01,2.556520e-02,1.242456e-03,1.070221e-02,5.270080e-03,8.341713e-03,
5.000000e-01,8192,8192,2048,OS2-fast-15,1.323643e-08,7.740174e-16,1.011335e+01,2.717971e-02,1.311336e-03,1.142288e-02,5.619051e-03,8.819708e-03,
5.000000e-01,8192,8192,2048,OS2-fast-16,1.819527e-09,5.667254e-17,9.480772e+00,2.899320e-02,1.438842e-03,1.222085e-02,6.007203e-03,9.313738e-03,
5.000000e-01,8192,8192,2048,OS2-fast-17,1.159570e-11,4.562316e-17,8.976606e+00,3.062158e-02,1.521575e-03,1.293587e-02,6.349434e-03,9.799311e-03,
5.000000e-01,8192,8192,2048,OS2-fast-18,3.752944e-13,4.545976e-17,8.500631e+00,3.233618e-02,1.635600e-03,1.368110e-02,6.728145e-03,1.028585e-02,
5.000000e-01,8192,8192,2048,OS2-accu-9,5.186690e-02,1.856665e-09,1.457309e+01,1.886202e-02,2.718404e-03,6.857255e-03,3.375731e-03,5.901421e-03,
5.000000e-01,8192,8192,2048,OS2-accu-10,3.163519e-03,1.160619e-10,1.337968e+01,2.054443e-02,2.770712e-03,7.617098e-03,3.754003e-03,6.394324e-03,
5.000000e-01,8192,8192,2048,OS2-accu-11,2.177865e-04,7.252224e-12,1.236670e+01,2.222726e-02,2.823352e-03,8.387426e-03,4.129021e-03,6.878385e-03,
5.000000e-01,8192,8192,2048,OS2-accu-12,1.526909e-05,4.545380e-13,1.149752e+01,2.390758e-02,2.901315e-03,9.151020e-03,4.478029e-03,7.369129e-03,
5.000000e-01,8192,8192,2048,OS2-accu-13,1.402514e-06,3.756682e-14,1.073313e+01,2.561022e-02,2.968743e-03,9.907766e-03,4.865274e-03,7.856791e-03,
5.000000e-01,8192,8192,2048,OS2-accu-14,8.940904e-08,2.232849e-15,1.005389e+01,2.734045e-02,3.037878e-03,1.068236e-02,5.269771e-03,8.342670e-03,
5.000000e-01,8192,8192,2048,OS2-accu-15,2.740948e-09,9.417874e-17,9.487484e+00,2.897269e-02,3.104319e-03,1.142548e-02,5.617873e-03,8.819688e-03,
5.000000e-01,8192,8192,2048,OS2-accu-16,4.781982e-11,4.681999e-17,8.929859e+00,3.078189e-02,3.242000e-03,1.220975e-02,6.008065e-03,9.314028e-03,
5.000000e-01,8192,8192,2048,OS2-accu-17,6.673218e-13,4.547372e-17,8.478975e+00,3.241877e-02,3.325657e-03,1.293923e-02,6.350509e-03,9.800423e-03,
5.000000e-01,8192,8192,2048,OS2-accu-18,6.911353e-14,4.545761e-17,8.050510e+00,3.414416e-02,3.437639e-03,1.368482e-02,6.725461e-03,1.028689e-02,
5.000000e-01,8192,8192,4096,DGEMM,7.884080e-08,1.753289e-15,8.428742e-01,6.522395e-01,,,,,
5.000000e-01,8192,8192,4096,OS2-fast-9,6.772243e-01,8.772421e-09,2.309304e+01,2.380613e-02,1.892554e-03,1.261281e-02,3.365700e-03,5.915513e-03,
5.000000e-01,8192,8192,4096,OS2-fast-10,1.607729e-02,5.520835e-10,2.096767e+01,2.621922e-02,2.008328e-03,1.402457e-02,3.756551e-03,6.427877e-03,
5.000000e-01,8192,8192,4096,OS2-fast-11,4.431233e-03,6.807280e-11,1.920760e+01,2.862179e-02,2.104816e-03,1.545228e-02,4.145009e-03,6.911502e-03,
5.000000e-01,8192,8192,4096,OS2-fast-12,3.348411e-04,4.284008e-12,1.772224e+01,3.102067e-02,2.214665e-03,1.686872e-02,4.520649e-03,7.393383e-03,
5.000000e-01,8192,8192,4096,OS2-fast-13,1.545167e-05,2.675454e-13,1.645695e+01,3.340569e-02,2.348702e-03,1.826178e-02,4.866425e-03,7.866915e-03,
5.000000e-01,8192,8192,4096,OS2-fast-14,2.912384e-07,1.661009e-14,1.532711e+01,3.586821e-02,2.491137e-03,1.968702e-02,5.256221e-03,8.374069e-03,
5.000000e-01,8192,8192,4096,OS2-fast-15,3.243454e-08,9.288296e-16,1.434510e+01,3.832358e-02,2.627731e-03,2.113154e-02,5.658438e-03,8.851878e-03,
5.000000e-01,8192,8192,4096,OS2-fast-16,9.795153e-10,5.925426e-17,1.345019e+01,4.087347e-02,2.875334e-03,2.253783e-02,6.040590e-03,9.373380e-03,
5.000000e-01,8192,8192,4096,OS2-fast-17,3.759819e-11,4.603964e-17,1.272902e+01,4.318917e-02,3.055429e-03,2.389174e-02,6.363024e-03,9.889696e-03,
5.000000e-01,8192,8192,4096,OS2-fast-18,7.194310e-13,4.546523e-17,1.194433e+01,4.602653e-02,3.576936e-03,2.526724e-02,6.763617e-03,1.043242e-02,
5.000000e-01,8192,8192,4096,OS2-accu-9,9.110588e-02,2.474408e-09,2.073813e+01,2.650942e-02,4.583350e-03,1.262893e-02,3.365801e-03,5.909007e-03,
5.000000e-01,8192,8192,4096,OS2-accu-10,6.138177e-03,1.546552e-10,1.901258e+01,2.891538e-02,4.698848e-03,1.403116e-02,3.755273e-03,6.401664e-03,
5.000000e-01,8192,8192,4096,OS2-accu-11,3.827186e-04,9.665064e-12,1.755466e+01,3.131680e-02,4.792457e-03,1.545712e-02,4.145450e-03,6.884755e-03,
5.000000e-01,8192,8192,4096,OS2-accu-12,3.534988e-05,6.040515e-13,1.629499e+01,3.373773e-02,4.911642e-03,1.686813e-02,4.520924e-03,7.377344e-03,
5.000000e-01,8192,8192,4096,OS2-accu-13,2.275561e-06,6.643668e-14,1.522402e+01,3.611109e-02,5.048310e-03,1.828274e-02,4.867279e-03,7.863816e-03,
5.000000e-01,8192,8192,4096,OS2-accu-14,1.224131e-07,4.038453e-15,1.425032e+01,3.857850e-02,5.191852e-03,1.971777e-02,5.258858e-03,8.373785e-03,
5.000000e-01,8192,8192,4096,OS2-accu-15,6.343679e-09,1.764122e-16,1.341352e+01,4.098522e-02,5.325585e-03,2.110395e-02,5.659279e-03,8.855176e-03,
5.000000e-01,8192,8192,4096,OS2-accu-16,7.145850e-11,4.735211e-17,1.263848e+01,4.349858e-02,5.610959e-03,2.246778e-02,6.042170e-03,9.366078e-03,
5.000000e-01,8192,8192,4096,OS2-accu-17,2.603307e-12,4.548222e-17,1.197862e+01,4.589475e-02,5.811709e-03,2.383592e-02,6.362505e-03,9.878161e-03,
5.000000e-01,8192,8192,4096,OS2-accu-18,1.824307e-13,4.545847e-17,1.128213e+01,4.872802e-02,6.319299e-03,2.524386e-02,6.764928e-03,1.037330e-02,
5.000000e-01,8192,8192,8192,DGEMM,4.269323e-08,2.480139e-15,8.432608e-01,1.303881e+00,,,,,
5.000000e-01,8192,8192,8192,OS2-fast-9,2.976919e-01,1.937597e-08,2.922840e+01,3.761792e-02,4.160129e-03,2.416874e-02,3.322956e-03,5.933320e-03,
5.000000e-01,8192,8192,8192,OS2-fast-10,1.659860e-02,1.211060e-09,2.651346e+01,4.146994e-02,4.373188e-03,2.692902e-02,3.687395e-03,6.451731e-03,
5.000000e-01,8192,8192,8192,OS2-fast-11,2.807950e-03,7.569453e-11,2.425616e+01,4.532917e-02,4.596486e-03,2.969180e-02,4.060958e-03,6.986948e-03,
5.000000e-01,8192,8192,8192,OS2-fast-12,1.930789e-04,4.731748e-12,2.233286e+01,4.923290e-02,4.859745e-03,3.241008e-02,4.431101e-03,7.531311e-03,
5.000000e-01,8192,8192,8192,OS2-fast-13,7.971003e-06,2.955644e-13,2.068679e+01,5.315042e-02,5.148541e-03,3.512363e-02,4.799234e-03,8.066686e-03,
5.000000e-01,8192,8192,8192,OS2-fast-14,7.453672e-07,2.172082e-14,1.925543e+01,5.710139e-02,5.433565e-03,3.792090e-02,5.173598e-03,8.556978e-03,
5.000000e-01,8192,8192,8192,OS2-fast-15,8.294993e-08,2.188500e-15,1.803866e+01,6.095307e-02,5.704728e-03,4.066004e-02,5.537560e-03,9.035012e-03,
5.000000e-01,8192,8192,8192,OS2-fast-16,2.085274e-09,9.316701e-17,1.689892e+01,6.506402e-02,6.039409e-03,4.355615e-02,5.908576e-03,9.561923e-03,
5.000000e-01,8192,8192,8192,OS2-fast-17,2.388521e-11,4.613002e-17,1.593276e+01,6.900949e-02,6.518310e-03,4.614013e-02,6.280162e-03,1.004778e-02,
5.000000e-01,8192,8192,8192,OS2-fast-18,1.078413e-12,4.548251e-17,1.504873e+01,7.306339e-02,7.357674e-03,4.851073e-02,6.644700e-03,1.054528e-02,
5.000000e-01,8192,8192,8192,OS2-accu-9,5.974413e-02,4.799094e-09,2.624430e+01,4.189525e-02,8.439989e-03,2.415270e-02,3.321663e-03,5.967593e-03,
5.000000e-01,8192,8192,8192,OS2-accu-10,5.752905e-03,2.998046e-10,2.404812e+01,4.572131e-02,8.675720e-03,2.684155e-02,3.688778e-03,6.496133e-03,
5.000000e-01,8192,8192,8192,OS2-accu-11,4.939034e-04,1.873997e-11,2.216418e+01,4.960758e-02,8.898572e-03,2.960886e-02,4.060829e-03,7.012655e-03,
5.000000e-01,8192,8192,8192,OS2-accu-12,4.283282e-05,1.172198e-12,2.056822e+01,5.345682e-02,9.163193e-03,3.234138e-02,4.431852e-03,7.522690e-03,
5.000000e-01,8192,8192,8192,OS2-accu-13,1.514433e-06,7.566992e-14,1.917376e+01,5.734461e-02,9.426406e-03,3.506744e-02,4.797366e-03,8.065868e-03,
5.000000e-01,8192,8192,8192,OS2-accu-14,9.671573e-08,4.614871e-15,1.792896e+01,6.132600e-02,9.725487e-03,3.786030e-02,5.172273e-03,8.565743e-03,
5.000000e-01,8192,8192,8192,OS2-accu-15,1.526872e-08,2.024268e-16,1.685855e+01,6.521983e-02,9.987232e-03,4.063744e-02,5.537944e-03,9.058054e-03,
5.000000e-01,8192,8192,8192,OS2-accu-16,2.185724e-10,5.067491e-17,1.583546e+01,6.943352e-02,1.049826e-02,4.344629e-02,5.908727e-03,9.574829e-03,
5.000000e-01,8192,8192,8192,OS2-accu-17,7.468465e-12,4.555229e-17,1.501702e+01,7.321771e-02,1.094329e-02,4.594167e-02,6.280458e-03,1.008623e-02,
5.000000e-01,8192,8192,8192,OS2-accu-18,8.579935e-14,4.546665e-17,1.420471e+01,7.740471e-02,1.177537e-02,4.841229e-02,6.646524e-03,1.055157e-02,
5.000000e-01,8192,8192,16384,DGEMM,2.157480e-07,3.507031e-15,8.434453e-01,2.607191e+00,,,,,
5.000000e-01,8192,8192,16384,OS2-fast-9,1.116633e+00,2.002942e-08,3.298460e+01,6.666818e-02,8.782684e-03,4.865158e-02,3.199608e-03,6.017158e-03,
5.000000e-01,8192,8192,16384,OS2-fast-10,5.018619e-02,1.251750e-09,2.993426e+01,7.346176e-02,9.208389e-03,5.414888e-02,3.584045e-03,6.513928e-03,
5.000000e-01,8192,8192,16384,OS2-fast-11,1.183484e-02,1.564705e-10,2.740612e+01,8.023841e-02,9.640694e-03,5.967501e-02,3.908610e-03,7.000840e-03,
5.000000e-01,8192,8192,16384,OS2-fast-12,3.876263e-04,9.781227e-12,2.522765e+01,8.716720e-02,1.013687e-02,6.523780e-02,4.266167e-03,7.499829e-03,
5.000000e-01,8192,8192,16384,OS2-fast-13,3.660757e-05,6.110742e-13,2.341392e+01,9.391947e-02,1.053556e-02,7.076439e-02,4.621498e-03,7.983504e-03,
5.000000e-01,8192,8192,16384,OS2-fast-14,9.084660e-07,3.807333e-14,2.181602e+01,1.007986e-01,1.097044e-02,7.635896e-02,4.986103e-03,8.482658e-03,
5.000000e-01,8192,8192,16384,OS2-fast-15,9.020623e-08,2.265638e-15,2.043710e+01,1.075996e-01,1.139184e-02,8.189457e-02,5.335665e-03,8.965311e-03,
5.000000e-01,8192,8192,16384,OS2-fast-16,3.848670e-09,9.569046e-17,1.915726e+01,1.147880e-01,1.189394e-02,8.773192e-02,5.690007e-03,9.461605e-03,
5.000000e-01,8192,8192,16384,OS2-fast-17,2.757744e-10,4.741277e-17,1.809423e+01,1.215317e-01,1.229611e-02,9.322195e-02,6.043067e-03,9.963978e-03,
5.000000e-01,8192,8192,16384,OS2-fast-18,5.937876e-12,4.548644e-17,1.719609e+01,1.278793e-01,1.276229e-02,9.820346e-02,6.457002e-03,1.045062e-02,
5.000000e-01,8192,8192,16384,OS2-accu-9,3.855671e-01,5.013178e-09,2.943898e+01,7.469767e-02,1.698299e-02,4.846940e-02,3.199969e-03,6.031324e-03,
5.000000e-01,8192,8192,16384,OS2-accu-10,1.892113e-02,3.132901e-10,2.697328e+01,8.152599e-02,1.740354e-02,5.401557e-02,3.584884e-03,6.529166e-03,
5.000000e-01,8192,8192,16384,OS2-accu-11,1.318306e-03,1.958170e-11,2.488026e+01,8.838427e-02,1.784391e-02,5.963159e-02,3.909119e-03,7.015025e-03,
5.000000e-01,8192,8192,16384,OS2-accu-12,4.952145e-05,1.223796e-12,2.309340e+01,9.522301e-02,1.832648e-02,6.512179e-02,4.265247e-03,7.503949e-03,
5.000000e-01,8192,8192,16384,OS2-accu-13,5.243747e-06,1.498950e-13,2.154617e+01,1.020610e-01,1.875805e-02,7.068559e-02,4.622289e-03,7.987895e-03,
5.000000e-01,8192,8192,16384,OS2-accu-14,2.597960e-07,9.251752e-15,2.018005e+01,1.089702e-01,1.924207e-02,7.624505e-02,4.985903e-03,8.491312e-03,
5.000000e-01,8192,8192,16384,OS2-accu-15,4.677755e-08,4.726672e-16,1.899588e+01,1.157632e-01,1.972363e-02,8.172278e-02,5.335075e-03,8.963215e-03,
5.000000e-01,8192,8192,16384,OS2-accu-16,8.955462e-10,5.108887e-17,1.789854e+01,1.228605e-01,2.027282e-02,8.741231e-02,5.688625e-03,9.463901e-03,
5.000000e-01,8192,8192,16384,OS2-accu-17,2.657409e-11,4.554397e-17,1.700717e+01,1.292998e-01,2.071853e-02,9.256622e-02,6.043493e-03,9.974147e-03,
5.000000e-01,8192,8192,16384,OS2-accu-18,7.054026e-13,4.546376e-17,1.618147e+01,1.358976e-01,2.117771e-02,9.777457e-02,6.452831e-03,1.047655e-02,
5.000000e-01,8192,8192,32768,DGEMM,1.896954e-07,2.539235e-15,8.463402e-01,5.196547e+00,,,,,
5.000000e-01,8192,8192,32768,OS2-fast-9,1.231028e+00,4.089407e-08,3.492752e+01,1.259192e-01,1.745378e-02,9.915448e-02,3.111221e-03,6.174876e-03,
5.000000e-01,8192,8192,32768,OS2-fast-10,3.082318e-02,2.555874e-09,3.163541e+01,1.390229e-01,1.831552e-02,1.105143e-01,3.458036e-03,6.697420e-03,
5.000000e-01,8192,8192,32768,OS2-fast-11,6.200133e-03,1.597200e-10,2.893031e+01,1.520221e-01,1.917324e-02,1.218219e-01,3.809571e-03,7.218430e-03,
5.000000e-01,8192,8192,32768,OS2-fast-12,2.368543e-04,9.984740e-12,2.662169e+01,1.652054e-01,2.014831e-02,1.331614e-01,4.151877e-03,7.731646e-03,
5.000000e-01,8192,8192,32768,OS2-fast-13,1.121161e-05,6.239492e-13,2.462425e+01,1.786063e-01,2.138841e-02,1.444943e-01,4.498967e-03,8.225410e-03,
5.000000e-01,8192,8192,32768,OS2-fast-14,8.662275e-07,4.055385e-14,2.288782e+01,1.921567e-01,2.263060e-02,1.559640e-01,4.845458e-03,8.735024e-03,
5.000000e-01,8192,8192,32768,OS2-fast-15,1.906106e-07,4.751695e-15,2.138301e+01,2.056795e-01,2.388113e-02,1.674153e-01,5.191294e-03,9.215258e-03,
5.000000e-01,8192,8192,32768,OS2-fast-16,1.708409e-08,2.107185e-16,1.997414e+01,2.201870e-01,2.586532e-02,1.790272e-01,5.531313e-03,9.729341e-03,
5.000000e-01,8192,8192,32768,OS2-fast-17,1.057748e-10,4.751770e-17,1.883694e+01,2.334799e-01,2.741241e-02,1.900023e-01,5.881527e-03,1.023527e-02,
5.000000e-01,8192,8192,32768,OS2-fast-18,1.953506e-12,4.548506e-17,1.788300e+01,2.459345e-01,2.876535e-02,2.001845e-01,6.228539e-03,1.074799e-02,
5.000000e-01,8192,8192,32768,OS2-accu-9,2.874772e-01,5.110935e-09,3.091432e+01,1.422657e-01,3.395456e-02,9.899834e-02,3.112358e-03,6.186158e-03,
5.000000e-01,8192,8192,32768,OS2-accu-10,4.561781e-03,3.195052e-10,2.830143e+01,1.554002e-01,3.481158e-02,1.103825e-01,3.458028e-03,6.711757e-03,
5.000000e-01,8192,8192,32768,OS2-accu-11,5.129739e-04,1.996682e-11,2.610834e+01,1.684537e-01,3.563437e-02,1.217831e-01,3.810242e-03,7.202515e-03,
5.000000e-01,8192,8192,32768,OS2-accu-12,2.819239e-05,1.248174e-12,2.421265e+01,1.816425e-01,3.660608e-02,1.331736e-01,4.151248e-03,7.721086e-03,
5.000000e-01,8192,8192,32768,OS2-accu-13,3.715515e-06,1.500931e-13,2.255070e+01,1.950292e-01,3.782525e-02,1.444917e-01,4.498063e-03,8.226352e-03,
5.000000e-01,8192,8192,32768,OS2-accu-14,1.187905e-07,9.262407e-15,2.109329e+01,2.085045e-01,3.907118e-02,1.557795e-01,4.848171e-03,8.722992e-03,
5.000000e-01,8192,8192,32768,OS2-accu-15,3.292145e-08,4.965006e-16,1.982156e+01,2.218820e-01,4.034837e-02,1.670951e-01,5.190444e-03,9.218755e-03,
5.000000e-01,8192,8192,32768,OS2-accu-16,2.952821e-10,5.136621e-17,1.861089e+01,2.363157e-01,4.241150e-02,1.786520e-01,5.532155e-03,9.731604e-03,
5.000000e-01,8192,8192,32768,OS2-accu-17,1.008726e-11,4.554500e-17,1.767801e+01,2.487862e-01,4.369781e-02,1.889343e-01,5.881225e-03,1.023717e-02,
5.000000e-01,8192,8192,32768,OS2-accu-18,5.461190e-13,4.545101e-17,1.680269e+01,2.617466e-01,4.515436e-02,1.996358e-01,6.226617e-03,1.074645e-02,
5.000000e-01,16384,16384,1024,DGEMM,5.141062e-07,8.763351e-16,8.440815e-01,6.513065e-01,,,,,
5.000000e-01,16384,16384,1024,OS2-fast-9,3.176930e+00,3.156617e-09,1.012538e+01,5.429485e-02,9.094615e-04,1.537622e-02,1.379340e-02,2.423191e-02,
5.000000e-01,16384,16384,1024,OS2-fast-10,6.542808e-01,2.153943e-10,9.207658e+00,5.970637e-02,9.586390e-04,1.710028e-02,1.532217e-02,2.632251e-02,
5.000000e-01,16384,16384,1024,OS2-fast-11,9.271005e-02,2.282547e-11,8.411909e+00,6.535447e-02,1.008914e-03,1.878381e-02,1.685303e-02,2.872258e-02,
5.000000e-01,16384,16384,1024,OS2-fast-12,6.041811e-03,1.539879e-12,7.770177e+00,7.075203e-02,1.069678e-03,2.055019e-02,1.840813e-02,3.071481e-02,
5.000000e-01,16384,16384,1024,OS2-fast-13,1.159185e-04,9.611466e-14,7.234240e+00,7.599358e-02,1.131746e-03,2.223542e-02,1.994084e-02,3.269800e-02,
5.000000e-01,16384,16384,1024,OS2-fast-14,1.497884e-05,5.894716e-15,6.754046e+00,8.139651e-02,1.200907e-03,2.398275e-02,2.146408e-02,3.474363e-02,
5.000000e-01,16384,16384,1024,OS2-fast-15,6.243289e-07,2.774137e-16,6.342725e+00,8.667502e-02,1.264763e-03,2.570327e-02,2.299351e-02,3.667358e-02,
5.000000e-01,16384,16384,1024,OS2-fast-16,1.347194e-08,4.860988e-17,5.970686e+00,9.207582e-02,1.381093e-03,2.743595e-02,2.453856e-02,3.871152e-02,
5.000000e-01,16384,16384,1024,OS2-fast-17,3.174620e-10,4.559062e-17,5.657458e+00,9.717365e-02,1.460282e-03,2.908948e-02,2.605683e-02,4.054653e-02,
5.000000e-01,16384,16384,1024,OS2-fast-18,2.027585e-12,4.546038e-17,5.366467e+00,1.024428e-01,1.530021e-03,3.082483e-02,2.757440e-02,4.251044e-02,
5.000000e-01,16384,16384,1024,OS2-accu-9,8.435070e-01,1.234636e-09,9.297472e+00,5.912960e-02,5.423809e-03,1.535577e-02,1.379222e-02,2.454130e-02,
5.000000e-01,16384,16384,1024,OS2-accu-10,1.189193e-01,7.716865e-11,8.525786e+00,6.448154e-02,5.487756e-03,1.706176e-02,1.532125e-02,2.655286e-02,
5.000000e-01,16384,16384,1024,OS2-accu-11,9.074392e-03,4.823127e-12,7.858089e+00,6.996049e-02,5.520449e-03,1.877170e-02,1.685348e-02,2.876966e-02,
5.000000e-01,16384,16384,1024,OS2-accu-12,2.276176e-04,3.135738e-13,7.280081e+00,7.551507e-02,5.593126e-03,2.057163e-02,1.840895e-02,3.090876e-02,
5.000000e-01,16384,16384,1024,OS2-accu-13,7.640375e-05,2.390500e-14,6.825926e+00,8.053938e-02,5.657994e-03,2.226231e-02,1.994031e-02,3.269016e-02,
5.000000e-01,16384,16384,1024,OS2-accu-14,5.616579e-06,1.384338e-15,6.393857e+00,8.598187e-02,5.718588e-03,2.398161e-02,2.146115e-02,3.483954e-02,
5.000000e-01,16384,16384,1024,OS2-accu-15,5.114669e-08,7.110445e-17,6.023319e+00,9.127125e-02,5.787954e-03,2.570957e-02,2.299393e-02,3.675362e-02,
5.000000e-01,16384,16384,1024,OS2-accu-16,3.986367e-09,4.611771e-17,5.693205e+00,9.656350e-02,5.915947e-03,2.742040e-02,2.454343e-02,3.867589e-02,
5.000000e-01,16384,16384,1024,OS2-accu-17,1.422635e-11,4.546697e-17,5.408708e+00,1.016427e-01,5.989526e-03,2.909116e-02,2.605694e-02,4.049779e-02,
5.000000e-01,16384,16384,1024,OS2-accu-18,3.908090e-13,4.545713e-17,5.137365e+00,1.070112e-01,6.064357e-03,3.081444e-02,2.757141e-02,4.257216e-02,
5.000000e-01,16384,16384,2048,DGEMM,1.562883e-07,1.240026e-15,8.455151e-01,1.300404e+00,,,,,
5.000000e-01,16384,16384,2048,OS2-fast-9,2.721250e+00,7.433307e-09,1.627983e+01,6.753826e-02,2.056796e-03,2.762307e-02,1.378072e-02,2.404767e-02,
5.000000e-01,16384,16384,2048,OS2-fast-10,1.010471e-01,4.645355e-10,1.470193e+01,7.478690e-02,2.766784e-03,3.066608e-02,1.532209e-02,2.602818e-02,
5.000000e-01,16384,16384,2048,OS2-fast-11,5.175879e-03,2.903857e-11,1.344838e+01,8.175792e-02,3.272345e-03,3.350346e-02,1.685455e-02,2.810445e-02,
5.000000e-01,16384,16384,2048,OS2-fast-12,2.652849e-04,1.814530e-12,1.241755e+01,8.854501e-02,3.422815e-03,3.664365e-02,1.839103e-02,3.004899e-02,
5.000000e-01,16384,16384,2048,OS2-fast-13,4.046947e-05,1.132988e-13,1.154991e+01,9.519654e-02,3.566897e-03,3.990445e-02,1.990900e-02,3.182268e-02,
5.000000e-01,16384,16384,2048,OS2-fast-14,1.033895e-06,9.185664e-15,1.078027e+01,1.019929e-01,3.763410e-03,4.298917e-02,2.146210e-02,3.377776e-02,
5.000000e-01,16384,16384,2048,OS2-fast-15,1.506847e-07,7.722040e-16,1.011914e+01,1.086566e-01,3.970246e-03,4.604849e-02,2.298756e-02,3.564449e-02,
5.000000e-01,16384,16384,2048,OS2-fast-16,5.171203e-09,5.664459e-17,9.527445e+00,1.154047e-01,4.166958e-03,4.910575e-02,2.452014e-02,3.759983e-02,
5.000000e-01,16384,16384,2048,OS2-fast-17,1.223517e-10,4.563169e-17,9.014510e+00,1.219713e-01,4.376494e-03,5.176410e-02,2.603458e-02,3.979281e-02,
5.000000e-01,16384,16384,2048,OS2-fast-18,1.508117e-12,4.546287e-17,8.529596e+00,1.289055e-01,4.590138e-03,5.520548e-02,2.759854e-02,4.152968e-02,
5.000000e-01,16384,16384,2048,OS2-accu-9,4.387011e-01,1.853178e-09,1.493025e+01,7.364322e-02,8.259399e-03,2.757059e-02,1.378169e-02,2.399779e-02,
5.000000e-01,16384,16384,2048,OS2-accu-10,2.203204e-02,1.158287e-10,1.358269e+01,8.094950e-02,8.968596e-03,3.065285e-02,1.532298e-02,2.598810e-02,
5.000000e-01,16384,16384,2048,OS2-accu-11,1.258540e-03,7.239138e-12,1.251055e+01,8.788677e-02,9.428150e-03,3.348349e-02,1.685478e-02,2.806845e-02,
5.000000e-01,16384,16384,2048,OS2-accu-12,6.415398e-05,4.535514e-13,1.161776e+01,9.464056e-02,9.582252e-03,3.663685e-02,1.838814e-02,3.004586e-02,
5.000000e-01,16384,16384,2048,OS2-accu-13,5.741330e-06,3.755312e-14,1.083764e+01,1.014531e-01,9.761090e-03,3.990391e-02,1.991249e-02,3.185698e-02,
5.000000e-01,16384,16384,2048,OS2-accu-14,3.375394e-07,2.232442e-15,1.015938e+01,1.082263e-01,9.963794e-03,4.301012e-02,2.146599e-02,3.377605e-02,
5.000000e-01,16384,16384,2048,OS2-accu-15,1.711402e-08,9.419276e-17,9.570023e+00,1.148912e-01,1.016632e-02,4.606375e-02,2.298483e-02,3.565868e-02,
5.000000e-01,16384,16384,2048,OS2-accu-16,6.392968e-10,4.682209e-17,9.044589e+00,1.215657e-01,1.037286e-02,4.906652e-02,2.452217e-02,3.759296e-02,
5.000000e-01,16384,16384,2048,OS2-accu-17,1.609489e-11,4.548198e-17,8.581187e+00,1.281305e-01,1.053063e-02,5.173684e-02,2.603616e-02,3.979144e-02,
5.000000e-01,16384,16384,2048,OS2-accu-18,3.195346e-13,4.546397e-17,8.137101e+00,1.351233e-01,1.080190e-02,5.519718e-02,2.760013e-02,4.150145e-02,
5.000000e-01,16384,16384,4096,DGEMM,5.323017e-08,1.753111e-15,8.421250e-01,2.611279e+00,,,,,
5.000000e-01,16384,16384,4096,OS2-fast-9,3.453907e-01,8.759346e-09,2.376297e+01,9.253992e-02,4.451798e-03,5.017988e-02,1.379949e-02,2.407925e-02,
5.000000e-01,16384,16384,4096,OS2-fast-10,6.845728e-02,5.513278e-10,2.156872e+01,1.019543e-01,4.648719e-03,5.579202e-02,1.532410e-02,2.620066e-02,
5.000000e-01,16384,16384,4096,OS2-fast-11,6.586505e-03,6.796279e-11,1.977417e+01,1.112069e-01,4.866200e-03,6.136896e-02,1.686273e-02,2.812911e-02,
5.000000e-01,16384,16384,4096,OS2-fast-12,2.268229e-04,4.276506e-12,1.826975e+01,1.203642e-01,5.081863e-03,6.693938e-02,1.838673e-02,3.000773e-02,
5.000000e-01,16384,16384,4096,OS2-fast-13,3.229337e-05,2.671928e-13,1.698469e+01,1.294709e-01,5.266036e-03,7.240489e-02,1.986025e-02,3.193925e-02,
5.000000e-01,16384,16384,4096,OS2-fast-14,1.190819e-06,1.658253e-14,1.584190e+01,1.388106e-01,5.464791e-03,7.800576e-02,2.144808e-02,3.388915e-02,
5.000000e-01,16384,16384,4096,OS2-fast-15,1.151582e-07,9.270701e-16,1.482146e+01,1.483675e-01,5.657495e-03,8.380902e-02,2.298841e-02,3.591353e-02,
5.000000e-01,16384,16384,4096,OS2-fast-16,1.839692e-09,5.922175e-17,1.394274e+01,1.577181e-01,5.852334e-03,8.940235e-02,2.451281e-02,3.789056e-02,
5.000000e-01,16384,16384,4096,OS2-fast-17,8.694376e-11,4.604311e-17,1.318378e+01,1.667977e-01,6.076388e-03,9.480272e-02,2.606419e-02,3.981619e-02,
5.000000e-01,16384,16384,4096,OS2-fast-18,1.300187e-12,4.546485e-17,1.251690e+01,1.756843e-01,6.354144e-03,1.000916e-01,2.752976e-02,4.170504e-02,
5.000000e-01,16384,16384,4096,OS2-accu-9,2.230677e-01,2.473280e-09,2.167347e+01,1.014615e-01,1.354659e-02,5.002012e-02,1.379727e-02,2.407685e-02,
5.000000e-01,16384,16384,4096,OS2-accu-10,1.630933e-02,1.545830e-10,1.981119e+01,1.109991e-01,1.373354e-02,5.575298e-02,1.531923e-02,2.620488e-02,
5.000000e-01,16384,16384,4096,OS2-accu-11,5.588703e-04,9.660641e-12,1.830483e+01,1.201335e-01,1.393578e-02,6.133667e-02,1.686169e-02,2.800266e-02,
5.000000e-01,16384,16384,4096,OS2-accu-12,5.313681e-05,6.037552e-13,1.697002e+01,1.295829e-01,1.414016e-02,6.695371e-02,1.838720e-02,3.010591e-02,
5.000000e-01,16384,16384,4096,OS2-accu-13,2.846889e-06,6.636737e-14,1.586386e+01,1.386184e-01,1.432643e-02,7.245186e-02,1.985805e-02,3.195815e-02,
5.000000e-01,16384,16384,4096,OS2-accu-14,4.085721e-07,4.033810e-15,1.486298e+01,1.479531e-01,1.452977e-02,7.805326e-02,2.144726e-02,3.390983e-02,
5.000000e-01,16384,16384,4096,OS2-accu-15,3.669764e-08,1.760938e-16,1.396855e+01,1.574268e-01,1.471556e-02,8.383176e-02,2.299105e-02,3.590948e-02,
5.000000e-01,16384,16384,4096,OS2-accu-16,3.778539e-10,4.735189e-17,1.319284e+01,1.666831e-01,1.494949e-02,8.934069e-02,2.451807e-02,3.792972e-02,
5.000000e-01,16384,16384,4096,OS2-accu-17,1.161812e-11,4.548601e-17,1.251652e+01,1.756896e-01,1.517531e-02,9.464957e-02,2.606283e-02,3.983406e-02,
5.000000e-01,16384,16384,4096,OS2-accu-18,1.345718e-13,4.545871e-17,1.190022e+01,1.847884e-01,1.545443e-02,1.001069e-01,2.752590e-02,4.167914e-02,
5.000000e-01,16384,16384,8192,DGEMM,1.326439e-05,2.480917e-15,8.424207e-01,5.220725e+00,,,,,
5.000000e-01,16384,16384,8192,OS2-fast-9,1.374920e+01,1.937370e-08,3.037650e+01,1.447845e-01,9.690374e-03,9.738353e-02,1.370325e-02,2.403126e-02,
5.000000e-01,16384,16384,8192,OS2-fast-10,2.000783e+00,1.210846e-09,2.739955e+01,1.605153e-01,1.136533e-02,1.078583e-01,1.522320e-02,2.608887e-02,
5.000000e-01,16384,16384,8192,OS2-fast-11,1.437506e-01,7.567733e-11,2.473954e+01,1.777740e-01,1.461902e-02,1.184209e-01,1.675096e-02,2.799911e-02,
5.000000e-01,16384,16384,8192,OS2-fast-12,5.666044e-04,4.730488e-12,2.284384e+01,1.925266e-01,1.482954e-02,1.294396e-01,1.827047e-02,2.996920e-02,
5.000000e-01,16384,16384,8192,OS2-fast-13,6.884514e-04,2.955304e-13,2.113779e+01,2.080656e-01,1.574473e-02,1.406038e-01,1.979413e-02,3.192221e-02,
5.000000e-01,16384,16384,8192,OS2-fast-14,7.391800e-06,2.170467e-14,1.967109e+01,2.235792e-01,1.656176e-02,1.518349e-01,2.131740e-02,3.390841e-02,
5.000000e-01,16384,16384,8192,OS2-fast-15,4.607058e-06,2.187913e-15,1.836230e+01,2.395150e-01,1.774238e-02,1.631072e-01,2.283709e-02,3.584107e-02,
5.000000e-01,16384,16384,8192,OS2-fast-16,2.489286e-07,9.316620e-17,1.728031e+01,2.545120e-01,1.794176e-02,1.744767e-01,2.436035e-02,3.776396e-02,
5.000000e-01,16384,16384,8192,OS2-fast-17,3.681042e-10,4.611422e-17,1.622239e+01,2.711097e-01,2.010144e-02,1.853783e-01,2.588681e-02,3.971759e-02,
5.000000e-01,16384,16384,8192,OS2-fast-18,5.694221e-11,4.546427e-17,1.537501e+01,2.860517e-01,2.091766e-02,1.959734e-01,2.740723e-02,4.163460e-02,
5.000000e-01,16384,16384,8192,OS2-accu-9,9.092086e-01,4.798565e-09,2.758179e+01,1.594547e-01,2.433698e-02,9.723672e-02,1.370260e-02,2.410839e-02,
5.000000e-01,16384,16384,8192,OS2-accu-10,6.701113e-01,2.998747e-10,2.509080e+01,1.752852e-01,2.594842e-02,1.079978e-01,1.522619e-02,2.610126e-02,
5.000000e-01,16384,16384,8192,OS2-accu-11,1.405473e-02,1.874439e-11,2.285304e+01,1.924491e-01,2.915993e-02,1.185330e-01,1.675060e-02,2.799217e-02,
5.000000e-01,16384,16384,8192,OS2-accu-12,3.320964e-04,1.172455e-12,2.121935e+01,2.072659e-01,2.941465e-02,1.295985e-01,1.827255e-02,2.993954e-02,
5.000000e-01,16384,16384,8192,OS2-accu-13,1.732583e-04,7.567468e-14,1.974483e+01,2.227442e-01,3.033789e-02,1.406466e-01,1.979265e-02,3.195760e-02,
5.000000e-01,16384,16384,8192,OS2-accu-14,7.517413e-06,4.614152e-15,1.844084e+01,2.384950e-01,3.117899e-02,1.519883e-01,2.131463e-02,3.397873e-02,
5.000000e-01,16384,16384,8192,OS2-accu-15,2.942843e-07,2.023920e-16,1.728892e+01,2.543852e-01,3.232563e-02,1.633677e-01,2.283809e-02,3.588053e-02,
5.000000e-01,16384,16384,8192,OS2-accu-16,1.040126e-08,5.066031e-17,1.629755e+01,2.698593e-01,3.282698e-02,1.747691e-01,2.436148e-02,3.782788e-02,
5.000000e-01,16384,16384,8192,OS2-accu-17,5.948919e-12,4.553674e-17,1.539549e+01,2.856711e-01,3.496395e-02,1.850428e-01,2.588338e-02,3.974710e-02,
5.000000e-01,16384,16384,8192,OS2-accu-18,9.436960e-12,4.545948e-17,1.461924e+01,3.008396e-01,3.579478e-02,1.959676e-01,2.740293e-02,4.169907e-02,
