phi,n,k,function,TFLOPS,total_time[sec],scaling,low_prec_gemm,mod_hi2mid,undo_scaling,
-1.000000,1024,1024,OS2-i8-fast-9,5.829471e+00,1.841920e-04,2.540800e-05,7.862400e-05,4.664000e-05,1.024000e-05,
-1.000000,1024,1024,OS2-i8-fast-10,5.725035e+00,1.875520e-04,2.577600e-05,7.851200e-05,4.947200e-05,1.024000e-05,
-1.000000,1024,1024,OS2-i8-fast-11,5.120078e+00,2.097120e-04,2.700800e-05,9.134400e-05,5.644800e-05,1.024000e-05,
-1.000000,1024,1024,OS2-i8-fast-12,5.001406e+00,2.146880e-04,2.782400e-05,9.132800e-05,5.968000e-05,1.024000e-05,
-1.000000,1024,1024,OS2-i8-fast-13,4.894884e+00,2.193600e-04,2.953600e-05,9.132800e-05,6.164800e-05,1.024000e-05,
-1.000000,1024,1024,OS2-i8-fast-14,4.810326e+00,2.232160e-04,3.035200e-05,9.132800e-05,6.395200e-05,1.024000e-05,
-1.000000,1024,1024,OS2-i8-fast-15,4.367645e+00,2.458400e-04,3.192000e-05,1.050080e-04,7.030400e-05,1.024000e-05,
-1.000000,1024,1024,OS2-i8-fast-16,4.197977e+00,2.557760e-04,3.900800e-05,1.046560e-04,7.304000e-05,1.024000e-05,
-1.000000,1024,1024,OS2-i8-fast-17,4.083787e+00,2.629280e-04,4.004800e-05,1.072000e-04,7.489600e-05,1.024000e-05,
-1.000000,1024,1024,OS2-i8-fast-18,4.017292e+00,2.672800e-04,4.096000e-05,1.073920e-04,7.736000e-05,1.048000e-05,
-1.000000,1024,1024,OS2-i8-fast-19,3.928171e+00,2.733440e-04,4.256000e-05,1.067040e-04,8.048000e-05,1.228800e-05,
-1.000000,1024,1024,OS2-i8-fast-20,3.627702e+00,2.959840e-04,4.403200e-05,1.204160e-04,8.734400e-05,1.228800e-05,
-1.000000,1024,1024,OS2-i8-accu-9,5.170971e+00,2.076480e-04,5.001600e-05,7.841600e-05,4.619200e-05,1.024000e-05,
-1.000000,1024,1024,OS2-i8-accu-10,5.078234e+00,2.114400e-04,4.993600e-05,7.827200e-05,4.915200e-05,1.024000e-05,
-1.000000,1024,1024,OS2-i8-accu-11,4.569892e+00,2.349600e-04,5.195200e-05,9.131200e-05,5.680000e-05,1.024000e-05,
-1.000000,1024,1024,OS2-i8-accu-12,4.508792e+00,2.381440e-04,5.193600e-05,9.107200e-05,5.932800e-05,1.024000e-05,
-1.000000,1024,1024,OS2-i8-accu-13,4.417673e+00,2.430560e-04,5.337600e-05,9.129600e-05,6.142400e-05,1.024000e-05,
-1.000000,1024,1024,OS2-i8-accu-14,4.350938e+00,2.467840e-04,5.361600e-05,9.136000e-05,6.388800e-05,1.024000e-05,
-1.000000,1024,1024,OS2-i8-accu-15,3.973760e+00,2.702080e-04,5.584000e-05,1.046880e-04,7.070400e-05,1.024000e-05,
-1.000000,1024,1024,OS2-i8-accu-16,3.851077e+00,2.788160e-04,6.137600e-05,1.046560e-04,7.276800e-05,1.024000e-05,
-1.000000,1024,1024,OS2-i8-accu-17,3.746796e+00,2.865760e-04,6.396800e-05,1.069440e-04,7.496000e-05,1.024000e-05,
-1.000000,1024,1024,OS2-i8-accu-18,3.679416e+00,2.918240e-04,6.449600e-05,1.074720e-04,7.744000e-05,1.056000e-05,
-1.000000,1024,1024,OS2-i8-accu-19,3.612860e+00,2.972000e-04,6.523200e-05,1.071360e-04,8.057600e-05,1.228800e-05,
-1.000000,1024,1024,OS2-i8-accu-20,3.363347e+00,3.192480e-04,6.667200e-05,1.204480e-04,8.705600e-05,1.228800e-05,
-1.000000,1024,1024,OS2-f8-fast-9,4.426706e+00,2.425600e-04,3.787200e-05,1.174240e-04,5.313600e-05,1.020800e-05,
-1.000000,1024,1024,OS2-f8-fast-10,3.976821e+00,2.700000e-04,4.020800e-05,1.337760e-04,6.086400e-05,1.024000e-05,
-1.000000,1024,1024,OS2-f8-fast-11,3.811921e+00,2.816800e-04,4.497600e-05,1.377120e-04,6.321600e-05,1.020800e-05,
-1.000000,1024,1024,OS2-f8-fast-12,3.473903e+00,3.090880e-04,4.692800e-05,1.544960e-04,7.046400e-05,1.020800e-05,
-1.000000,1024,1024,OS2-f8-fast-13,3.169998e+00,3.387200e-04,6.040000e-05,1.662560e-04,7.422400e-05,1.024000e-05,
-1.000000,1024,1024,OS2-f8-fast-14,3.058605e+00,3.510560e-04,6.443200e-05,1.707840e-04,7.702400e-05,1.020800e-05,
-1.000000,1024,1024,OS2-f8-fast-15,2.822072e+00,3.804800e-04,6.830400e-05,1.868000e-04,8.345600e-05,1.228800e-05,
-1.000000,1024,1024,OS2-f8-fast-16,2.452630e+00,4.377920e-04,1.259680e-04,1.808960e-04,8.774400e-05,1.225600e-05,
-1.000000,1024,1024,OS2-f8-fast-17,2.404302e+00,4.465920e-04,1.300160e-04,1.853760e-04,8.824000e-05,1.228800e-05,
-1.000000,1024,1024,OS2-f8-fast-18,2.263979e+00,4.742720e-04,1.332640e-04,2.008480e-04,9.536000e-05,1.228800e-05,
-1.000000,1024,1024,OS2-f8-fast-19,2.155623e+00,4.981120e-04,1.379680e-04,2.152960e-04,9.969600e-05,1.228800e-05,
-1.000000,1024,1024,OS2-f8-fast-20,2.116665e+00,5.072800e-04,1.419840e-04,2.194080e-04,1.006560e-04,1.228800e-05,
-1.000000,1024,1024,OS2-f8-accu-9,4.114080e+00,2.609920e-04,5.660800e-05,1.175840e-04,5.315200e-05,1.020800e-05,
-1.000000,1024,1024,OS2-f8-accu-10,3.691763e+00,2.908480e-04,6.006400e-05,1.342240e-04,6.076800e-05,1.024000e-05,
-1.000000,1024,1024,OS2-f8-accu-11,3.601420e+00,2.981440e-04,6.214400e-05,1.368640e-04,6.297600e-05,1.020800e-05,
-1.000000,1024,1024,OS2-f8-accu-12,3.297409e+00,3.256320e-04,6.419200e-05,1.542400e-04,7.041600e-05,1.024000e-05,
-1.000000,1024,1024,OS2-f8-accu-13,2.998207e+00,3.581280e-04,8.036800e-05,1.664640e-04,7.318400e-05,1.024000e-05,
-1.000000,1024,1024,OS2-f8-accu-14,2.892998e+00,3.711520e-04,8.419200e-05,1.707200e-04,7.716800e-05,1.020800e-05,
-1.000000,1024,1024,OS2-f8-accu-15,2.674406e+00,4.014880e-04,8.883200e-05,1.863520e-04,8.483200e-05,1.228800e-05,
-1.000000,1024,1024,OS2-f8-accu-16,2.674086e+00,4.015360e-04,9.108800e-05,1.817600e-04,8.585600e-05,1.222400e-05,
-1.000000,1024,1024,OS2-f8-accu-17,2.576947e+00,4.166720e-04,9.571200e-05,1.864960e-04,9.131200e-05,1.228800e-05,
-1.000000,1024,1024,OS2-f8-accu-18,2.448871e+00,4.384640e-04,9.859200e-05,2.008320e-04,9.448000e-05,1.225600e-05,
-1.000000,1024,1024,OS2-f8-accu-19,2.301559e+00,4.665280e-04,1.042880e-04,2.167840e-04,1.007520e-04,1.228800e-05,
-1.000000,1024,1024,OS2-f8-accu-20,2.249258e+00,4.773760e-04,1.078080e-04,2.210240e-04,1.023360e-04,1.225600e-05,
-1.000000,1024,1024,OS1-6,1.480125e+01,7.254400e-05,,,,,
-1.000000,1024,1024,OS1-7,1.480125e+01,7.254400e-05,,,,,
-1.000000,1024,1024,OS1-8,1.482414e+01,7.243200e-05,,,,,
-1.000000,1024,1024,OS1-9,1.482741e+01,7.241600e-05,,,,,
-1.000000,1024,1024,DSYRKX,1.482086e+01,7.244800e-05,,,,,
-1.000000,2048,2048,OS2-i8-fast-9,2.745581e+01,3.128640e-04,7.067200e-05,1.170880e-04,7.910400e-05,2.259200e-05,
-1.000000,2048,2048,OS2-i8-fast-10,2.632753e+01,3.262720e-04,7.267200e-05,1.212640e-04,8.475200e-05,2.454400e-05,
-1.000000,2048,2048,OS2-i8-fast-11,2.383233e+01,3.604320e-04,7.611200e-05,1.388160e-04,9.550400e-05,2.457600e-05,
-1.000000,2048,2048,OS2-i8-fast-12,2.299135e+01,3.736160e-04,7.814400e-05,1.437120e-04,1.013760e-04,2.457600e-05,
-1.000000,2048,2048,OS2-i8-fast-13,2.202999e+01,3.899200e-04,8.148800e-05,1.497600e-04,1.076640e-04,2.457600e-05,
-1.000000,2048,2048,OS2-i8-fast-14,2.116164e+01,4.059200e-04,8.483200e-05,1.553440e-04,1.138080e-04,2.457600e-05,
-1.000000,2048,2048,OS2-i8-fast-15,1.957311e+01,4.388640e-04,8.899200e-05,1.718720e-04,1.242400e-04,2.473600e-05,
-1.000000,2048,2048,OS2-i8-fast-16,1.797960e+01,4.777600e-04,1.140960e-04,1.776480e-04,1.298240e-04,2.662400e-05,
-1.000000,2048,2048,OS2-i8-fast-17,1.731171e+01,4.961920e-04,1.191520e-04,1.844160e-04,1.360960e-04,2.662400e-05,
-1.000000,2048,2048,OS2-i8-fast-18,1.670362e+01,5.142560e-04,1.242240e-04,1.897440e-04,1.423040e-04,2.678400e-05,
-1.000000,2048,2048,OS2-i8-fast-19,1.616546e+01,5.313760e-04,1.283360e-04,1.945440e-04,1.478080e-04,2.873600e-05,
-1.000000,2048,2048,OS2-i8-fast-20,1.533654e+01,5.600960e-04,1.302880e-04,2.103360e-04,1.582240e-04,2.867200e-05,
-1.000000,2048,2048,OS2-i8-accu-9,2.474630e+01,3.471200e-04,1.065760e-04,1.157120e-04,7.910400e-05,2.252800e-05,
-1.000000,2048,2048,OS2-i8-accu-10,2.367469e+01,3.628320e-04,1.104800e-04,1.201920e-04,8.489600e-05,2.281600e-05,
-1.000000,2048,2048,OS2-i8-accu-11,2.154291e+01,3.987360e-04,1.148640e-04,1.377440e-04,9.553600e-05,2.457600e-05,
-1.000000,2048,2048,OS2-i8-accu-12,2.082994e+01,4.123840e-04,1.172800e-04,1.433760e-04,1.009280e-04,2.457600e-05,
-1.000000,2048,2048,OS2-i8-accu-13,2.002054e+01,4.290560e-04,1.213920e-04,1.492320e-04,1.066240e-04,2.457600e-05,
-1.000000,2048,2048,OS2-i8-accu-14,1.934321e+01,4.440800e-04,1.240960e-04,1.549120e-04,1.126720e-04,2.457600e-05,
-1.000000,2048,2048,OS2-i8-accu-15,1.795735e+01,4.783520e-04,1.292000e-04,1.719360e-04,1.227360e-04,2.473600e-05,
-1.000000,2048,2048,OS2-i8-accu-16,1.660545e+01,5.172960e-04,1.541440e-04,1.774880e-04,1.291200e-04,2.662400e-05,
-1.000000,2048,2048,OS2-i8-accu-17,1.602026e+01,5.361920e-04,1.590080e-04,1.836160e-04,1.361120e-04,2.662400e-05,
-1.000000,2048,2048,OS2-i8-accu-18,1.552413e+01,5.533280e-04,1.630080e-04,1.898240e-04,1.418880e-04,2.688000e-05,
-1.000000,2048,2048,OS2-i8-accu-19,1.507768e+01,5.697120e-04,1.669760e-04,1.939360e-04,1.477280e-04,2.894400e-05,
-1.000000,2048,2048,OS2-i8-accu-20,1.429102e+01,6.010720e-04,1.705440e-04,2.109440e-04,1.581120e-04,2.867200e-05,
-1.000000,2048,2048,OS2-f8-fast-9,1.652775e+01,5.197280e-04,1.086080e-04,2.729760e-04,8.902400e-05,2.457600e-05,
-1.000000,2048,2048,OS2-f8-fast-10,1.502199e+01,5.718240e-04,1.172960e-04,3.063520e-04,9.841600e-05,2.457600e-05,
-1.000000,2048,2048,OS2-f8-fast-11,1.396719e+01,6.150080e-04,1.318720e-04,3.244640e-04,1.083520e-04,2.457600e-05,
-1.000000,2048,2048,OS2-f8-fast-12,1.276532e+01,6.729120e-04,1.408320e-04,3.583840e-04,1.192480e-04,2.662400e-05,
-1.000000,2048,2048,OS2-f8-fast-13,1.124926e+01,7.636000e-04,1.949760e-04,3.890560e-04,1.251040e-04,2.662400e-05,
-1.000000,2048,2048,OS2-f8-fast-14,1.068209e+01,8.041440e-04,2.076480e-04,4.068000e-04,1.330560e-04,2.867200e-05,
-1.000000,2048,2048,OS2-f8-fast-15,9.980497e+00,8.606720e-04,2.217920e-04,4.377600e-04,1.413120e-04,2.892800e-05,
-1.000000,2048,2048,OS2-f8-fast-16,7.858066e+00,1.093136e-03,4.424000e-04,4.400800e-04,1.488800e-04,3.072000e-05,
-1.000000,2048,2048,OS2-f8-fast-17,7.549865e+00,1.137760e-03,4.578240e-04,4.568000e-04,1.595680e-04,3.276800e-05,
-1.000000,2048,2048,OS2-f8-fast-18,7.182220e+00,1.196000e-03,4.694240e-04,4.913280e-04,1.699360e-04,3.276800e-05,
-1.000000,2048,2048,OS2-f8-fast-19,6.809022e+00,1.261552e-03,4.875200e-04,5.271040e-04,1.797280e-04,3.481600e-05,
-1.000000,2048,2048,OS2-f8-fast-20,6.618639e+00,1.297840e-03,5.021760e-04,5.434400e-04,1.834720e-04,3.481600e-05,
-1.000000,2048,2048,OS2-f8-accu-9,1.530506e+01,5.612480e-04,1.521120e-04,2.722720e-04,8.745600e-05,2.457600e-05,
-1.000000,2048,2048,OS2-f8-accu-10,1.386726e+01,6.194400e-04,1.603200e-04,3.071520e-04,1.023680e-04,2.457600e-05,
-1.000000,2048,2048,OS2-f8-accu-11,1.318348e+01,6.515680e-04,1.700800e-04,3.239520e-04,1.070720e-04,2.457600e-05,
-1.000000,2048,2048,OS2-f8-accu-12,1.211761e+01,7.088800e-04,1.788480e-04,3.582560e-04,1.179200e-04,2.662400e-05,
-1.000000,2048,2048,OS2-f8-accu-13,1.066405e+01,8.055040e-04,2.371520e-04,3.884640e-04,1.256960e-04,2.662400e-05,
-1.000000,2048,2048,OS2-f8-accu-14,1.016262e+01,8.452480e-04,2.527200e-04,4.042080e-04,1.313760e-04,2.867200e-05,
-1.000000,2048,2048,OS2-f8-accu-15,9.418292e+00,9.120480e-04,2.692800e-04,4.387840e-04,1.440320e-04,2.892800e-05,
-1.000000,2048,2048,OS2-f8-accu-16,9.168504e+00,9.368960e-04,2.856000e-04,4.389600e-04,1.493440e-04,3.072000e-05,
-1.000000,2048,2048,OS2-f8-accu-17,8.765383e+00,9.799840e-04,2.999360e-04,4.557920e-04,1.596800e-04,3.276800e-05,
-1.000000,2048,2048,OS2-f8-accu-18,8.243066e+00,1.042080e-03,3.151840e-04,4.914080e-04,1.700960e-04,3.276800e-05,
-1.000000,2048,2048,OS2-f8-accu-19,7.771615e+00,1.105296e-03,3.317120e-04,5.264960e-04,1.790720e-04,3.481600e-05,
-1.000000,2048,2048,OS2-f8-accu-20,7.511205e+00,1.143616e-03,3.477280e-04,5.420480e-04,1.841600e-04,3.481600e-05,
-1.000000,2048,2048,OS1-6,2.182225e+01,3.936320e-04,,,,,
-1.000000,2048,2048,OS1-7,2.180541e+01,3.939360e-04,,,,,
-1.000000,2048,2048,OS1-8,2.180541e+01,3.939360e-04,,,,,
-1.000000,2048,2048,OS1-9,2.179832e+01,3.940640e-04,,,,,
-1.000000,2048,2048,DSYRKX,2.181959e+01,3.936800e-04,,,,,
-1.000000,4096,4096,OS2-i8-fast-9,7.617621e+01,9.021120e-04,2.116160e-04,3.927680e-04,1.986240e-04,7.577600e-05,
-1.000000,4096,4096,OS2-i8-fast-10,7.097008e+01,9.682880e-04,2.213440e-04,4.267520e-04,2.184000e-04,7.782400e-05,
-1.000000,4096,4096,OS2-i8-fast-11,6.525422e+01,1.053104e-03,2.331200e-04,4.748960e-04,2.413920e-04,7.795200e-05,
-1.000000,4096,4096,OS2-i8-fast-12,6.141370e+01,1.118960e-03,2.433120e-04,5.088160e-04,2.613440e-04,7.987200e-05,
-1.000000,4096,4096,OS2-i8-fast-13,5.781198e+01,1.188672e-03,2.557600e-04,5.440960e-04,2.802560e-04,8.192000e-05,
-1.000000,4096,4096,OS2-i8-fast-14,5.375698e+01,1.278336e-03,2.688640e-04,5.938240e-04,3.037120e-04,8.396800e-05,
-1.000000,4096,4096,OS2-i8-fast-15,5.136415e+01,1.337888e-03,2.831360e-04,6.184640e-04,3.224640e-04,8.606400e-05,
-1.000000,4096,4096,OS2-i8-fast-16,4.594138e+01,1.495808e-03,3.805600e-04,6.543520e-04,3.422560e-04,8.873600e-05,
-1.000000,4096,4096,OS2-i8-fast-17,4.373382e+01,1.571312e-03,3.993440e-04,6.870400e-04,3.621280e-04,9.216000e-05,
-1.000000,4096,4096,OS2-i8-fast-18,4.141684e+01,1.659216e-03,4.170720e-04,7.314560e-04,3.854880e-04,9.420800e-05,
-1.000000,4096,4096,OS2-i8-fast-19,3.975202e+01,1.728704e-03,4.356800e-04,7.585920e-04,4.033920e-04,9.830400e-05,
-1.000000,4096,4096,OS2-i8-fast-20,3.832294e+01,1.793168e-03,4.460800e-04,7.912000e-04,4.229760e-04,1.003520e-04,
-1.000000,4096,4096,OS2-i8-accu-9,6.722651e+01,1.022208e-03,3.341600e-04,3.901760e-04,1.979360e-04,7.577600e-05,
-1.000000,4096,4096,OS2-i8-accu-10,6.298068e+01,1.091120e-03,3.476480e-04,4.242560e-04,2.170240e-04,7.782400e-05,
-1.000000,4096,4096,OS2-i8-accu-11,5.837536e+01,1.177200e-03,3.615680e-04,4.717440e-04,2.400480e-04,7.792000e-05,
-1.000000,4096,4096,OS2-i8-accu-12,5.524784e+01,1.243840e-03,3.699040e-04,5.072640e-04,2.602560e-04,7.987200e-05,
-1.000000,4096,4096,OS2-i8-accu-13,5.218165e+01,1.316928e-03,3.849440e-04,5.425600e-04,2.804800e-04,8.195200e-05,
-1.000000,4096,4096,OS2-i8-accu-14,4.915106e+01,1.398128e-03,3.939360e-04,5.880160e-04,3.041920e-04,8.396800e-05,
-1.000000,4096,4096,OS2-i8-accu-15,4.694415e+01,1.463856e-03,4.118080e-04,6.147840e-04,3.218880e-04,8.608000e-05,
-1.000000,4096,4096,OS2-i8-accu-16,4.243829e+01,1.619280e-03,5.091040e-04,6.495680e-04,3.420160e-04,8.841600e-05,
-1.000000,4096,4096,OS2-i8-accu-17,4.058250e+01,1.693328e-03,5.264320e-04,6.818720e-04,3.623360e-04,9.216000e-05,
-1.000000,4096,4096,OS2-i8-accu-18,3.848537e+01,1.785600e-03,5.454400e-04,7.292960e-04,3.853440e-04,9.420800e-05,
-1.000000,4096,4096,OS2-i8-accu-19,3.706904e+01,1.853824e-03,5.622720e-04,7.573440e-04,4.034880e-04,9.830400e-05,
-1.000000,4096,4096,OS2-i8-accu-20,3.579438e+01,1.919840e-03,5.735680e-04,7.895360e-04,4.227360e-04,1.003520e-04,
-1.000000,4096,4096,OS2-f8-fast-9,3.862068e+01,1.779344e-03,3.595040e-04,1.072192e-03,2.450720e-04,7.756800e-05,
-1.000000,4096,4096,OS2-f8-fast-10,3.537282e+01,1.942720e-03,3.917600e-04,1.177840e-03,2.692160e-04,7.772800e-05,
-1.000000,4096,4096,OS2-f8-fast-11,3.190532e+01,2.153856e-03,4.492160e-04,1.299344e-03,2.981440e-04,8.060800e-05,
-1.000000,4096,4096,OS2-f8-fast-12,2.987762e+01,2.300032e-03,4.835680e-04,1.386432e-03,3.207040e-04,8.188800e-05,
-1.000000,4096,4096,OS2-f8-fast-13,2.572391e+01,2.671424e-03,6.992800e-04,1.510752e-03,3.488960e-04,8.393600e-05,
-1.000000,4096,4096,OS2-f8-fast-14,2.401315e+01,2.861744e-03,7.672160e-04,1.607232e-03,3.723040e-04,8.595200e-05,
-1.000000,4096,4096,OS2-f8-fast-15,2.259082e+01,3.041920e-03,8.363360e-04,1.689952e-03,3.949600e-04,8.998400e-05,
-1.000000,4096,4096,OS2-f8-fast-16,1.732491e+01,3.966512e-03,1.593264e-03,1.822768e-03,4.219040e-04,9.408000e-05,
-1.000000,4096,4096,OS2-f8-fast-17,1.649462e+01,4.166176e-03,1.652032e-03,1.938368e-03,4.467680e-04,9.619200e-05,
-1.000000,4096,4096,OS2-f8-fast-18,1.586838e+01,4.330592e-03,1.729664e-03,2.001680e-03,4.655520e-04,1.003520e-04,
-1.000000,4096,4096,OS2-f8-fast-19,1.507419e+01,4.558752e-03,1.801824e-03,2.124496e-03,4.949920e-04,1.023840e-04,
-1.000000,4096,4096,OS2-f8-fast-20,1.454201e+01,4.725584e-03,1.856528e-03,2.210656e-03,5.176480e-04,1.062080e-04,
-1.000000,4096,4096,OS2-f8-accu-9,3.589849e+01,1.914272e-03,4.968320e-04,1.070096e-03,2.444800e-04,7.766400e-05,
-1.000000,4096,4096,OS2-f8-accu-10,3.298467e+01,2.083376e-03,5.349760e-04,1.176032e-03,2.694080e-04,7.776000e-05,
-1.000000,4096,4096,OS2-f8-accu-11,3.033298e+01,2.265504e-03,5.730720e-04,1.287584e-03,2.970400e-04,7.977600e-05,
-1.000000,4096,4096,OS2-f8-accu-12,2.834513e+01,2.424384e-03,6.067200e-04,1.385968e-03,3.216800e-04,8.188800e-05,
-1.000000,4096,4096,OS2-f8-accu-13,2.450892e+01,2.803856e-03,8.329920e-04,1.508880e-03,3.481600e-04,8.393600e-05,
-1.000000,4096,4096,OS2-f8-accu-14,2.303982e+01,2.982640e-03,8.929760e-04,1.600800e-03,3.723040e-04,8.592000e-05,
-1.000000,4096,4096,OS2-f8-accu-15,2.177754e+01,3.155520e-03,9.539680e-04,1.685776e-03,3.948800e-04,8.998400e-05,
-1.000000,4096,4096,OS2-f8-accu-16,2.042383e+01,3.364672e-03,1.016192e-03,1.799024e-03,4.225920e-04,9.404800e-05,
-1.000000,4096,4096,OS2-f8-accu-17,1.935498e+01,3.550480e-03,1.076304e-03,1.898192e-03,4.455360e-04,9.616000e-05,
-1.000000,4096,4096,OS2-f8-accu-18,1.860163e+01,3.694272e-03,1.133376e-03,1.958832e-03,4.673600e-04,1.002400e-04,
-1.000000,4096,4096,OS2-f8-accu-19,1.756195e+01,3.912976e-03,1.201168e-03,2.080208e-03,4.947680e-04,1.023520e-04,
-1.000000,4096,4096,OS2-f8-accu-20,1.675091e+01,4.102432e-03,1.261376e-03,2.181008e-03,5.189280e-04,1.047680e-04,
-1.000000,4096,4096,OS1-6,2.309594e+01,2.975392e-03,,,,,
-1.000000,4096,4096,OS1-7,2.309520e+01,2.975488e-03,,,,,
-1.000000,4096,4096,OS1-8,2.309619e+01,2.975360e-03,,,,,
-1.000000,4096,4096,OS1-9,2.309445e+01,2.975584e-03,,,,,
-1.000000,4096,4096,DSYRKX,2.309408e+01,2.975632e-03,,,,,
-1.000000,8192,8192,OS2-i8-fast-9,1.538898e+02,3.572400e-03,7.737600e-04,2.004688e-03,4.865760e-04,2.826240e-04,
-1.000000,8192,8192,OS2-i8-fast-10,1.418493e+02,3.875632e-03,8.230400e-04,2.203600e-03,5.371360e-04,2.869760e-04,
-1.000000,8192,8192,OS2-i8-fast-11,1.310325e+02,4.195568e-03,8.831040e-04,2.402896e-03,5.891520e-04,2.928640e-04,
-1.000000,8192,8192,OS2-i8-fast-12,1.218612e+02,4.511328e-03,9.205280e-04,2.621920e-03,6.450720e-04,2.969600e-04,
-1.000000,8192,8192,OS2-i8-fast-13,1.140254e+02,4.821344e-03,9.741280e-04,2.820752e-03,6.942240e-04,3.031040e-04,
-1.000000,8192,8192,OS2-i8-fast-14,1.060967e+02,5.181648e-03,1.039680e-03,3.048976e-03,7.501280e-04,3.114400e-04,
-1.000000,8192,8192,OS2-i8-fast-15,9.961105e+01,5.519024e-03,1.094144e-03,3.274064e-03,8.036960e-04,3.176960e-04,
-1.000000,8192,8192,OS2-i8-fast-16,9.021998e+01,6.093504e-03,1.481392e-03,3.412320e-03,8.503360e-04,3.239520e-04,
-1.000000,8192,8192,OS2-i8-fast-17,8.528169e+01,6.446352e-03,1.560192e-03,3.614288e-03,9.015680e-04,3.370880e-04,
-1.000000,8192,8192,OS2-i8-fast-18,8.250786e+01,6.663072e-03,1.609456e-03,3.729008e-03,9.458880e-04,3.440640e-04,
-1.000000,8192,8192,OS2-i8-fast-19,7.773468e+01,7.072208e-03,1.691536e-03,3.977504e-03,1.003904e-03,3.624960e-04,
-1.000000,8192,8192,OS2-i8-fast-20,7.448781e+01,7.380480e-03,1.754752e-03,4.169040e-03,1.055824e-03,3.665920e-04,
-1.000000,8192,8192,OS2-i8-accu-9,1.361251e+02,4.038608e-03,1.258880e-03,1.983040e-03,4.879200e-04,2.826240e-04,
-1.000000,8192,8192,OS2-i8-accu-10,1.275569e+02,4.309888e-03,1.307424e-03,2.154032e-03,5.364800e-04,2.877440e-04,
-1.000000,8192,8192,OS2-i8-accu-11,1.190760e+02,4.616848e-03,1.368816e-03,2.344064e-03,5.856640e-04,2.908160e-04,
-1.000000,8192,8192,OS2-i8-accu-12,1.101132e+02,4.992640e-03,1.416880e-03,2.607360e-03,6.432160e-04,2.969600e-04,
-1.000000,8192,8192,OS2-i8-accu-13,1.043414e+02,5.268816e-03,1.468624e-03,2.777312e-03,6.932160e-04,3.031040e-04,
-1.000000,8192,8192,OS2-i8-accu-14,9.794289e+01,5.613024e-03,1.525648e-03,3.008928e-03,7.446240e-04,3.092480e-04,
-1.000000,8192,8192,OS2-i8-accu-15,9.215555e+01,5.965520e-03,1.591392e-03,3.225248e-03,7.996320e-04,3.153920e-04,
-1.000000,8192,8192,OS2-i8-accu-16,8.438692e+01,6.514704e-03,1.973024e-03,3.341488e-03,8.455680e-04,3.225600e-04,
-1.000000,8192,8192,OS2-i8-accu-17,8.092318e+01,6.793552e-03,2.033136e-03,3.502064e-03,8.935040e-04,3.338240e-04,
-1.000000,8192,8192,OS2-i8-accu-18,7.729384e+01,7.112544e-03,2.105488e-03,3.684592e-03,9.431520e-04,3.423360e-04,
-1.000000,8192,8192,OS2-i8-accu-19,7.349189e+01,7.480496e-03,2.173760e-03,3.910400e-03,9.986240e-04,3.604640e-04,
-1.000000,8192,8192,OS2-i8-accu-20,7.101071e+01,7.741872e-03,2.218224e-03,4.078816e-03,1.046848e-03,3.625600e-04,
-1.000000,8192,8192,OS2-f8-fast-9,6.124774e+01,8.975936e-03,1.703808e-03,6.216512e-03,7.181280e-04,3.215200e-04,
-1.000000,8192,8192,OS2-f8-fast-10,5.589712e+01,9.835136e-03,1.866432e-03,6.817536e-03,7.908000e-04,3.276800e-04,
-1.000000,8192,8192,OS2-f8-fast-11,5.097672e+01,1.078445e-02,2.089824e-03,7.473648e-03,8.731840e-04,3.307520e-04,
-1.000000,8192,8192,OS2-f8-fast-12,4.628628e+01,1.187730e-02,2.352896e-03,8.202400e-03,9.555840e-04,3.420320e-04,
-1.000000,8192,8192,OS2-f8-fast-13,4.133318e+01,1.330059e-02,3.238400e-03,8.659792e-03,1.030336e-03,3.399680e-04,
-1.000000,8192,8192,OS2-f8-fast-14,3.832743e+01,1.434366e-02,3.606368e-03,9.240080e-03,1.107328e-03,3.483680e-04,
-1.000000,8192,8192,OS2-f8-fast-15,3.592574e+01,1.530256e-02,3.900976e-03,9.824784e-03,1.177488e-03,3.624960e-04,
-1.000000,8192,8192,OS2-f8-fast-16,3.121189e+01,1.761366e-02,6.256032e-03,9.730240e-03,1.231376e-03,3.522240e-04,
-1.000000,8192,8192,OS2-f8-fast-17,2.766888e+01,1.986910e-02,7.177264e-03,1.095734e-02,1.307648e-03,3.747840e-04,
-1.000000,8192,8192,OS2-f8-fast-18,2.753780e+01,1.996368e-02,6.960368e-03,1.121605e-02,1.370000e-03,3.809280e-04,
-1.000000,8192,8192,OS2-f8-fast-19,2.726777e+01,2.016138e-02,6.875184e-03,1.141786e-02,1.443856e-03,3.849920e-04,
-1.000000,8192,8192,OS2-f8-fast-20,2.589371e+01,2.123125e-02,7.194000e-03,1.206706e-02,1.519296e-03,3.973120e-04,
-1.000000,8192,8192,OS2-f8-accu-9,5.873269e+01,9.360304e-03,2.225152e-03,6.078944e-03,7.145440e-04,3.136160e-04,
-1.000000,8192,8192,OS2-f8-accu-10,5.350442e+01,1.027496e-02,2.438752e-03,6.715696e-03,7.879840e-04,3.228320e-04,
-1.000000,8192,8192,OS2-f8-accu-11,4.827372e+01,1.138830e-02,2.660576e-03,7.482928e-03,8.732640e-04,3.316480e-04,
-1.000000,8192,8192,OS2-f8-accu-12,4.479173e+01,1.227360e-02,2.850640e-03,8.104016e-03,9.508160e-04,3.379040e-04,
-1.000000,8192,8192,OS2-f8-accu-13,3.999765e+01,1.374470e-02,3.794208e-03,8.607520e-03,1.027696e-03,3.398080e-04,
-1.000000,8192,8192,OS2-f8-accu-14,3.738977e+01,1.470338e-02,4.084896e-03,9.163408e-03,1.104768e-03,3.467680e-04,
-1.000000,8192,8192,OS2-f8-accu-15,3.519928e+01,1.561838e-02,4.279536e-03,9.754816e-03,1.173552e-03,3.615360e-04,
-1.000000,8192,8192,OS2-f8-accu-16,3.297239e+01,1.667322e-02,4.572784e-03,1.042805e-02,1.251216e-03,3.728800e-04,
-1.000000,8192,8192,OS2-f8-accu-17,3.118824e+01,1.762702e-02,4.829968e-03,1.102568e-02,1.317936e-03,3.830880e-04,
-1.000000,8192,8192,OS2-f8-accu-18,2.949703e+01,1.863766e-02,5.181568e-03,1.162619e-02,1.390992e-03,3.962880e-04,
-1.000000,8192,8192,OS2-f8-accu-19,2.752333e+01,1.997418e-02,5.629840e-03,1.241733e-02,1.475840e-03,4.098240e-04,
-1.000000,8192,8192,OS2-f8-accu-20,2.752214e+01,1.997504e-02,5.411472e-03,1.257912e-02,1.534384e-03,4.095680e-04,
-1.000000,8192,8192,OS1-6,5.317602e+01,1.033842e-02,,,,,
-1.000000,8192,8192,OS1-7,4.862019e+01,1.130715e-02,,,,,
-1.000000,8192,8192,OS1-8,4.446038e+01,1.236507e-02,,,,,
-1.000000,8192,8192,OS1-9,4.050232e+01,1.357344e-02,,,,,
-1.000000,8192,8192,DSYRKX,2.643437e+01,2.079701e-02,,,,,
-1.000000,16384,16384,OS2-i8-fast-9,2.198904e+02,2.000109e-02,3.421904e-03,1.343253e-02,1.902400e-03,1.203232e-03,
-1.000000,16384,16384,OS2-i8-fast-10,2.018217e+02,2.179174e-02,3.639488e-03,1.477261e-02,2.120672e-03,1.231872e-03,
-1.000000,16384,16384,OS2-i8-fast-11,1.836988e+02,2.394162e-02,3.959952e-03,1.631813e-02,2.373200e-03,1.273840e-03,
-1.000000,16384,16384,OS2-i8-fast-12,1.693391e+02,2.597182e-02,4.188576e-03,1.791573e-02,2.586368e-03,1.284608e-03,
-1.000000,16384,16384,OS2-i8-fast-13,1.580607e+02,2.782504e-02,4.471280e-03,1.925138e-02,2.805456e-03,1.326128e-03,
-1.000000,16384,16384,OS2-i8-fast-14,1.475847e+02,2.980014e-02,4.728304e-03,2.066741e-02,3.041440e-03,1.356816e-03,
-1.000000,16384,16384,OS2-i8-fast-15,1.383533e+02,3.178851e-02,5.020224e-03,2.214347e-02,3.232464e-03,1.388464e-03,
-1.000000,16384,16384,OS2-i8-fast-16,1.268778e+02,3.466363e-02,6.893232e-03,2.332158e-02,3.434608e-03,1.394176e-03,
-1.000000,16384,16384,OS2-i8-fast-17,1.196856e+02,3.674666e-02,7.339888e-03,2.447587e-02,3.628928e-03,1.437696e-03,
-1.000000,16384,16384,OS2-i8-fast-18,1.144621e+02,3.842361e-02,7.588352e-03,2.560835e-02,3.812448e-03,1.482768e-03,
-1.000000,16384,16384,OS2-i8-fast-19,1.081702e+02,4.065856e-02,8.031376e-03,2.705493e-02,3.985344e-03,1.548288e-03,
-1.000000,16384,16384,OS2-i8-fast-20,1.030636e+02,4.267315e-02,8.496368e-03,2.829488e-02,4.201440e-03,1.601072e-03,
-1.000000,16384,16384,OS2-i8-accu-9,1.963174e+02,2.240274e-02,5.953632e-03,1.327619e-02,1.869568e-03,1.181696e-03,
-1.000000,16384,16384,OS2-i8-accu-10,1.816798e+02,2.420768e-02,6.266096e-03,1.462677e-02,2.092000e-03,1.220096e-03,
-1.000000,16384,16384,OS2-i8-accu-11,1.670260e+02,2.633150e-02,6.586560e-03,1.597630e-02,2.308480e-03,1.239040e-03,
-1.000000,16384,16384,OS2-i8-accu-12,1.559882e+02,2.819474e-02,6.831424e-03,1.753992e-02,2.530192e-03,1.262592e-03,
-1.000000,16384,16384,OS2-i8-accu-13,1.465691e+02,3.000664e-02,7.076384e-03,1.890646e-02,2.738272e-03,1.285616e-03,
-1.000000,16384,16384,OS2-i8-accu-14,1.377055e+02,3.193806e-02,7.366000e-03,2.031619e-02,2.977376e-03,1.315760e-03,
-1.000000,16384,16384,OS2-i8-accu-15,1.288928e+02,3.412174e-02,7.732848e-03,2.188386e-02,3.195008e-03,1.346560e-03,
-1.000000,16384,16384,OS2-i8-accu-16,1.180817e+02,3.724579e-02,9.708992e-03,2.286354e-02,3.370128e-03,1.365968e-03,
-1.000000,16384,16384,OS2-i8-accu-17,1.123462e+02,3.914725e-02,1.011739e-02,2.408914e-02,3.557072e-03,1.428608e-03,
-1.000000,16384,16384,OS2-i8-accu-18,1.074045e+02,4.094843e-02,1.051237e-02,2.532427e-02,3.739088e-03,1.420768e-03,
-1.000000,16384,16384,OS2-i8-accu-19,1.014428e+02,4.335493e-02,1.094688e-02,2.683346e-02,3.948272e-03,1.549312e-03,
-1.000000,16384,16384,OS2-i8-accu-20,9.666356e+01,4.549850e-02,1.145402e-02,2.827405e-02,4.189776e-03,1.578592e-03,
-1.000000,16384,16384,OS2-f8-fast-9,8.073287e+01,5.447653e-02,6.893824e-03,4.368262e-02,2.604416e-03,1.289216e-03,
-1.000000,16384,16384,OS2-f8-fast-10,7.295954e+01,6.028062e-02,7.714672e-03,4.833568e-02,2.896912e-03,1.330176e-03,
-1.000000,16384,16384,OS2-f8-fast-11,6.608223e+01,6.655415e-02,8.739232e-03,5.333623e-02,3.194624e-03,1.349632e-03,
-1.000000,16384,16384,OS2-f8-fast-12,6.065193e+01,7.251288e-02,9.678176e-03,5.781528e-02,3.487232e-03,1.388544e-03,
-1.000000,16384,16384,OS2-f8-fast-13,5.419203e+01,8.115670e-02,1.426426e-02,6.160736e-02,3.758112e-03,1.419776e-03,
-1.000000,16384,16384,OS2-f8-fast-14,5.052043e+01,8.705482e-02,1.600544e-02,6.565123e-02,4.038560e-03,1.465344e-03,
-1.000000,16384,16384,OS2-f8-fast-15,4.726077e+01,9.305914e-02,1.756678e-02,6.971398e-02,4.310784e-03,1.541120e-03,
-1.000000,16384,16384,OS2-f8-fast-16,4.108089e+01,1.070582e-01,2.922816e-02,7.191565e-02,4.560256e-03,1.580944e-03,
-1.000000,16384,16384,OS2-f8-fast-17,3.875803e+01,1.134745e-01,3.114048e-02,7.606326e-02,4.857024e-03,1.633280e-03,
-1.000000,16384,16384,OS2-f8-fast-18,3.656884e+01,1.202676e-01,3.250760e-02,8.071782e-02,5.169440e-03,1.689552e-03,
-1.000000,16384,16384,OS2-f8-fast-19,3.480302e+01,1.263697e-01,3.302279e-02,8.612920e-02,5.461824e-03,1.731024e-03,
-1.000000,16384,16384,OS2-f8-fast-20,3.311046e+01,1.328295e-01,3.442165e-02,9.096117e-02,5.767408e-03,1.770496e-03,
-1.000000,16384,16384,OS2-f8-accu-9,7.627836e+01,5.765786e-02,1.026118e-02,4.354637e-02,2.596896e-03,1.288960e-03,
-1.000000,16384,16384,OS2-f8-accu-10,6.966158e+01,6.313446e-02,1.113533e-02,4.789085e-02,2.887408e-03,1.328128e-03,
-1.000000,16384,16384,OS2-f8-accu-11,6.354433e+01,6.921226e-02,1.196355e-02,5.251770e-02,3.180640e-03,1.349632e-03,
-1.000000,16384,16384,OS2-f8-accu-12,5.861600e+01,7.503150e-02,1.280592e-02,5.733811e-02,3.476144e-03,1.385472e-03,
-1.000000,16384,16384,OS2-f8-accu-13,5.248932e+01,8.378936e-02,1.749842e-02,6.111771e-02,3.752480e-03,1.418064e-03,
-1.000000,16384,16384,OS2-f8-accu-14,4.912186e+01,8.953338e-02,1.902426e-02,6.507248e-02,4.027136e-03,1.465344e-03,
-1.000000,16384,16384,OS2-f8-accu-15,4.606057e+01,9.548397e-02,2.014976e-02,6.939965e-02,4.306112e-03,1.531040e-03,
-1.000000,16384,16384,OS2-f8-accu-16,4.357267e+01,1.009359e-01,2.155963e-02,7.297806e-02,4.580640e-03,1.590336e-03,
-1.000000,16384,16384,OS2-f8-accu-17,4.098251e+01,1.073152e-01,2.314408e-02,7.775024e-02,4.884448e-03,1.655728e-03,
-1.000000,16384,16384,OS2-f8-accu-18,3.875869e+01,1.134725e-01,2.398173e-02,8.240925e-02,5.196288e-03,1.701888e-03,
-1.000000,16384,16384,OS2-f8-accu-19,3.666064e+01,1.199664e-01,2.539210e-02,8.723789e-02,5.483296e-03,1.745920e-03,
-1.000000,16384,16384,OS2-f8-accu-20,3.492494e+01,1.259285e-01,2.678682e-02,9.194030e-02,5.783392e-03,1.790928e-03,
-1.000000,16384,16384,OS1-6,7.712738e+01,5.702315e-02,,,,,
-1.000000,16384,16384,OS1-7,6.657464e+01,6.606189e-02,,,,,
-1.000000,16384,16384,OS1-8,5.721833e+01,7.686429e-02,,,,,
-1.000000,16384,16384,OS1-9,4.977712e+01,8.835479e-02,,,,,
-1.000000,16384,16384,DSYRKX,2.857716e+01,1.539008e-01,,,,,
-1.000000,32768,32768,OS2-i8-fast-9,2.695422e+02,1.305338e-01,1.576422e-02,1.010212e-01,8.080768e-03,5.286912e-03,
-1.000000,32768,32768,OS2-i8-fast-10,2.449146e+02,1.436598e-01,1.655592e-02,1.125996e-01,9.141104e-03,5.408176e-03,
-1.000000,32768,32768,OS2-i8-fast-11,2.234251e+02,1.574772e-01,1.802480e-02,1.240771e-01,1.014179e-02,5.532672e-03,
-1.000000,32768,32768,OS2-i8-fast-12,2.058974e+02,1.708830e-01,1.887850e-02,1.354332e-01,1.101486e-02,5.635088e-03,
-1.000000,32768,32768,OS2-i8-fast-13,1.907752e+02,1.844284e-01,2.004902e-02,1.468291e-01,1.201990e-02,5.774336e-03,
-1.000000,32768,32768,OS2-i8-fast-14,1.763737e+02,1.994876e-01,2.134794e-02,1.592255e-01,1.311875e-02,5.907616e-03,
-1.000000,32768,32768,OS2-i8-fast-15,1.657518e+02,2.122715e-01,2.308566e-02,1.696668e-01,1.389509e-02,6.199296e-03,
-1.000000,32768,32768,OS2-i8-fast-16,1.527833e+02,2.302894e-01,2.890762e-02,1.802782e-01,1.502221e-02,6.283296e-03,
-1.000000,32768,32768,OS2-i8-fast-17,1.441257e+02,2.441227e-01,3.044082e-02,1.910722e-01,1.597219e-02,6.488128e-03,
-1.000000,32768,32768,OS2-i8-fast-18,1.380441e+02,2.548777e-01,3.133541e-02,2.002390e-01,1.679269e-02,6.650992e-03,
-1.000000,32768,32768,OS2-i8-fast-19,1.313636e+02,2.678395e-01,3.450522e-02,2.095411e-01,1.759314e-02,6.970880e-03,
-1.000000,32768,32768,OS2-i8-fast-20,1.258209e+02,2.796386e-01,3.378493e-02,2.201151e-01,1.856842e-02,7.205392e-03,
-1.000000,32768,32768,OS2-i8-accu-9,2.458460e+02,1.431155e-01,3.006283e-02,9.980102e-02,8.080992e-03,5.190656e-03,
-1.000000,32768,32768,OS2-i8-accu-10,2.237050e+02,1.572802e-01,3.272915e-02,1.108397e-01,9.036928e-03,5.393408e-03,
-1.000000,32768,32768,OS2-i8-accu-11,2.059294e+02,1.708565e-01,3.299002e-02,1.223232e-01,1.007211e-02,5.543936e-03,
-1.000000,32768,32768,OS2-i8-accu-12,1.905596e+02,1.846371e-01,3.372157e-02,1.349110e-01,1.103328e-02,5.620640e-03,
-1.000000,32768,32768,OS2-i8-accu-13,1.777740e+02,1.979163e-01,3.499254e-02,1.454280e-01,1.192704e-02,5.762048e-03,
-1.000000,32768,32768,OS2-i8-accu-14,1.667012e+02,2.110626e-01,3.539811e-02,1.566485e-01,1.290333e-02,5.985200e-03,
-1.000000,32768,32768,OS2-i8-accu-15,1.563398e+02,2.250506e-01,3.718142e-02,1.672802e-01,1.381155e-02,6.183856e-03,
-1.000000,32768,32768,OS2-i8-accu-16,1.448120e+02,2.429658e-01,4.207946e-02,1.791811e-01,1.498949e-02,6.216688e-03,
-1.000000,32768,32768,OS2-i8-accu-17,1.384526e+02,2.541258e-01,4.307802e-02,1.878035e-01,1.575962e-02,6.437872e-03,
-1.000000,32768,32768,OS2-i8-accu-18,1.320870e+02,2.663728e-01,4.466206e-02,1.988057e-01,1.657683e-02,6.645760e-03,
-1.000000,32768,32768,OS2-i8-accu-19,1.254884e+02,2.803795e-01,4.689414e-02,2.081489e-01,1.749917e-02,6.919152e-03,
-1.000000,32768,32768,OS2-i8-accu-20,1.203453e+02,2.923619e-01,4.667176e-02,2.198123e-01,1.845245e-02,7.197184e-03,
-1.000000,32768,32768,OS2-f8-fast-9,9.467543e+01,3.716315e-01,2.797325e-02,3.276677e-01,1.072637e-02,5.419136e-03,
-1.000000,32768,32768,OS2-f8-fast-10,8.556977e+01,4.111776e-01,3.049702e-02,3.638357e-01,1.194549e-02,5.583872e-03,
-1.000000,32768,32768,OS2-f8-fast-11,7.784888e+01,4.519573e-01,3.445136e-02,3.988732e-01,1.314586e-02,5.661776e-03,
-1.000000,32768,32768,OS2-f8-fast-12,7.131032e+01,4.933981e-01,3.720488e-02,4.354930e-01,1.437490e-02,5.885392e-03,
-1.000000,32768,32768,OS2-f8-fast-13,6.479457e+01,5.430142e-01,5.054933e-02,4.702586e-01,1.552746e-02,6.031392e-03,
-1.000000,32768,32768,OS2-f8-fast-14,6.037420e+01,5.827717e-01,5.479506e-02,5.046677e-01,1.676427e-02,6.136832e-03,
-1.000000,32768,32768,OS2-f8-fast-15,5.646329e+01,6.231371e-01,5.951761e-02,5.387639e-01,1.796010e-02,6.410272e-03,
-1.000000,32768,32768,OS2-f8-fast-16,5.088547e+01,6.914424e-01,1.062106e-01,5.584846e-01,1.893306e-02,6.777344e-03,
-1.000000,32768,32768,OS2-f8-fast-17,4.803472e+01,7.324779e-01,1.128074e-01,5.922830e-01,2.018104e-02,7.119520e-03,
-1.000000,32768,32768,OS2-f8-fast-18,4.557463e+01,7.720166e-01,1.138409e-01,6.292036e-01,2.145498e-02,7.306752e-03,
-1.000000,32768,32768,OS2-f8-fast-19,4.307291e+01,8.168562e-01,1.186548e-01,6.676806e-01,2.271338e-02,7.478784e-03,
-1.000000,32768,32768,OS2-f8-accu-9,9.064912e+01,3.881381e-01,4.403502e-02,3.272695e-01,1.071163e-02,5.459344e-03,
-1.000000,32768,32768,OS2-f8-accu-10,8.224343e+01,4.278077e-01,4.679176e-02,3.629030e-01,1.195707e-02,5.606912e-03,
-1.000000,32768,32768,OS2-f8-accu-11,7.506248e+01,4.687345e-01,5.001755e-02,4.007466e-01,1.319014e-02,5.693440e-03,
-1.000000,32768,32768,OS2-f8-accu-12,6.935574e+01,5.073029e-01,5.184010e-02,4.352492e-01,1.438475e-02,5.821536e-03,
-1.000000,32768,32768,OS2-f8-accu-13,6.293945e+01,5.590194e-01,6.686637e-02,4.697198e-01,1.553170e-02,5.978112e-03,
-1.000000,32768,32768,OS2-f8-accu-14,5.897920e+01,5.965556e-01,7.044987e-02,5.037574e-01,1.673701e-02,6.150016e-03,
-1.000000,32768,32768,OS2-f8-accu-15,5.578239e+01,6.307434e-01,7.553925e-02,5.315710e-01,1.789323e-02,6.461312e-03,
-1.000000,32768,32768,OS2-f8-accu-16,5.263794e+01,6.684223e-01,7.947211e-02,5.625109e-01,1.902358e-02,6.775312e-03,
-1.000000,32768,32768,OS2-f8-accu-17,4.977837e+01,7.068206e-01,8.381656e-02,5.963003e-01,2.023856e-02,7.040000e-03,
-1.000000,32768,32768,OS2-f8-accu-18,4.702126e+01,7.482653e-01,8.886928e-02,6.311321e-01,2.153206e-02,7.339520e-03,
-1.000000,32768,32768,OS2-f8-accu-19,4.437527e+01,7.928824e-01,9.105448e-02,6.696913e-01,2.273475e-02,7.458816e-03,
-1.000000,32768,32768,OS1-6,9.288385e+01,3.787997e-01,,,,,
-1.000000,32768,32768,OS1-7,7.563626e+01,4.651786e-01,,,,,
-1.000000,32768,32768,OS1-8,6.283844e+01,5.599180e-01,,,,,
-1.000000,32768,32768,OS1-9,5.327224e+01,6.604635e-01,,,,,
-1.000000,32768,32768,DSYRKX,2.900141e+01,1.213195e+00,,,,,
