phi,m,n,k,function,TFLOPS,total_time[sec],quantization,low_prec_gemm,requantization,dequantization,
-1.000000e+00,1024,1024,1024,DGEMM,6.973065e-01,3.079684e-03,,,,,
-1.000000e+00,1024,1024,1024,OS2-fast-9,1.382960e+00,1.552816e-03,2.233995e-04,7.708280e-04,3.908800e-04,1.321855e-04,
-1.000000e+00,1024,1024,1024,OS2-fast-10,1.252277e+00,1.714863e-03,2.351900e-04,8.625030e-04,4.295085e-04,1.538820e-04,
-1.000000e+00,1024,1024,1024,OS2-fast-11,1.166553e+00,1.840879e-03,2.333220e-04,9.332860e-04,4.758210e-04,1.615470e-04,
-1.000000e+00,1024,1024,1024,OS2-fast-12,1.077881e+00,1.992321e-03,2.468375e-04,1.027009e-03,5.127580e-04,1.694865e-04,
-1.000000e+00,1024,1024,1024,OS2-fast-13,9.935311e-01,2.161466e-03,2.990590e-04,1.111124e-03,5.373295e-04,1.784335e-04,
-1.000000e+00,1024,1024,1024,OS2-fast-14,9.137886e-01,2.350088e-03,3.141470e-04,1.214086e-03,6.015980e-04,1.857730e-04,
-1.000000e+00,1024,1024,1024,OS2-fast-15,8.619261e-01,2.491494e-03,3.230450e-04,1.292000e-03,6.496575e-04,1.928870e-04,
-1.000000e+00,1024,1024,1024,OS2-fast-16,8.119230e-01,2.644935e-03,3.382565e-04,1.385002e-03,6.843525e-04,2.009045e-04,
-1.000000e+00,1024,1024,1024,OS2-fast-17,7.614863e-01,2.820121e-03,3.558855e-04,1.479127e-03,7.405980e-04,2.078600e-04,
-1.000000e+00,1024,1024,1024,OS2-fast-18,7.249165e-01,2.962387e-03,3.747995e-04,1.558695e-03,7.747245e-04,2.150625e-04,
-1.000000e+00,1024,1024,1024,OS2-fast-19,6.820691e-01,3.148484e-03,3.911650e-04,1.676181e-03,8.228650e-04,2.222285e-04,
-1.000000e+00,1024,1024,1024,OS2-fast-20,6.535401e-01,3.285925e-03,4.188435e-04,1.745236e-03,8.575615e-04,2.291970e-04,
-1.000000e+00,1024,1024,1024,OS2-accu-9,1.276048e+00,1.682918e-03,3.263340e-04,7.947765e-04,3.911790e-04,1.287800e-04,
-1.000000e+00,1024,1024,1024,OS2-accu-10,1.168992e+00,1.837039e-03,3.343080e-04,8.831595e-04,4.296995e-04,1.494490e-04,
-1.000000e+00,1024,1024,1024,OS2-accu-11,1.075632e+00,1.996486e-03,3.455780e-04,9.791315e-04,4.768070e-04,1.575115e-04,
-1.000000e+00,1024,1024,1024,OS2-accu-12,1.006816e+00,2.132946e-03,3.566610e-04,1.072416e-03,5.131615e-04,1.530925e-04,
-1.000000e+00,1024,1024,1024,OS2-accu-13,9.345020e-01,2.297998e-03,3.986460e-04,1.157869e-03,5.381590e-04,1.718195e-04,
-1.000000e+00,1024,1024,1024,OS2-accu-14,8.601636e-01,2.496599e-03,4.104905e-04,1.257207e-03,6.079955e-04,1.806140e-04,
-1.000000e+00,1024,1024,1024,OS2-accu-15,8.124066e-01,2.643361e-03,4.250740e-04,1.343996e-03,6.531150e-04,1.858275e-04,
-1.000000e+00,1024,1024,1024,OS2-accu-16,7.637231e-01,2.811862e-03,4.562780e-04,1.438411e-03,6.867225e-04,1.948390e-04,
-1.000000e+00,1024,1024,1024,OS2-accu-17,7.169731e-01,2.995208e-03,4.844065e-04,1.527899e-03,7.467840e-04,2.018615e-04,
-1.000000e+00,1024,1024,1024,OS2-accu-18,6.807447e-01,3.154609e-03,5.075360e-04,1.619643e-03,7.813860e-04,2.093345e-04,
-1.000000e+00,1024,1024,1024,OS2-accu-19,6.494330e-01,3.306705e-03,5.099310e-04,1.714588e-03,8.223510e-04,2.171395e-04,
-1.000000e+00,1024,1024,1024,OS2-accu-20,6.204509e-01,3.461166e-03,5.293410e-04,1.812783e-03,8.584590e-04,2.251610e-04,
-1.000000e+00,1024,1024,2048,DGEMM,7.516800e-01,5.713824e-03,,,,,
-1.000000e+00,1024,1024,2048,OS2-fast-9,2.004136e+00,2.143052e-03,3.653925e-04,1.224651e-03,3.910830e-04,1.267665e-04,
-1.000000e+00,1024,1024,2048,OS2-fast-10,1.809822e+00,2.373143e-03,4.065565e-04,1.361000e-03,4.327380e-04,1.409020e-04,
-1.000000e+00,1024,1024,2048,OS2-fast-11,1.659859e+00,2.587549e-03,4.432600e-04,1.479991e-03,4.753535e-04,1.558645e-04,
-1.000000e+00,1024,1024,2048,OS2-fast-12,1.516731e+00,2.831727e-03,4.952540e-04,1.626948e-03,5.121795e-04,1.630640e-04,
-1.000000e+00,1024,1024,2048,OS2-fast-13,1.385955e+00,3.098924e-03,5.738145e-04,1.751721e-03,5.651390e-04,1.709345e-04,
-1.000000e+00,1024,1024,2048,OS2-fast-14,1.283704e+00,3.345760e-03,6.377195e-04,1.890084e-03,6.026470e-04,1.789845e-04,
-1.000000e+00,1024,1024,2048,OS2-fast-15,1.201696e+00,3.574088e-03,6.985925e-04,2.010839e-03,6.450595e-04,1.858695e-04,
-1.000000e+00,1024,1024,2048,OS2-fast-16,1.124848e+00,3.818264e-03,7.612625e-04,2.141368e-03,6.847955e-04,1.941980e-04,
-1.000000e+00,1024,1024,2048,OS2-fast-17,1.069510e+00,4.015826e-03,7.915920e-04,2.267806e-03,7.201610e-04,2.017310e-04,
-1.000000e+00,1024,1024,2048,OS2-fast-18,1.016192e+00,4.226532e-03,8.206245e-04,2.402966e-03,7.613685e-04,2.088685e-04,
-1.000000e+00,1024,1024,2048,OS2-fast-19,9.646195e-01,4.452499e-03,8.661495e-04,2.530924e-03,8.025465e-04,2.163440e-04,
-1.000000e+00,1024,1024,2048,OS2-fast-20,9.104771e-01,4.717271e-03,9.420195e-04,2.669292e-03,8.464265e-04,2.249825e-04,
-1.000000e+00,1024,1024,2048,OS2-accu-9,1.871284e+00,2.295197e-03,5.187660e-04,1.217045e-03,3.934755e-04,1.273200e-04,
-1.000000e+00,1024,1024,2048,OS2-accu-10,1.695940e+00,2.532499e-03,5.439535e-04,1.372576e-03,4.363480e-04,1.476315e-04,
-1.000000e+00,1024,1024,2048,OS2-accu-11,1.554699e+00,2.762571e-03,5.907305e-04,1.504478e-03,4.797935e-04,1.552385e-04,
-1.000000e+00,1024,1024,2048,OS2-accu-12,1.435048e+00,2.992908e-03,6.492515e-04,1.636616e-03,5.171020e-04,1.519965e-04,
-1.000000e+00,1024,1024,2048,OS2-accu-13,1.318285e+00,3.257995e-03,7.227730e-04,1.758061e-03,5.691920e-04,1.711705e-04,
-1.000000e+00,1024,1024,2048,OS2-accu-14,1.227115e+00,3.500051e-03,7.805760e-04,1.901693e-03,6.068295e-04,1.789290e-04,
-1.000000e+00,1024,1024,2048,OS2-accu-15,1.147410e+00,3.743184e-03,8.398810e-04,2.034240e-03,6.485055e-04,1.862060e-04,
-1.000000e+00,1024,1024,2048,OS2-accu-16,1.075901e+00,3.991971e-03,9.074320e-04,2.167167e-03,6.873270e-04,1.944155e-04,
-1.000000e+00,1024,1024,2048,OS2-accu-17,1.033548e+00,4.155557e-03,8.999150e-04,2.292255e-03,7.277750e-04,2.013185e-04,
-1.000000e+00,1024,1024,2048,OS2-accu-18,9.749636e-01,4.405259e-03,9.749825e-04,2.423742e-03,7.693160e-04,2.089825e-04,
-1.000000e+00,1024,1024,2048,OS2-accu-19,9.222466e-01,4.657070e-03,1.036156e-03,2.556734e-03,8.094660e-04,2.166570e-04,
-1.000000e+00,1024,1024,2048,OS2-accu-20,8.777380e-01,4.893222e-03,1.093185e-03,2.688814e-03,8.510275e-04,2.244200e-04,
-1.000000e+00,1024,1024,4096,DGEMM,7.544317e-01,1.138597e-02,,,,,
-1.000000e+00,1024,1024,4096,OS2-fast-9,2.557163e+00,3.359165e-03,1.082980e-03,1.737971e-03,3.764125e-04,1.266450e-04,
-1.000000e+00,1024,1024,4096,OS2-fast-10,2.268605e+00,3.786439e-03,1.282439e-03,1.907382e-03,4.195035e-04,1.477220e-04,
-1.000000e+00,1024,1024,4096,OS2-fast-11,2.022883e+00,4.246383e-03,1.494044e-03,2.103199e-03,4.601880e-04,1.556940e-04,
-1.000000e+00,1024,1024,4096,OS2-fast-12,1.833949e+00,4.683846e-03,1.687425e-03,2.291942e-03,5.009320e-04,1.637760e-04,
-1.000000e+00,1024,1024,4096,OS2-fast-13,1.675909e+00,5.125539e-03,1.902472e-03,2.475033e-03,5.404715e-04,1.715500e-04,
-1.000000e+00,1024,1024,4096,OS2-fast-14,1.540808e+00,5.574953e-03,2.109272e-03,2.661552e-03,5.869030e-04,1.795840e-04,
-1.000000e+00,1024,1024,4096,OS2-fast-15,1.425822e+00,6.024551e-03,2.352005e-03,2.831960e-03,6.181140e-04,1.867925e-04,
-1.000000e+00,1024,1024,4096,OS2-fast-16,1.325376e+00,6.481130e-03,2.561262e-03,3.027121e-03,6.640185e-04,1.945385e-04,
-1.000000e+00,1024,1024,4096,OS2-fast-17,1.259026e+00,6.822682e-03,2.675389e-03,3.212627e-03,6.999165e-04,2.014245e-04,
-1.000000e+00,1024,1024,4096,OS2-fast-18,1.189856e+00,7.219306e-03,2.829746e-03,3.410095e-03,7.370315e-04,2.099540e-04,
-1.000000e+00,1024,1024,4096,OS2-fast-19,1.116662e+00,7.692509e-03,3.064628e-03,3.590485e-03,7.896605e-04,2.176145e-04,
-1.000000e+00,1024,1024,4096,OS2-fast-20,1.055810e+00,8.135868e-03,3.271882e-03,3.776547e-03,8.258545e-04,2.259830e-04,
-1.000000e+00,1024,1024,4096,OS2-accu-9,2.407637e+00,3.567787e-03,1.294840e-03,1.723721e-03,3.874245e-04,1.277595e-04,
-1.000000e+00,1024,1024,4096,OS2-accu-10,2.136414e+00,4.020726e-03,1.491288e-03,1.923675e-03,4.217135e-04,1.485895e-04,
-1.000000e+00,1024,1024,4096,OS2-accu-11,1.930442e+00,4.449724e-03,1.694077e-03,2.105553e-03,4.658665e-04,1.454305e-04,
-1.000000e+00,1024,1024,4096,OS2-accu-12,1.750652e+00,4.906706e-03,1.894811e-03,2.309687e-03,5.028380e-04,1.641270e-04,
-1.000000e+00,1024,1024,4096,OS2-accu-13,1.606541e+00,5.346851e-03,2.096860e-03,2.503340e-03,5.399460e-04,1.722870e-04,
-1.000000e+00,1024,1024,4096,OS2-accu-14,1.488320e+00,5.771564e-03,2.295395e-03,2.669406e-03,5.916275e-04,1.795440e-04,
-1.000000e+00,1024,1024,4096,OS2-accu-15,1.384477e+00,6.204463e-03,2.520833e-03,2.839441e-03,6.266195e-04,1.863450e-04,
-1.000000e+00,1024,1024,4096,OS2-accu-16,1.283389e+00,6.693167e-03,2.744471e-03,3.040212e-03,6.749915e-04,1.951520e-04,
-1.000000e+00,1024,1024,4096,OS2-accu-17,1.231880e+00,6.973028e-03,2.797893e-03,3.229226e-03,7.049850e-04,2.023540e-04,
-1.000000e+00,1024,1024,4096,OS2-accu-18,1.154458e+00,7.440667e-03,3.021834e-03,3.421898e-03,7.453785e-04,2.102055e-04,
-1.000000e+00,1024,1024,4096,OS2-accu-19,1.089511e+00,7.884211e-03,3.241673e-03,3.600600e-03,7.911050e-04,2.179370e-04,
-1.000000e+00,1024,1024,4096,OS2-accu-20,1.029101e+00,8.347029e-03,3.445143e-03,3.796663e-03,8.301825e-04,2.259985e-04,
-1.000000e+00,1024,1024,8192,DGEMM,7.561864e-01,2.271909e-02,,,,,
-1.000000e+00,1024,1024,8192,OS2-fast-9,2.486811e+00,6.908392e-03,3.523751e-03,2.865073e-03,3.519915e-04,1.283715e-04,
-1.000000e+00,1024,1024,8192,OS2-fast-10,2.164165e+00,7.938336e-03,4.177930e-03,3.191365e-03,3.867285e-04,1.479430e-04,
-1.000000e+00,1024,1024,8192,OS2-fast-11,1.857274e+00,9.250046e-03,5.121756e-03,3.509372e-03,4.288055e-04,1.556650e-04,
-1.000000e+00,1024,1024,8192,OS2-fast-12,1.655621e+00,1.037669e-02,5.892507e-03,3.827966e-03,4.659575e-04,1.507795e-04,
-1.000000e+00,1024,1024,8192,OS2-fast-13,1.505767e+00,1.140938e-02,6.560741e-03,4.136000e-03,5.055465e-04,1.710490e-04,
-1.000000e+00,1024,1024,8192,OS2-fast-14,1.412586e+00,1.216200e-02,6.959593e-03,4.449344e-03,5.340560e-04,1.797450e-04,
-1.000000e+00,1024,1024,8192,OS2-fast-15,1.330652e+00,1.291086e-02,7.383378e-03,4.714393e-03,5.832085e-04,1.879460e-04,
-1.000000e+00,1024,1024,8192,OS2-fast-16,1.244811e+00,1.380119e-02,7.909439e-03,5.029534e-03,6.219000e-04,1.964090e-04,
-1.000000e+00,1024,1024,8192,OS2-fast-17,1.174372e+00,1.462899e-02,8.383152e-03,5.346092e-03,6.657485e-04,2.036145e-04,
-1.000000e+00,1024,1024,8192,OS2-fast-18,1.167605e+00,1.471377e-02,8.093065e-03,5.675184e-03,6.994665e-04,2.124910e-04,
-1.000000e+00,1024,1024,8192,OS2-fast-19,1.095685e+00,1.567957e-02,8.690915e-03,5.992003e-03,7.398540e-04,2.204045e-04,
-1.000000e+00,1024,1024,8192,OS2-fast-20,1.026133e+00,1.674234e-02,9.381967e-03,6.312066e-03,7.729905e-04,2.283830e-04,
-1.000000e+00,1024,1024,8192,OS2-accu-9,2.342756e+00,7.333187e-03,3.919841e-03,2.891204e-03,3.578440e-04,1.282755e-04,
-1.000000e+00,1024,1024,8192,OS2-accu-10,2.054083e+00,8.363765e-03,4.571665e-03,3.217242e-03,3.949705e-04,1.484865e-04,
-1.000000e+00,1024,1024,8192,OS2-accu-11,1.776617e+00,9.669990e-03,5.510330e-03,3.540071e-03,4.319275e-04,1.448580e-04,
-1.000000e+00,1024,1024,8192,OS2-accu-12,1.588352e+00,1.081616e-02,6.303164e-03,3.857061e-03,4.703085e-04,1.520120e-04,
-1.000000e+00,1024,1024,8192,OS2-accu-13,1.453369e+00,1.182072e-02,6.945579e-03,4.154343e-03,5.098500e-04,1.719695e-04,
-1.000000e+00,1024,1024,8192,OS2-accu-14,1.371467e+00,1.252664e-02,7.335423e-03,4.434728e-03,5.419550e-04,1.785200e-04,
-1.000000e+00,1024,1024,8192,OS2-accu-15,1.297958e+00,1.323608e-02,7.706937e-03,4.726921e-03,5.891155e-04,1.790550e-04,
-1.000000e+00,1024,1024,8192,OS2-accu-16,1.210069e+00,1.419743e-02,8.293671e-03,5.041936e-03,6.261790e-04,1.969315e-04,
-1.000000e+00,1024,1024,8192,OS2-accu-17,1.197381e+00,1.434788e-02,8.086358e-03,5.358404e-03,6.700385e-04,2.044875e-04,
-1.000000e+00,1024,1024,8192,OS2-accu-18,1.134490e+00,1.514326e-02,8.496754e-03,5.695349e-03,7.011510e-04,2.121725e-04,
-1.000000e+00,1024,1024,8192,OS2-accu-19,1.071330e+00,1.603602e-02,9.024183e-03,6.015943e-03,7.421705e-04,2.206925e-04,
-1.000000e+00,1024,1024,8192,OS2-accu-20,1.002622e+00,1.713495e-02,9.768082e-03,6.320830e-03,7.791925e-04,2.286970e-04,
-1.000000e+00,1024,1024,16384,DGEMM,7.558460e-01,4.545865e-02,,,,,
-1.000000e+00,1024,1024,16384,OS2-fast-9,1.809160e+00,1.899209e-02,1.291546e-02,5.564001e-03,3.494580e-04,1.264710e-04,
-1.000000e+00,1024,1024,16384,OS2-fast-10,1.634714e+00,2.101880e-02,1.431080e-02,6.158271e-03,3.887155e-04,1.362970e-04,
-1.000000e+00,1024,1024,16384,OS2-fast-11,1.416148e+00,2.426281e-02,1.685906e-02,6.782555e-03,4.271670e-04,1.558485e-04,
-1.000000e+00,1024,1024,16384,OS2-fast-12,1.236286e+00,2.779270e-02,1.972855e-02,7.422138e-03,4.661465e-04,1.512455e-04,
-1.000000e+00,1024,1024,16384,OS2-fast-13,1.074790e+00,3.196879e-02,2.330928e-02,7.940822e-03,5.069235e-04,1.697580e-04,
-1.000000e+00,1024,1024,16384,OS2-fast-14,9.947098e-01,3.454248e-02,2.522688e-02,8.540093e-03,5.480405e-04,1.791200e-04,
-1.000000e+00,1024,1024,16384,OS2-fast-15,9.309923e-01,3.690658e-02,2.704978e-02,9.048745e-03,5.848260e-04,1.854235e-04,
-1.000000e+00,1024,1024,16384,OS2-fast-16,8.621504e-01,3.985353e-02,2.931123e-02,9.691233e-03,6.237780e-04,1.943970e-04,
-1.000000e+00,1024,1024,16384,OS2-fast-17,7.792202e-01,4.409503e-02,3.282668e-02,1.037086e-02,6.634075e-04,2.014935e-04,
-1.000000e+00,1024,1024,16384,OS2-fast-18,7.728559e-01,4.445814e-02,3.263215e-02,1.091033e-02,7.005295e-04,2.091060e-04,
-1.000000e+00,1024,1024,16384,OS2-fast-19,7.167200e-01,4.794026e-02,3.542470e-02,1.149087e-02,7.424210e-04,2.169400e-04,
-1.000000e+00,1024,1024,16384,OS2-fast-20,6.781971e-01,5.066335e-02,3.747275e-02,1.208284e-02,7.759635e-04,2.248865e-04,
-1.000000e+00,1024,1024,16384,OS2-accu-9,1.731783e+00,1.984067e-02,1.378099e-02,5.550990e-03,3.518115e-04,1.270550e-04,
-1.000000e+00,1024,1024,16384,OS2-accu-10,1.569124e+00,2.189741e-02,1.518391e-02,6.152015e-03,3.892740e-04,1.483095e-04,
-1.000000e+00,1024,1024,16384,OS2-accu-11,1.363267e+00,2.520397e-02,1.780383e-02,6.782206e-03,4.302220e-04,1.493135e-04,
-1.000000e+00,1024,1024,16384,OS2-accu-12,1.194701e+00,2.876012e-02,2.071770e-02,7.377539e-03,4.678545e-04,1.515805e-04,
-1.000000e+00,1024,1024,16384,OS2-accu-13,1.047826e+00,3.279144e-02,2.411942e-02,7.965741e-03,5.089485e-04,1.714720e-04,
-1.000000e+00,1024,1024,16384,OS2-accu-14,9.774166e-01,3.515363e-02,2.591223e-02,8.467916e-03,5.481335e-04,1.747045e-04,
-1.000000e+00,1024,1024,16384,OS2-accu-15,9.137109e-01,3.760460e-02,2.776948e-02,9.038265e-03,5.866635e-04,1.807430e-04,
-1.000000e+00,1024,1024,16384,OS2-accu-16,8.447521e-01,4.067434e-02,3.014765e-02,9.663724e-03,6.250195e-04,1.947645e-04,
-1.000000e+00,1024,1024,16384,OS2-accu-17,8.177684e-01,4.201647e-02,3.083414e-02,1.028023e-02,6.625825e-04,2.012125e-04,
-1.000000e+00,1024,1024,16384,OS2-accu-18,7.535373e-01,4.559793e-02,3.372659e-02,1.091712e-02,7.037485e-04,2.091355e-04,
-1.000000e+00,1024,1024,16384,OS2-accu-19,7.048911e-01,4.874475e-02,3.621112e-02,1.152727e-02,7.420860e-04,2.171555e-04,
-1.000000e+00,1024,1024,16384,OS2-accu-20,6.618582e-01,5.191405e-02,3.880636e-02,1.210027e-02,7.796320e-04,2.249820e-04,
-1.000000e+00,1024,1024,32768,DGEMM,7.557727e-01,9.092612e-02,,,,,
-1.000000e+00,1024,1024,32768,OS2-fast-9,1.805500e+00,3.806119e-02,2.735467e-02,1.013161e-02,4.146470e-04,1.294510e-04,
-1.000000e+00,1024,1024,32768,OS2-fast-10,1.514445e+00,4.537602e-02,3.351545e-02,1.122047e-02,4.607950e-04,1.384180e-04,
-1.000000e+00,1024,1024,32768,OS2-fast-11,1.341306e+00,5.123325e-02,3.818190e-02,1.235616e-02,5.064195e-04,1.597850e-04,
-1.000000e+00,1024,1024,32768,OS2-fast-12,1.208319e+00,5.687197e-02,4.257575e-02,1.353693e-02,5.546765e-04,1.585435e-04,
-1.000000e+00,1024,1024,32768,OS2-fast-13,1.066208e+00,6.445223e-02,4.924685e-02,1.437933e-02,6.072880e-04,1.804775e-04,
-1.000000e+00,1024,1024,32768,OS2-fast-14,9.498523e-01,7.234754e-02,5.599507e-02,1.542030e-02,6.563135e-04,1.891010e-04,
-1.000000e+00,1024,1024,32768,OS2-fast-15,8.416766e-01,8.164594e-02,6.421503e-02,1.653462e-02,6.997665e-04,1.971370e-04,
-1.000000e+00,1024,1024,32768,OS2-fast-16,7.506708e-01,9.154410e-02,7.276282e-02,1.775211e-02,7.469310e-04,2.053180e-04,
-1.000000e+00,1024,1024,32768,OS2-fast-17,6.678821e-01,1.028916e-01,8.301086e-02,1.878488e-02,7.920045e-04,2.127305e-04,
-1.000000e+00,1024,1024,32768,OS2-fast-18,5.849956e-01,1.174701e-01,9.654993e-02,1.984991e-02,8.401295e-04,2.201385e-04,
-1.000000e+00,1024,1024,32768,OS2-fast-19,5.328876e-01,1.289568e-01,1.068850e-01,2.092390e-02,8.845470e-04,2.273110e-04,
-1.000000e+00,1024,1024,32768,OS2-fast-20,4.901872e-01,1.401903e-01,1.168093e-01,2.210951e-02,9.358425e-04,2.365095e-04,
-1.000000e+00,1024,1024,32768,OS2-accu-9,1.727783e+00,3.977322e-02,2.908633e-02,1.012671e-02,4.182130e-04,1.298900e-04,
-1.000000e+00,1024,1024,32768,OS2-accu-10,1.459317e+00,4.709016e-02,3.522257e-02,1.121815e-02,4.629480e-04,1.508405e-04,
-1.000000e+00,1024,1024,32768,OS2-accu-11,1.298666e+00,5.291543e-02,3.989457e-02,1.233382e-02,5.068840e-04,1.555780e-04,
-1.000000e+00,1024,1024,32768,OS2-accu-12,1.175871e+00,5.844133e-02,4.422727e-02,1.345586e-02,5.566160e-04,1.584185e-04,
-1.000000e+00,1024,1024,32768,OS2-accu-13,1.033737e+00,6.647676e-02,5.114005e-02,1.448448e-02,6.075400e-04,1.812145e-04,
-1.000000e+00,1024,1024,32768,OS2-accu-14,9.303662e-01,7.386282e-02,5.766153e-02,1.537166e-02,6.573105e-04,1.870100e-04,
-1.000000e+00,1024,1024,32768,OS2-accu-15,8.275325e-01,8.304142e-02,6.560963e-02,1.649247e-02,6.971660e-04,1.981505e-04,
-1.000000e+00,1024,1024,32768,OS2-accu-16,7.419055e-01,9.262565e-02,7.418918e-02,1.750985e-02,7.482210e-04,2.064705e-04,
-1.000000e+00,1024,1024,32768,OS2-accu-17,6.623843e-01,1.037456e-01,8.406061e-02,1.864464e-02,7.915340e-04,2.135660e-04,
-1.000000e+00,1024,1024,32768,OS2-accu-18,5.802638e-01,1.184280e-01,9.781508e-02,1.949829e-02,8.424785e-04,2.207450e-04,
-1.000000e+00,1024,1024,32768,OS2-accu-19,5.231370e-01,1.313604e-01,1.093834e-01,2.088375e-02,8.884490e-04,2.283145e-04,
-1.000000e+00,1024,1024,32768,OS2-accu-20,4.831128e-01,1.422431e-01,1.190066e-01,2.206269e-02,9.357760e-04,2.361225e-04,
-1.000000e+00,1024,1024,65536,DGEMM,7.569163e-01,1.815775e-01,,,,,
-1.000000e+00,1024,1024,65536,OS2-fast-9,7.724903e-01,1.779167e-01,1.501306e-01,2.735496e-02,4.262015e-04,1.274520e-04,
-1.000000e+00,1024,1024,65536,OS2-fast-10,6.167377e-01,2.228483e-01,1.920876e-01,3.031952e-02,4.717410e-04,1.472980e-04,
-1.000000e+00,1024,1024,65536,OS2-fast-11,5.211723e-01,2.637112e-01,2.297186e-01,3.329166e-02,5.160770e-04,1.565205e-04,
-1.000000e+00,1024,1024,65536,OS2-fast-12,4.490414e-01,3.060719e-01,2.691861e-01,3.622201e-02,5.671265e-04,1.524445e-04,
-1.000000e+00,1024,1024,65536,OS2-fast-13,3.930049e-01,3.497131e-01,3.096943e-01,3.928773e-02,6.159555e-04,1.698275e-04,
-1.000000e+00,1024,1024,65536,OS2-fast-14,3.430537e-01,4.006339e-01,3.576020e-01,4.214990e-02,6.647275e-04,1.797860e-04,
-1.000000e+00,1024,1024,65536,OS2-fast-15,2.984503e-01,4.605087e-01,4.144242e-01,4.501878e-02,7.098430e-04,1.767630e-04,
-1.000000e+00,1024,1024,65536,OS2-fast-16,2.647425e-01,5.191419e-01,4.702818e-01,4.802909e-02,7.514260e-04,1.947820e-04,
-1.000000e+00,1024,1024,65536,OS2-fast-17,2.357240e-01,5.830504e-01,5.312607e-01,5.097027e-02,8.059970e-04,2.028430e-04,
-1.000000e+00,1024,1024,65536,OS2-fast-18,2.180678e-01,6.302578e-01,5.749445e-01,5.428468e-02,8.567585e-04,2.101075e-04,
-1.000000e+00,1024,1024,65536,OS2-fast-19,2.018937e-01,6.807491e-01,6.226315e-01,5.682219e-02,8.915140e-04,2.175280e-04,
-1.000000e+00,1024,1024,65536,OS2-fast-20,1.893617e-01,7.258011e-01,6.647692e-01,5.981249e-02,9.352835e-04,2.252145e-04,
-1.000000e+00,1024,1024,65536,OS2-accu-9,7.517492e-01,1.828255e-01,1.549387e-01,2.740870e-02,4.232750e-04,1.256860e-04,
-1.000000e+00,1024,1024,65536,OS2-accu-10,6.032680e-01,2.278240e-01,1.967202e-01,3.045443e-02,4.704065e-04,1.469835e-04,
-1.000000e+00,1024,1024,65536,OS2-accu-11,5.124371e-01,2.682065e-01,2.343276e-01,3.322222e-02,5.217205e-04,1.459195e-04,
-1.000000e+00,1024,1024,65536,OS2-accu-12,4.427037e-01,3.104536e-01,2.733558e-01,3.636288e-02,5.718995e-04,1.527460e-04,
-1.000000e+00,1024,1024,65536,OS2-accu-13,3.875777e-01,3.546100e-01,3.144266e-01,3.936376e-02,6.198055e-04,1.727525e-04,
-1.000000e+00,1024,1024,65536,OS2-accu-14,3.394120e-01,4.049326e-01,3.620143e-01,4.216118e-02,6.650215e-04,1.792985e-04,
-1.000000e+00,1024,1024,65536,OS2-accu-15,2.940981e-01,4.673235e-01,4.213631e-01,4.507161e-02,7.129665e-04,1.772480e-04,
-1.000000e+00,1024,1024,65536,OS2-accu-16,2.634005e-01,5.217870e-01,4.726329e-01,4.807863e-02,7.611220e-04,1.959350e-04,
-1.000000e+00,1024,1024,65536,OS2-accu-17,2.394536e-01,5.739691e-01,5.218471e-01,5.112960e-02,8.061395e-04,2.031430e-04,
-1.000000e+00,1024,1024,65536,OS2-accu-18,2.162364e-01,6.355958e-01,5.802082e-01,5.419675e-02,8.628295e-04,2.106680e-04,
-1.000000e+00,1024,1024,65536,OS2-accu-19,2.008716e-01,6.842130e-01,6.262995e-01,5.688452e-02,9.064225e-04,2.185060e-04,
-1.000000e+00,1024,1024,65536,OS2-accu-20,1.882329e-01,7.301536e-01,6.690754e-01,5.994617e-02,9.553835e-04,2.262435e-04,
-1.000000e+00,2048,2048,1024,DGEMM,7.914990e-01,1.085274e-02,,,,,
-1.000000e+00,2048,2048,1024,OS2-fast-9,2.611490e+00,3.289285e-03,3.729120e-04,1.752365e-03,7.141930e-04,4.165365e-04,
-1.000000e+00,2048,2048,1024,OS2-fast-10,2.319226e+00,3.703793e-03,4.248020e-04,1.977843e-03,8.127125e-04,4.515040e-04,
-1.000000e+00,2048,2048,1024,OS2-fast-11,2.130593e+00,4.031710e-03,4.563545e-04,2.170772e-03,8.749410e-04,4.892480e-04,
-1.000000e+00,2048,2048,1024,OS2-fast-12,1.968472e+00,4.363758e-03,4.915270e-04,2.328724e-03,9.717170e-04,5.344200e-04,
-1.000000e+00,2048,2048,1024,OS2-fast-13,1.822703e+00,4.712746e-03,5.580695e-04,2.519043e-03,1.033721e-03,5.678505e-04,
-1.000000e+00,2048,2048,1024,OS2-fast-14,1.693620e+00,5.071938e-03,6.254595e-04,2.705371e-03,1.108983e-03,5.976075e-04,
-1.000000e+00,2048,2048,1024,OS2-fast-15,1.595228e+00,5.384771e-03,6.867705e-04,2.862748e-03,1.173942e-03,6.246255e-04,
-1.000000e+00,2048,2048,1024,OS2-fast-16,1.479257e+00,5.806923e-03,7.524830e-04,3.054845e-03,1.297591e-03,6.696045e-04,
-1.000000e+00,2048,2048,1024,OS2-fast-17,1.405556e+00,6.111416e-03,8.114825e-04,3.244142e-03,1.320926e-03,6.962250e-04,
-1.000000e+00,2048,2048,1024,OS2-fast-18,1.345406e+00,6.384643e-03,8.652270e-04,3.419015e-03,1.329915e-03,7.394055e-04,
-1.000000e+00,2048,2048,1024,OS2-fast-19,1.255191e+00,6.843527e-03,9.346720e-04,3.616961e-03,1.488634e-03,7.688310e-04,
-1.000000e+00,2048,2048,1024,OS2-fast-20,1.179522e+00,7.282555e-03,1.003504e-03,3.826097e-03,1.610034e-03,8.021765e-04,
-1.000000e+00,2048,2048,1024,OS2-accu-9,2.428647e+00,3.536922e-03,5.845500e-04,1.779690e-03,7.172265e-04,4.196730e-04,
-1.000000e+00,2048,2048,1024,OS2-accu-10,2.178116e+00,3.943745e-03,6.364560e-04,1.996047e-03,8.254820e-04,4.502565e-04,
-1.000000e+00,2048,2048,1024,OS2-accu-11,2.007743e+00,4.278403e-03,6.844225e-04,2.174846e-03,8.874695e-04,4.902325e-04,
-1.000000e+00,2048,2048,1024,OS2-accu-12,1.865919e+00,4.603594e-03,7.248465e-04,2.332377e-03,9.791405e-04,5.236400e-04,
-1.000000e+00,2048,2048,1024,OS2-accu-13,1.737266e+00,4.944512e-03,7.754450e-04,2.519998e-03,1.030806e-03,5.696610e-04,
-1.000000e+00,2048,2048,1024,OS2-accu-14,1.623620e+00,5.290605e-03,8.289170e-04,2.700560e-03,1.120555e-03,6.035045e-04,
-1.000000e+00,2048,2048,1024,OS2-accu-15,1.525219e+00,5.631937e-03,8.891190e-04,2.902341e-03,1.179897e-03,6.226970e-04,
-1.000000e+00,2048,2048,1024,OS2-accu-16,1.426988e+00,6.019625e-03,9.549875e-04,3.048422e-03,1.297622e-03,6.745180e-04,
-1.000000e+00,2048,2048,1024,OS2-accu-17,1.354136e+00,6.343478e-03,1.013783e-03,3.258704e-03,1.316982e-03,7.024385e-04,
-1.000000e+00,2048,2048,1024,OS2-accu-18,1.299866e+00,6.608325e-03,1.057891e-03,3.442218e-03,1.330577e-03,7.362720e-04,
-1.000000e+00,2048,2048,1024,OS2-accu-19,1.213380e+00,7.079343e-03,1.123168e-03,3.645613e-03,1.497560e-03,7.686010e-04,
-1.000000e+00,2048,2048,1024,OS2-accu-20,1.151857e+00,7.457466e-03,1.186557e-03,3.795301e-03,1.624408e-03,8.061020e-04,
-1.000000e+00,2048,2048,2048,DGEMM,7.989343e-01,2.150348e-02,,,,,
-1.000000e+00,2048,2048,2048,OS2-fast-9,3.691765e+00,4.653565e-03,8.694275e-04,2.720858e-03,5.877585e-04,4.409895e-04,
-1.000000e+00,2048,2048,2048,OS2-fast-10,3.249222e+00,5.287380e-03,1.002098e-03,3.120849e-03,6.514265e-04,4.747065e-04,
-1.000000e+00,2048,2048,2048,OS2-fast-11,3.010475e+00,5.706698e-03,1.108472e-03,3.328434e-03,7.151185e-04,5.141100e-04,
-1.000000e+00,2048,2048,2048,OS2-fast-12,2.769170e+00,6.203977e-03,1.222858e-03,3.604257e-03,7.797300e-04,5.620150e-04,
-1.000000e+00,2048,2048,2048,OS2-fast-13,2.530763e+00,6.788416e-03,1.383918e-03,3.926602e-03,8.422800e-04,5.966585e-04,
-1.000000e+00,2048,2048,2048,OS2-fast-14,2.350363e+00,7.309455e-03,1.511486e-03,4.224511e-03,9.068420e-04,6.268165e-04,
-1.000000e+00,2048,2048,2048,OS2-fast-15,2.178511e+00,7.886059e-03,1.657376e-03,4.564353e-03,9.738655e-04,6.522075e-04,
-1.000000e+00,2048,2048,2048,OS2-fast-16,2.033938e+00,8.446603e-03,1.793629e-03,4.890259e-03,1.028941e-03,6.998220e-04,
-1.000000e+00,2048,2048,2048,OS2-fast-17,1.916774e+00,8.962908e-03,1.862241e-03,5.229083e-03,1.104477e-03,7.313750e-04,
-1.000000e+00,2048,2048,2048,OS2-fast-18,1.838183e+00,9.346116e-03,1.953210e-03,5.416915e-03,1.166211e-03,7.722985e-04,
-1.000000e+00,2048,2048,2048,OS2-fast-19,1.718735e+00,9.995646e-03,2.120296e-03,5.800915e-03,1.232032e-03,8.046780e-04,
-1.000000e+00,2048,2048,2048,OS2-fast-20,1.628922e+00,1.054677e-02,2.244076e-03,6.132554e-03,1.299784e-03,8.406260e-04,
-1.000000e+00,2048,2048,2048,OS2-accu-9,3.346649e+00,5.133454e-03,1.177486e-03,2.877613e-03,5.979185e-04,4.378505e-04,
-1.000000e+00,2048,2048,2048,OS2-accu-10,2.986701e+00,5.752123e-03,1.280205e-03,3.295294e-03,6.652345e-04,4.732765e-04,
-1.000000e+00,2048,2048,2048,OS2-accu-11,2.811900e+00,6.109701e-03,1.398736e-03,3.425949e-03,7.263710e-04,5.238895e-04,
-1.000000e+00,2048,2048,2048,OS2-accu-12,2.604058e+00,6.597344e-03,1.521003e-03,3.699729e-03,7.896355e-04,5.475090e-04,
-1.000000e+00,2048,2048,2048,OS2-accu-13,2.401244e+00,7.154569e-03,1.650199e-03,4.021997e-03,8.553340e-04,5.943135e-04,
-1.000000e+00,2048,2048,2048,OS2-accu-14,2.215391e+00,7.754779e-03,1.783390e-03,4.384655e-03,9.201860e-04,6.281835e-04,
-1.000000e+00,2048,2048,2048,OS2-accu-15,2.064997e+00,8.319562e-03,1.923876e-03,4.726640e-03,9.847100e-04,6.504960e-04,
-1.000000e+00,2048,2048,2048,OS2-accu-16,1.944954e+00,8.833046e-03,2.047952e-03,5.011090e-03,1.036879e-03,7.000305e-04,
-1.000000e+00,2048,2048,2048,OS2-accu-17,1.861200e+00,9.230534e-03,2.093659e-03,5.250013e-03,1.111917e-03,7.333915e-04,
-1.000000e+00,2048,2048,2048,OS2-accu-18,1.749888e+00,9.817699e-03,2.241991e-03,5.593594e-03,1.175011e-03,7.666945e-04,
-1.000000e+00,2048,2048,2048,OS2-accu-19,1.658776e+00,1.035696e-02,2.376969e-03,5.885267e-03,1.241324e-03,8.050215e-04,
-1.000000e+00,2048,2048,2048,OS2-accu-20,1.570902e+00,1.093631e-02,2.498040e-03,6.264412e-03,1.308357e-03,8.383975e-04,
-1.000000e+00,2048,2048,4096,DGEMM,7.976612e-01,4.307560e-02,,,,,
-1.000000e+00,2048,2048,4096,OS2-fast-9,3.842534e+00,8.941947e-03,2.720996e-03,4.854855e-03,8.777245e-04,4.455070e-04,
-1.000000e+00,2048,2048,4096,OS2-fast-10,3.395685e+00,1.011865e-02,3.161345e-03,5.452936e-03,9.807970e-04,4.804185e-04,
-1.000000e+00,2048,2048,4096,OS2-fast-11,3.012094e+00,1.140726e-02,3.677684e-03,6.101267e-03,1.072999e-03,5.157815e-04,
-1.000000e+00,2048,2048,4096,OS2-fast-12,2.754921e+00,1.247213e-02,4.155403e-03,6.552317e-03,1.175849e-03,5.551580e-04,
-1.000000e+00,2048,2048,4096,OS2-fast-13,2.506992e+00,1.370556e-02,4.724783e-03,7.063386e-03,1.289923e-03,5.869285e-04,
-1.000000e+00,2048,2048,4096,OS2-fast-14,2.291873e+00,1.499199e-02,5.348889e-03,7.608653e-03,1.390617e-03,6.213745e-04,
-1.000000e+00,2048,2048,4096,OS2-fast-15,2.152835e+00,1.596023e-02,5.799301e-03,7.998807e-03,1.484073e-03,6.468545e-04,
-1.000000e+00,2048,2048,4096,OS2-fast-16,1.999608e+00,1.718323e-02,6.368463e-03,8.500782e-03,1.584587e-03,6.925540e-04,
-1.000000e+00,2048,2048,4096,OS2-fast-17,1.885541e+00,1.822275e-02,6.700473e-03,9.057592e-03,1.692490e-03,7.283605e-04,
-1.000000e+00,2048,2048,4096,OS2-fast-18,1.770830e+00,1.940318e-02,7.266766e-03,9.535459e-03,1.806451e-03,7.687945e-04,
-1.000000e+00,2048,2048,4096,OS2-fast-19,1.647384e+00,2.085715e-02,8.128434e-03,9.987039e-03,1.910177e-03,7.976055e-04,
-1.000000e+00,2048,2048,4096,OS2-fast-20,1.572084e+00,2.185617e-02,8.508774e-03,1.047508e-02,2.006376e-03,8.335100e-04,
-1.000000e+00,2048,2048,4096,OS2-accu-9,3.628618e+00,9.469097e-03,3.188665e-03,4.905887e-03,8.891280e-04,4.456220e-04,
-1.000000e+00,2048,2048,4096,OS2-accu-10,3.226140e+00,1.065042e-02,3.652306e-03,5.482794e-03,1.005250e-03,4.807995e-04,
-1.000000e+00,2048,2048,4096,OS2-accu-11,2.895991e+00,1.186459e-02,4.170420e-03,6.038590e-03,1.095887e-03,5.182485e-04,
-1.000000e+00,2048,2048,4096,OS2-accu-12,2.655768e+00,1.293778e-02,4.647799e-03,6.505279e-03,1.189703e-03,5.526030e-04,
-1.000000e+00,2048,2048,4096,OS2-accu-13,2.440585e+00,1.407849e-02,5.192244e-03,6.941350e-03,1.302142e-03,6.013135e-04,
-1.000000e+00,2048,2048,4096,OS2-accu-14,2.259884e+00,1.520420e-02,5.811153e-03,7.293315e-03,1.414251e-03,6.320830e-04,
-1.000000e+00,2048,2048,4096,OS2-accu-15,2.114314e+00,1.625101e-02,6.276276e-03,7.779147e-03,1.506966e-03,6.533075e-04,
-1.000000e+00,2048,2048,4096,OS2-accu-16,1.965131e+00,1.748471e-02,6.830569e-03,8.314077e-03,1.607094e-03,6.903890e-04,
-1.000000e+00,2048,2048,4096,OS2-accu-17,1.881092e+00,1.826585e-02,6.996766e-03,8.781361e-03,1.715131e-03,7.326135e-04,
-1.000000e+00,2048,2048,4096,OS2-accu-18,1.748305e+00,1.965318e-02,7.728568e-03,9.300068e-03,1.834033e-03,7.628740e-04,
-1.000000e+00,2048,2048,4096,OS2-accu-19,1.624219e+00,2.115462e-02,8.534131e-03,9.847932e-03,1.935313e-03,7.969660e-04,
-1.000000e+00,2048,2048,4096,OS2-accu-20,1.542865e+00,2.227009e-02,8.973557e-03,1.038803e-02,2.032535e-03,8.346375e-04,
-1.000000e+00,2048,2048,8192,DGEMM,7.962178e-01,8.630738e-02,,,,,
-1.000000e+00,2048,2048,8192,OS2-fast-9,3.669233e+00,1.872857e-02,8.293862e-03,8.932860e-03,1.011039e-03,4.533750e-04,
-1.000000e+00,2048,2048,8192,OS2-fast-10,3.351468e+00,2.050429e-02,9.050368e-03,9.801344e-03,1.123316e-03,4.840710e-04,
-1.000000e+00,2048,2048,8192,OS2-fast-11,2.935543e+00,2.340946e-02,1.084093e-02,1.078391e-02,1.231980e-03,5.158125e-04,
-1.000000e+00,2048,2048,8192,OS2-fast-12,2.606633e+00,2.636331e-02,1.253684e-02,1.187644e-02,1.345887e-03,5.504750e-04,
-1.000000e+00,2048,2048,8192,OS2-fast-13,2.370999e+00,2.898335e-02,1.413038e-02,1.275203e-02,1.455797e-03,5.949360e-04,
-1.000000e+00,2048,2048,8192,OS2-fast-14,2.216908e+00,3.099789e-02,1.505803e-02,1.370689e-02,1.561001e-03,6.282985e-04,
-1.000000e+00,2048,2048,8192,OS2-fast-15,2.078755e+00,3.305799e-02,1.625266e-02,1.443346e-02,1.669992e-03,6.598360e-04,
-1.000000e+00,2048,2048,8192,OS2-fast-16,1.926313e+00,3.567409e-02,1.772445e-02,1.542460e-02,1.788196e-03,7.043780e-04,
-1.000000e+00,2048,2048,8192,OS2-fast-17,1.779617e+00,3.861475e-02,1.951919e-02,1.643443e-02,1.895539e-03,7.356190e-04,
-1.000000e+00,2048,2048,8192,OS2-fast-18,1.713539e+00,4.010384e-02,1.988113e-02,1.740132e-02,2.008527e-03,7.740080e-04,
-1.000000e+00,2048,2048,8192,OS2-fast-19,1.633654e+00,4.206488e-02,2.074583e-02,1.833415e-02,2.123465e-03,8.140720e-04,
-1.000000e+00,2048,2048,8192,OS2-fast-20,1.549964e+00,4.433618e-02,2.186317e-02,1.939567e-02,2.233160e-03,8.549000e-04,
-1.000000e+00,2048,2048,8192,OS2-accu-9,3.514352e+00,1.955395e-02,9.254591e-03,8.803201e-03,1.018724e-03,4.387370e-04,
-1.000000e+00,2048,2048,8192,OS2-accu-10,3.204722e+00,2.144320e-02,1.003450e-02,9.777667e-03,1.126523e-03,4.788055e-04,
-1.000000e+00,2048,2048,8192,OS2-accu-11,2.809554e+00,2.445921e-02,1.184712e-02,1.081867e-02,1.236858e-03,5.222385e-04,
-1.000000e+00,2048,2048,8192,OS2-accu-12,2.511137e+00,2.736588e-02,1.353937e-02,1.187967e-02,1.352728e-03,5.485155e-04,
-1.000000e+00,2048,2048,8192,OS2-accu-13,2.306240e+00,2.979720e-02,1.498570e-02,1.273029e-02,1.462421e-03,5.987460e-04,
-1.000000e+00,2048,2048,8192,OS2-accu-14,2.172612e+00,3.162989e-02,1.588368e-02,1.350696e-02,1.566832e-03,6.372820e-04,
-1.000000e+00,2048,2048,8192,OS2-accu-15,2.036296e+00,3.374729e-02,1.705321e-02,1.430369e-02,1.676644e-03,6.621960e-04,
-1.000000e+00,2048,2048,8192,OS2-accu-16,1.884354e+00,3.646845e-02,1.854477e-02,1.538465e-02,1.794857e-03,7.045155e-04,
-1.000000e+00,2048,2048,8192,OS2-accu-17,1.809313e+00,3.798098e-02,1.896152e-02,1.634433e-02,1.900695e-03,7.422765e-04,
-1.000000e+00,2048,2048,8192,OS2-accu-18,1.682317e+00,4.084812e-02,2.071063e-02,1.730225e-02,2.014248e-03,7.784140e-04,
-1.000000e+00,2048,2048,8192,OS2-accu-19,1.604027e+00,4.284185e-02,2.152552e-02,1.833147e-02,2.127105e-03,8.173865e-04,
-1.000000e+00,2048,2048,8192,OS2-accu-20,1.516295e+00,4.532065e-02,2.282516e-02,1.938021e-02,2.241055e-03,8.550015e-04,
-1.000000e+00,2048,2048,16384,DGEMM,7.948579e-01,1.729101e-01,,,,,
-1.000000e+00,2048,2048,16384,OS2-fast-9,2.288725e+00,6.005045e-02,2.887887e-02,2.961472e-02,1.098171e-03,4.240225e-04,
-1.000000e+00,2048,2048,16384,OS2-fast-10,1.963157e+00,7.000916e-02,3.524483e-02,3.308311e-02,1.211183e-03,4.566710e-04,
-1.000000e+00,2048,2048,16384,OS2-fast-11,1.779167e+00,7.724903e-02,3.918830e-02,3.620653e-02,1.346769e-03,4.944290e-04,
-1.000000e+00,2048,2048,16384,OS2-fast-12,1.603207e+00,8.572750e-02,4.403946e-02,3.965193e-02,1.463628e-03,5.257030e-04,
-1.000000e+00,2048,2048,16384,OS2-fast-13,1.385915e+00,9.916841e-02,5.397319e-02,4.299322e-02,1.590766e-03,5.680765e-04,
-1.000000e+00,2048,2048,16384,OS2-fast-14,1.256668e+00,1.093677e-01,6.073497e-02,4.633377e-02,1.711761e-03,5.962280e-04,
-1.000000e+00,2048,2048,16384,OS2-fast-15,1.150660e+00,1.194436e-01,6.738032e-02,4.953966e-02,1.840945e-03,6.222355e-04,
-1.000000e+00,2048,2048,16384,OS2-fast-16,1.047059e+00,1.312619e-01,7.590397e-02,5.270795e-02,1.958138e-03,6.664610e-04,
-1.000000e+00,2048,2048,16384,OS2-fast-17,9.575346e-01,1.435342e-01,8.483561e-02,5.589271e-02,2.101469e-03,6.924770e-04,
-1.000000e+00,2048,2048,16384,OS2-fast-18,9.001643e-01,1.526821e-01,9.051305e-02,5.920052e-02,2.207750e-03,7.285380e-04,
-1.000000e+00,2048,2048,16384,OS2-fast-19,8.389867e-01,1.638154e-01,9.789081e-02,6.270276e-02,2.338646e-03,7.637425e-04,
-1.000000e+00,2048,2048,16384,OS2-fast-20,7.836049e-01,1.753932e-01,1.058954e-01,6.618820e-02,2.456647e-03,7.972330e-04,
-1.000000e+00,2048,2048,16384,OS2-accu-9,2.176931e+00,6.313427e-02,3.190572e-02,2.967365e-02,1.096135e-03,4.248715e-04,
-1.000000e+00,2048,2048,16384,OS2-accu-10,1.883902e+00,7.295443e-02,3.820388e-02,3.299090e-02,1.214344e-03,4.582645e-04,
-1.000000e+00,2048,2048,16384,OS2-accu-11,1.703593e+00,8.067595e-02,4.241397e-02,3.638335e-02,1.348150e-03,5.070070e-04,
-1.000000e+00,2048,2048,16384,OS2-accu-12,1.544503e+00,8.898587e-02,4.722702e-02,3.974553e-02,1.468066e-03,5.270570e-04,
-1.000000e+00,2048,2048,16384,OS2-accu-13,1.344275e+00,1.022402e-01,5.690122e-02,4.312620e-02,1.589792e-03,5.693100e-04,
-1.000000e+00,2048,2048,16384,OS2-accu-14,1.225384e+00,1.121600e-01,6.340009e-02,4.637054e-02,1.711626e-03,6.036305e-04,
-1.000000e+00,2048,2048,16384,OS2-accu-15,1.127268e+00,1.219221e-01,6.989257e-02,4.956368e-02,1.836333e-03,6.216070e-04,
-1.000000e+00,2048,2048,16384,OS2-accu-16,1.023883e+00,1.342331e-01,7.867624e-02,5.285827e-02,1.961548e-03,6.667290e-04,
-1.000000e+00,2048,2048,16384,OS2-accu-17,9.504313e-01,1.446069e-01,8.559964e-02,5.630207e-02,2.088293e-03,6.941680e-04,
-1.000000e+00,2048,2048,16384,OS2-accu-18,8.788378e-01,1.563872e-01,9.385502e-02,5.959578e-02,2.199826e-03,7.255990e-04,
-1.000000e+00,2048,2048,16384,OS2-accu-19,8.292036e-01,1.657481e-01,1.000239e-01,6.258692e-02,2.332207e-03,7.639960e-04,
-1.000000e+00,2048,2048,16384,OS2-accu-20,7.712481e-01,1.782033e-01,1.087345e-01,6.619685e-02,2.464118e-03,7.994960e-04,
-1.000000e+00,2048,2048,32768,DGEMM,7.948541e-01,3.458218e-01,,,,,
-1.000000e+00,2048,2048,32768,OS2-fast-9,2.240368e+00,1.226932e-01,6.703557e-02,5.408249e-02,1.113346e-03,4.276930e-04,
-1.000000e+00,2048,2048,32768,OS2-fast-10,1.915187e+00,1.435254e-01,8.181440e-02,5.997821e-02,1.234998e-03,4.592390e-04,
-1.000000e+00,2048,2048,32768,OS2-fast-11,1.654640e+00,1.661255e-01,9.847144e-02,6.581236e-02,1.363398e-03,4.958385e-04,
-1.000000e+00,2048,2048,32768,OS2-fast-12,1.467573e+00,1.873010e-01,1.134770e-01,7.177650e-02,1.485866e-03,5.259665e-04,
-1.000000e+00,2048,2048,32768,OS2-fast-13,1.277129e+00,2.152312e-01,1.357604e-01,7.723811e-02,1.609112e-03,5.735965e-04,
-1.000000e+00,2048,2048,32768,OS2-fast-14,1.107616e+00,2.481708e-01,1.624056e-01,8.343667e-02,1.733430e-03,6.094130e-04,
-1.000000e+00,2048,2048,32768,OS2-fast-15,9.588995e-01,2.866598e-01,1.949898e-01,8.928315e-02,1.851067e-03,6.314215e-04,
-1.000000e+00,2048,2048,32768,OS2-fast-16,8.564945e-01,3.209336e-01,2.229818e-01,9.494035e-02,1.977508e-03,6.774865e-04,
-1.000000e+00,2048,2048,32768,OS2-fast-17,7.656792e-01,3.589988e-01,2.551384e-01,1.009210e-01,2.103496e-03,7.058925e-04,
-1.000000e+00,2048,2048,32768,OS2-fast-18,6.868311e-01,4.002118e-01,2.903910e-01,1.066141e-01,2.228489e-03,7.455765e-04,
-1.000000e+00,2048,2048,32768,OS2-fast-19,6.439317e-01,4.268743e-01,3.111086e-01,1.126989e-01,2.347159e-03,7.931470e-04,
-1.000000e+00,2048,2048,32768,OS2-fast-20,6.063235e-01,4.533519e-01,3.312873e-01,1.184134e-01,2.474668e-03,8.411400e-04,
-1.000000e+00,2048,2048,32768,OS2-accu-9,2.144793e+00,1.281606e-01,7.261936e-02,5.393719e-02,1.113872e-03,4.273255e-04,
-1.000000e+00,2048,2048,32768,OS2-accu-10,1.842950e+00,1.491510e-01,8.741421e-02,5.998282e-02,1.234898e-03,4.577980e-04,
-1.000000e+00,2048,2048,32768,OS2-accu-11,1.602235e+00,1.715591e-01,1.040925e-01,6.562087e-02,1.363810e-03,5.011825e-04,
-1.000000e+00,2048,2048,32768,OS2-accu-12,1.427045e+00,1.926204e-01,1.190884e-01,7.144786e-02,1.487191e-03,5.271090e-04,
-1.000000e+00,2048,2048,32768,OS2-accu-13,1.238151e+00,2.220068e-01,1.421181e-01,7.758582e-02,1.608607e-03,5.728320e-04,
-1.000000e+00,2048,2048,32768,OS2-accu-14,1.079133e+00,2.547210e-01,1.685639e-01,8.368565e-02,1.734464e-03,6.081970e-04,
-1.000000e+00,2048,2048,32768,OS2-accu-15,9.378612e-01,2.930902e-01,2.010026e-01,8.973699e-02,1.850895e-03,6.253630e-04,
-1.000000e+00,2048,2048,32768,OS2-accu-16,8.402323e-01,3.271451e-01,2.291921e-01,9.537354e-02,1.976920e-03,6.755630e-04,
-1.000000e+00,2048,2048,32768,OS2-accu-17,7.541225e-01,3.645004e-01,2.605700e-01,1.010051e-01,2.104823e-03,7.072075e-04,
-1.000000e+00,2048,2048,32768,OS2-accu-18,6.787384e-01,4.049836e-01,2.953512e-01,1.067528e-01,2.224051e-03,7.439965e-04,
-1.000000e+00,2048,2048,32768,OS2-accu-19,6.363462e-01,4.319629e-01,3.157913e-01,1.130070e-01,2.346571e-03,7.871825e-04,
-1.000000e+00,2048,2048,32768,OS2-accu-20,5.993450e-01,4.586305e-01,3.362071e-01,1.186996e-01,2.475021e-03,8.357415e-04,
-1.000000e+00,4096,4096,1024,DGEMM,8.078163e-01,4.253410e-02,,,,,
-1.000000e+00,4096,4096,1024,OS2-fast-9,2.886650e+00,1.190298e-02,8.516050e-04,4.964534e-03,4.382743e-03,1.661274e-03,
-1.000000e+00,4096,4096,1024,OS2-fast-10,2.619580e+00,1.311650e-02,9.924225e-04,5.421337e-03,4.877880e-03,1.798732e-03,
-1.000000e+00,4096,4096,1024,OS2-fast-11,2.387992e+00,1.438855e-02,1.126567e-03,5.892013e-03,5.377221e-03,1.940179e-03,
-1.000000e+00,4096,4096,1024,OS2-fast-12,2.187905e+00,1.570440e-02,1.252860e-03,6.478240e-03,5.873678e-03,2.074941e-03,
-1.000000e+00,4096,4096,1024,OS2-fast-13,2.019251e+00,1.701608e-02,1.450628e-03,6.883084e-03,6.398980e-03,2.232935e-03,
-1.000000e+00,4096,4096,1024,OS2-fast-14,1.872702e+00,1.834768e-02,1.648350e-03,7.447467e-03,6.853434e-03,2.359580e-03,
-1.000000e+00,4096,4096,1024,OS2-fast-15,1.752251e+00,1.960892e-02,1.813011e-03,7.884978e-03,7.362975e-03,2.507597e-03,
-1.000000e+00,4096,4096,1024,OS2-fast-16,1.638116e+00,2.097516e-02,1.991762e-03,8.410663e-03,7.867690e-03,2.665635e-03,
-1.000000e+00,4096,4096,1024,OS2-fast-17,1.545397e+00,2.223360e-02,2.143078e-03,8.941069e-03,8.337192e-03,2.782423e-03,
-1.000000e+00,4096,4096,1024,OS2-fast-18,1.460515e+00,2.352577e-02,2.259298e-03,9.503858e-03,8.785058e-03,2.933517e-03,
-1.000000e+00,4096,4096,1024,OS2-fast-19,1.385194e+00,2.480500e-02,2.355492e-03,1.007636e-02,9.279288e-03,3.062442e-03,
-1.000000e+00,4096,4096,1024,OS2-fast-20,1.322622e+00,2.597850e-02,2.452709e-03,1.044025e-02,9.800589e-03,3.240481e-03,
-1.000000e+00,4096,4096,1024,OS2-accu-9,2.781465e+00,1.235311e-02,1.472776e-03,4.757559e-03,4.423358e-03,1.649651e-03,
-1.000000e+00,4096,4096,1024,OS2-accu-10,2.514120e+00,1.366671e-02,1.634657e-03,5.333989e-03,4.878243e-03,1.789361e-03,
-1.000000e+00,4096,4096,1024,OS2-accu-11,2.303753e+00,1.491468e-02,1.723271e-03,5.820842e-03,5.380393e-03,1.943665e-03,
-1.000000e+00,4096,4096,1024,OS2-accu-12,2.118566e+00,1.621839e-02,1.865016e-03,6.359456e-03,5.887783e-03,2.075195e-03,
-1.000000e+00,4096,4096,1024,OS2-accu-13,1.953722e+00,1.758681e-02,2.066954e-03,6.865911e-03,6.394444e-03,2.215793e-03,
-1.000000e+00,4096,4096,1024,OS2-accu-14,1.811398e+00,1.896863e-02,2.340463e-03,7.399302e-03,6.838525e-03,2.357797e-03,
-1.000000e+00,4096,4096,1024,OS2-accu-15,1.701124e+00,2.019825e-02,2.473395e-03,7.861351e-03,7.336753e-03,2.493511e-03,
-1.000000e+00,4096,4096,1024,OS2-accu-16,1.590036e+00,2.160941e-02,2.620866e-03,8.441287e-03,7.849708e-03,2.639645e-03,
-1.000000e+00,4096,4096,1024,OS2-accu-17,1.500114e+00,2.290476e-02,2.779684e-03,9.014619e-03,8.320623e-03,2.766468e-03,
-1.000000e+00,4096,4096,1024,OS2-accu-18,1.425791e+00,2.409871e-02,2.888790e-03,9.462558e-03,8.788630e-03,2.929332e-03,
-1.000000e+00,4096,4096,1024,OS2-accu-19,1.356094e+00,2.533729e-02,2.955445e-03,9.958124e-03,9.286522e-03,3.100166e-03,
-1.000000e+00,4096,4096,1024,OS2-accu-20,1.293306e+00,2.656737e-02,3.039839e-03,1.046481e-02,9.775187e-03,3.244496e-03,
-1.000000e+00,4096,4096,2048,DGEMM,8.091553e-01,8.492742e-02,,,,,
-1.000000e+00,4096,4096,2048,OS2-fast-9,4.225586e+00,1.626271e-02,1.920774e-03,8.386833e-03,4.095779e-03,1.830091e-03,
-1.000000e+00,4096,4096,2048,OS2-fast-10,3.804022e+00,1.806495e-02,2.165323e-03,9.314068e-03,4.573569e-03,1.975354e-03,
-1.000000e+00,4096,4096,2048,OS2-fast-11,3.457847e+00,1.987349e-02,2.467359e-03,1.022220e-02,5.013672e-03,2.143150e-03,
-1.000000e+00,4096,4096,2048,OS2-fast-12,3.174405e+00,2.164798e-02,2.709038e-03,1.116392e-02,5.460309e-03,2.288368e-03,
-1.000000e+00,4096,4096,2048,OS2-fast-13,2.904800e+00,2.365721e-02,3.127390e-03,1.207843e-02,5.958522e-03,2.456735e-03,
-1.000000e+00,4096,4096,2048,OS2-fast-14,2.696128e+00,2.548821e-02,3.500028e-03,1.298006e-02,6.362833e-03,2.610223e-03,
-1.000000e+00,4096,4096,2048,OS2-fast-15,2.523842e+00,2.722813e-02,3.792169e-03,1.380458e-02,6.829928e-03,2.755202e-03,
-1.000000e+00,4096,4096,2048,OS2-fast-16,2.381066e+00,2.886081e-02,4.042213e-03,1.456719e-02,7.271176e-03,2.928600e-03,
-1.000000e+00,4096,4096,2048,OS2-fast-17,2.246787e+00,3.058567e-02,4.255677e-03,1.549839e-02,7.727762e-03,3.084650e-03,
-1.000000e+00,4096,4096,2048,OS2-fast-18,2.105583e+00,3.263679e-02,4.738581e-03,1.642181e-02,8.196521e-03,3.235796e-03,
-1.000000e+00,4096,4096,2048,OS2-fast-19,1.988955e+00,3.455054e-02,5.085543e-03,1.739545e-02,8.648565e-03,3.393440e-03,
-1.000000e+00,4096,4096,2048,OS2-fast-20,1.895010e+00,3.626338e-02,5.269496e-03,1.831405e-02,9.097486e-03,3.563098e-03,
-1.000000e+00,4096,4096,2048,OS2-accu-9,4.045033e+00,1.698861e-02,2.736455e-03,8.293752e-03,4.101639e-03,1.821813e-03,
-1.000000e+00,4096,4096,2048,OS2-accu-10,3.655131e+00,1.880082e-02,2.973240e-03,9.209266e-03,4.581454e-03,1.978185e-03,
-1.000000e+00,4096,4096,2048,OS2-accu-11,3.337136e+00,2.059235e-02,3.264008e-03,1.012373e-02,5.023216e-03,2.146198e-03,
-1.000000e+00,4096,4096,2048,OS2-accu-12,3.067703e+00,2.240095e-02,3.520895e-03,1.108822e-02,5.467200e-03,2.292545e-03,
-1.000000e+00,4096,4096,2048,OS2-accu-13,2.819005e+00,2.437721e-02,3.967211e-03,1.196748e-02,5.958985e-03,2.461045e-03,
-1.000000e+00,4096,4096,2048,OS2-accu-14,2.625563e+00,2.617324e-02,4.332359e-03,1.278014e-02,6.392867e-03,2.618967e-03,
-1.000000e+00,4096,4096,2048,OS2-accu-15,2.461975e+00,2.791234e-02,4.614910e-03,1.368896e-02,6.830567e-03,2.746598e-03,
-1.000000e+00,4096,4096,2048,OS2-accu-16,2.313473e+00,2.970403e-02,4.870884e-03,1.458887e-02,7.270658e-03,2.925275e-03,
-1.000000e+00,4096,4096,2048,OS2-accu-17,2.184644e+00,3.145569e-02,5.060633e-03,1.554148e-02,7.728223e-03,3.086810e-03,
-1.000000e+00,4096,4096,2048,OS2-accu-18,2.053355e+00,3.346693e-02,5.536453e-03,1.645393e-02,8.199363e-03,3.227171e-03,
-1.000000e+00,4096,4096,2048,OS2-accu-19,1.942991e+00,3.536788e-02,5.896779e-03,1.738855e-02,8.650184e-03,3.387430e-03,
-1.000000e+00,4096,4096,2048,OS2-accu-20,1.850587e+00,3.713389e-02,6.094346e-03,1.836995e-02,9.097511e-03,3.551951e-03,
-1.000000e+00,4096,4096,4096,DGEMM,8.083018e-01,1.700342e-01,,,,,
-1.000000e+00,4096,4096,4096,OS2-fast-9,4.791696e+00,2.868274e-02,6.754264e-03,1.622237e-02,3.752294e-03,1.908069e-03,
-1.000000e+00,4096,4096,4096,OS2-fast-10,4.291039e+00,3.202930e-02,7.926433e-03,1.780560e-02,4.179035e-03,2.085953e-03,
-1.000000e+00,4096,4096,4096,OS2-fast-11,3.877986e+00,3.544081e-02,8.975945e-03,1.956994e-02,4.591623e-03,2.270064e-03,
-1.000000e+00,4096,4096,4096,OS2-fast-12,3.577926e+00,3.841302e-02,9.556228e-03,2.135704e-02,5.016820e-03,2.439435e-03,
-1.000000e+00,4096,4096,4096,OS2-fast-13,3.239962e+00,4.241993e-02,1.119808e-02,2.314127e-02,5.419188e-03,2.629407e-03,
-1.000000e+00,4096,4096,4096,OS2-fast-14,3.015864e+00,4.557200e-02,1.197424e-02,2.490464e-02,5.844229e-03,2.809789e-03,
-1.000000e+00,4096,4096,4096,OS2-fast-15,2.846344e+00,4.828613e-02,1.252136e-02,2.650790e-02,6.263488e-03,2.971071e-03,
-1.000000e+00,4096,4096,4096,OS2-fast-16,2.665087e+00,5.157017e-02,1.339925e-02,2.829121e-02,6.683924e-03,3.157483e-03,
-1.000000e+00,4096,4096,4096,OS2-fast-17,2.520375e+00,5.453115e-02,1.414700e-02,2.991088e-02,7.104665e-03,3.317695e-03,
-1.000000e+00,4096,4096,4096,OS2-fast-18,2.387787e+00,5.755914e-02,1.485283e-02,3.162926e-02,7.524410e-03,3.505483e-03,
-1.000000e+00,4096,4096,4096,OS2-fast-19,2.243975e+00,6.124799e-02,1.616081e-02,3.342681e-02,7.930183e-03,3.670701e-03,
-1.000000e+00,4096,4096,4096,OS2-fast-20,2.127505e+00,6.460100e-02,1.702157e-02,3.530299e-02,8.355765e-03,3.864745e-03,
-1.000000e+00,4096,4096,4096,OS2-accu-9,4.585977e+00,2.996940e-02,8.109287e-03,1.614998e-02,3.761766e-03,1.910841e-03,
-1.000000e+00,4096,4096,4096,OS2-accu-10,4.095797e+00,3.355610e-02,9.298483e-03,1.795878e-02,4.188093e-03,2.088652e-03,
-1.000000e+00,4096,4096,4096,OS2-accu-11,3.710253e+00,3.704302e-02,1.035832e-02,1.977757e-02,4.598401e-03,2.253403e-03,
-1.000000e+00,4096,4096,4096,OS2-accu-12,3.433030e+00,4.003430e-02,1.096868e-02,2.157728e-02,5.020739e-03,2.419495e-03,
-1.000000e+00,4096,4096,4096,OS2-accu-13,3.131285e+00,4.389219e-02,1.258220e-02,2.323163e-02,5.429289e-03,2.621427e-03,
-1.000000e+00,4096,4096,4096,OS2-accu-14,2.938171e+00,4.677704e-02,1.327331e-02,2.483429e-02,5.861204e-03,2.792502e-03,
-1.000000e+00,4096,4096,4096,OS2-accu-15,2.765080e+00,4.970523e-02,1.388439e-02,2.654400e-02,6.273296e-03,2.965073e-03,
-1.000000e+00,4096,4096,4096,OS2-accu-16,2.597960e+00,5.290264e-02,1.471826e-02,2.829371e-02,6.696425e-03,3.163556e-03,
-1.000000e+00,4096,4096,4096,OS2-accu-17,2.461475e+00,5.583602e-02,1.536285e-02,3.004190e-02,7.107701e-03,3.318102e-03,
-1.000000e+00,4096,4096,4096,OS2-accu-18,2.330478e+00,5.897458e-02,1.618516e-02,3.170809e-02,7.528024e-03,3.501816e-03,
-1.000000e+00,4096,4096,4096,OS2-accu-19,2.194973e+00,6.261533e-02,1.744756e-02,3.351414e-02,7.940108e-03,3.677152e-03,
-1.000000e+00,4096,4096,4096,OS2-accu-20,2.084237e+00,6.594209e-02,1.837090e-02,3.534338e-02,8.357361e-03,3.847339e-03,
-1.000000e+00,4096,4096,8192,DGEMM,8.089697e-01,3.397876e-01,,,,,
-1.000000e+00,4096,4096,8192,OS2-fast-9,4.214331e+00,6.522457e-02,1.744255e-02,4.216613e-02,3.709487e-03,1.890739e-03,
-1.000000e+00,4096,4096,8192,OS2-fast-10,3.720507e+00,7.388184e-02,2.076226e-02,4.690682e-02,4.119241e-03,2.054400e-03,
-1.000000e+00,4096,4096,8192,OS2-fast-11,3.379687e+00,8.133237e-02,2.290845e-02,5.163273e-02,4.530865e-03,2.220713e-03,
-1.000000e+00,4096,4096,8192,OS2-fast-12,3.071952e+00,8.947987e-02,2.580455e-02,5.632278e-02,4.946128e-03,2.373008e-03,
-1.000000e+00,4096,4096,8192,OS2-fast-13,2.785990e+00,9.866434e-02,2.977279e-02,6.097410e-02,5.356129e-03,2.544859e-03,
-1.000000e+00,4096,4096,8192,OS2-fast-14,2.581776e+00,1.064685e-01,3.227748e-02,6.568955e-02,5.765873e-03,2.714924e-03,
-1.000000e+00,4096,4096,8192,OS2-fast-15,2.400913e+00,1.144889e-01,3.510776e-02,7.032307e-02,6.179455e-03,2.857278e-03,
-1.000000e+00,4096,4096,8192,OS2-fast-16,2.211887e+00,1.242731e-01,3.962084e-02,7.498417e-02,6.592771e-03,3.030813e-03,
-1.000000e+00,4096,4096,8192,OS2-fast-17,2.061572e+00,1.333341e-01,4.343438e-02,7.968579e-02,7.006260e-03,3.166024e-03,
-1.000000e+00,4096,4096,8192,OS2-fast-18,1.930964e+00,1.423527e-01,4.722067e-02,8.435341e-02,7.416297e-03,3.326914e-03,
-1.000000e+00,4096,4096,8192,OS2-fast-19,1.816338e+00,1.513363e-01,5.101689e-02,8.898262e-02,7.829884e-03,3.493464e-03,
-1.000000e+00,4096,4096,8192,OS2-fast-20,1.710383e+00,1.607113e-01,5.505776e-02,9.375071e-02,8.238468e-03,3.646737e-03,
-1.000000e+00,4096,4096,8192,OS2-accu-9,4.011807e+00,6.851723e-02,2.065208e-02,4.222458e-02,3.710133e-03,1.889642e-03,
-1.000000e+00,4096,4096,8192,OS2-accu-10,3.561682e+00,7.717643e-02,2.408123e-02,4.689203e-02,4.119650e-03,2.053107e-03,
-1.000000e+00,4096,4096,8192,OS2-accu-11,3.244017e+00,8.473380e-02,2.628273e-02,5.165004e-02,4.533257e-03,2.217305e-03,
-1.000000e+00,4096,4096,8192,OS2-accu-12,2.957677e+00,9.293709e-02,2.923658e-02,5.635594e-02,4.945037e-03,2.373949e-03,
-1.000000e+00,4096,4096,8192,OS2-accu-13,2.701731e+00,1.017414e-01,3.280703e-02,6.099397e-02,5.358023e-03,2.547309e-03,
-1.000000e+00,4096,4096,8192,OS2-accu-14,2.510414e+00,1.094950e-01,3.528372e-02,6.568833e-02,5.766385e-03,2.719717e-03,
-1.000000e+00,4096,4096,8192,OS2-accu-15,2.340527e+00,1.174428e-01,3.809072e-02,7.025904e-02,6.178859e-03,2.858209e-03,
-1.000000e+00,4096,4096,8192,OS2-accu-16,2.160085e+00,1.272533e-01,4.258228e-02,7.499811e-02,6.592027e-03,3.029375e-03,
-1.000000e+00,4096,4096,8192,OS2-accu-17,2.020737e+00,1.360285e-01,4.612581e-02,7.965638e-02,7.004788e-03,3.166240e-03,
-1.000000e+00,4096,4096,8192,OS2-accu-18,1.891109e+00,1.453528e-01,5.016883e-02,8.438717e-02,7.417833e-03,3.327060e-03,
-1.000000e+00,4096,4096,8192,OS2-accu-19,1.780831e+00,1.543537e-01,5.398817e-02,8.900001e-02,7.831097e-03,3.487567e-03,
-1.000000e+00,4096,4096,8192,OS2-accu-20,1.678679e+00,1.637466e-01,5.802636e-02,9.378556e-02,8.241203e-03,3.646049e-03,
-1.000000e+00,4096,4096,16384,DGEMM,8.081618e-01,6.802547e-01,,,,,
-1.000000e+00,4096,4096,16384,OS2-fast-9,3.213463e+00,1.710790e-01,6.947293e-02,9.606587e-02,3.698028e-03,1.828943e-03,
-1.000000e+00,4096,4096,16384,OS2-fast-10,2.816228e+00,1.952100e-01,8.223843e-02,1.068219e-01,4.109579e-03,1.988067e-03,
-1.000000e+00,4096,4096,16384,OS2-fast-11,2.503757e+00,2.195723e-01,9.532385e-02,1.173931e-01,4.521387e-03,2.146111e-03,
-1.000000e+00,4096,4096,16384,OS2-fast-12,2.228104e+00,2.467370e-01,1.113627e-01,1.281511e-01,4.931941e-03,2.303966e-03,
-1.000000e+00,4096,4096,16384,OS2-fast-13,1.928450e+00,2.850765e-01,1.383803e-01,1.388811e-01,5.344920e-03,2.467620e-03,
-1.000000e+00,4096,4096,16384,OS2-fast-14,1.700605e+00,3.232708e-01,1.653551e-01,1.495076e-01,5.752026e-03,2.631055e-03,
-1.000000e+00,4096,4096,16384,OS2-fast-15,1.483533e+00,3.705720e-01,2.014637e-01,1.602121e-01,6.163205e-03,2.767660e-03,
-1.000000e+00,4096,4096,16384,OS2-fast-16,1.339334e+00,4.104697e-01,2.297115e-01,1.709920e-01,6.577526e-03,2.938134e-03,
-1.000000e+00,4096,4096,16384,OS2-fast-17,1.199067e+00,4.584862e-01,2.667167e-01,1.817133e-01,6.985294e-03,3.077942e-03,
-1.000000e+00,4096,4096,16384,OS2-fast-18,1.125247e+00,4.885644e-01,2.857111e-01,1.921846e-01,7.401730e-03,3.221519e-03,
-1.000000e+00,4096,4096,16384,OS2-fast-19,1.052687e+00,5.222403e-01,3.082110e-01,2.028739e-01,7.810994e-03,3.377540e-03,
-1.000000e+00,4096,4096,16384,OS2-fast-20,9.994078e-01,5.500816e-01,3.247153e-01,2.135834e-01,8.223086e-03,3.523444e-03,
-1.000000e+00,4096,4096,16384,OS2-accu-9,3.076678e+00,1.786849e-01,7.694007e-02,9.618539e-02,3.697587e-03,1.830898e-03,
-1.000000e+00,4096,4096,16384,OS2-accu-10,2.710344e+00,2.028362e-01,8.978375e-02,1.069139e-01,4.112448e-03,1.983779e-03,
-1.000000e+00,4096,4096,16384,OS2-accu-11,2.418402e+00,2.273219e-01,1.030136e-01,1.175111e-01,4.522047e-03,2.151364e-03,
-1.000000e+00,4096,4096,16384,OS2-accu-12,2.160671e+00,2.544375e-01,1.190488e-01,1.281939e-01,4.933235e-03,2.301644e-03,
-1.000000e+00,4096,4096,16384,OS2-accu-13,1.884021e+00,2.917993e-01,1.451409e-01,1.389320e-01,5.347504e-03,2.463149e-03,
-1.000000e+00,4096,4096,16384,OS2-accu-14,1.666030e+00,3.299795e-01,1.721013e-01,1.495332e-01,5.751175e-03,2.628990e-03,
-1.000000e+00,4096,4096,16384,OS2-accu-15,1.455416e+00,3.777312e-01,2.086009e-01,1.602569e-01,6.166709e-03,2.764140e-03,
-1.000000e+00,4096,4096,16384,OS2-accu-16,1.318213e+00,4.170462e-01,2.366235e-01,1.708459e-01,6.579982e-03,2.942664e-03,
-1.000000e+00,4096,4096,16384,OS2-accu-17,1.201721e+00,4.574739e-01,2.658115e-01,1.816232e-01,6.989092e-03,3.070528e-03,
-1.000000e+00,4096,4096,16384,OS2-accu-18,1.103899e+00,4.980129e-01,2.952047e-01,1.922213e-01,7.400774e-03,3.224218e-03,
-1.000000e+00,4096,4096,16384,OS2-accu-19,1.042942e+00,5.271204e-01,3.130853e-01,2.029429e-01,7.812644e-03,3.376244e-03,
-1.000000e+00,4096,4096,16384,OS2-accu-20,9.844950e-01,5.584140e-01,3.328314e-01,2.136343e-01,8.223582e-03,3.526910e-03,
-1.000000e+00,8192,8192,1024,DGEMM,8.124125e-01,1.691739e-01,,,,,
-1.000000e+00,8192,8192,1024,OS2-fast-9,3.316027e+00,4.144688e-02,2.179756e-03,1.753166e-02,1.488425e-02,6.790975e-03,
-1.000000e+00,8192,8192,1024,OS2-fast-10,3.002213e+00,4.577921e-02,2.420286e-03,1.943324e-02,1.648018e-02,7.402294e-03,
-1.000000e+00,8192,8192,1024,OS2-fast-11,2.739346e+00,5.017219e-02,2.569867e-03,2.142135e-02,1.815527e-02,7.984676e-03,
-1.000000e+00,8192,8192,1024,OS2-fast-12,2.518845e+00,5.456428e-02,2.785823e-03,2.342097e-02,1.978720e-02,8.550695e-03,
-1.000000e+00,8192,8192,1024,OS2-fast-13,2.287295e+00,6.008798e-02,4.062089e-03,2.548447e-02,2.148357e-02,9.033697e-03,
-1.000000e+00,8192,8192,1024,OS2-fast-14,2.117748e+00,6.489864e-02,4.988127e-03,2.711580e-02,2.311068e-02,9.647153e-03,
-1.000000e+00,8192,8192,1024,OS2-fast-15,1.980031e+00,6.941253e-02,5.414545e-03,2.898826e-02,2.476617e-02,1.021365e-02,
-1.000000e+00,8192,8192,1024,OS2-fast-16,1.857173e+00,7.400438e-02,5.849878e-03,3.091479e-02,2.637220e-02,1.084617e-02,
-1.000000e+00,8192,8192,1024,OS2-fast-17,1.752357e+00,7.843089e-02,6.112323e-03,3.285309e-02,2.804779e-02,1.139057e-02,
-1.000000e+00,8192,8192,1024,OS2-fast-18,1.659324e+00,8.282826e-02,6.476974e-03,3.459708e-02,2.966087e-02,1.203443e-02,
-1.000000e+00,8192,8192,1024,OS2-fast-19,1.574710e+00,8.727891e-02,6.902682e-03,3.634301e-02,3.132931e-02,1.266000e-02,
-1.000000e+00,8192,8192,1024,OS2-fast-20,1.498307e+00,9.172950e-02,7.277868e-03,3.825443e-02,3.295985e-02,1.318968e-02,
-1.000000e+00,8192,8192,1024,OS2-accu-9,3.181449e+00,4.320011e-02,4.178084e-03,1.726582e-02,1.488974e-02,6.821605e-03,
-1.000000e+00,8192,8192,1024,OS2-accu-10,2.891275e+00,4.753577e-02,4.420773e-03,1.916556e-02,1.647958e-02,7.425786e-03,
-1.000000e+00,8192,8192,1024,OS2-accu-11,2.652807e+00,5.180888e-02,4.531990e-03,2.105963e-02,1.816731e-02,8.025294e-03,
-1.000000e+00,8192,8192,1024,OS2-accu-12,2.447309e+00,5.615921e-02,4.741338e-03,2.302720e-02,1.979394e-02,8.564353e-03,
-1.000000e+00,8192,8192,1024,OS2-accu-13,2.227145e+00,6.171082e-02,6.082655e-03,2.495305e-02,2.149921e-02,9.162739e-03,
-1.000000e+00,8192,8192,1024,OS2-accu-14,2.061725e+00,6.666211e-02,7.008558e-03,2.670515e-02,2.313729e-02,9.771099e-03,
-1.000000e+00,8192,8192,1024,OS2-accu-15,1.931131e+00,7.117020e-02,7.451310e-03,2.855271e-02,2.479004e-02,1.032971e-02,
-1.000000e+00,8192,8192,1024,OS2-accu-16,1.810977e+00,7.589216e-02,7.887761e-03,3.058209e-02,2.640158e-02,1.097174e-02,
-1.000000e+00,8192,8192,1024,OS2-accu-17,1.713893e+00,8.019109e-02,8.110817e-03,3.249877e-02,2.807346e-02,1.146558e-02,
-1.000000e+00,8192,8192,1024,OS2-accu-18,1.625397e+00,8.455714e-02,8.517729e-03,3.438050e-02,2.969334e-02,1.195296e-02,
-1.000000e+00,8192,8192,1024,OS2-accu-19,1.539974e+00,8.924760e-02,8.926504e-03,3.641569e-02,3.135052e-02,1.253623e-02,
-1.000000e+00,8192,8192,1024,OS2-accu-20,1.467341e+00,9.366531e-02,9.303876e-03,3.826076e-02,3.299248e-02,1.310202e-02,
-1.000000e+00,8192,8192,2048,DGEMM,8.119617e-01,3.385356e-01,,,,,
-1.000000e+00,8192,8192,2048,OS2-fast-9,4.817611e+00,5.705689e-02,4.385235e-03,3.098571e-02,1.440921e-02,7.232532e-03,
-1.000000e+00,8192,8192,2048,OS2-fast-10,4.342628e+00,6.329760e-02,5.270750e-03,3.400695e-02,1.603862e-02,7.970619e-03,
-1.000000e+00,8192,8192,2048,OS2-fast-11,3.947791e+00,6.962828e-02,5.761327e-03,3.753767e-02,1.765037e-02,8.601328e-03,
-1.000000e+00,8192,8192,2048,OS2-fast-12,3.639644e+00,7.552328e-02,6.029165e-03,4.092276e-02,1.922943e-02,9.271356e-03,
-1.000000e+00,8192,8192,2048,OS2-fast-13,3.316726e+00,8.287628e-02,7.538799e-03,4.438350e-02,2.085471e-02,1.002522e-02,
-1.000000e+00,8192,8192,2048,OS2-fast-14,3.093584e+00,8.885420e-02,8.064225e-03,4.760621e-02,2.243217e-02,1.071859e-02,
-1.000000e+00,8192,8192,2048,OS2-fast-15,2.919635e+00,9.414805e-02,8.516119e-03,5.066722e-02,2.414469e-02,1.079582e-02,
-1.000000e+00,8192,8192,2048,OS2-fast-16,2.735112e+00,1.004997e-01,9.139108e-03,5.404416e-02,2.574880e-02,1.147458e-02,
-1.000000e+00,8192,8192,2048,OS2-fast-17,2.582693e+00,1.064307e-01,9.497710e-03,5.740870e-02,2.734034e-02,1.206058e-02,
-1.000000e+00,8192,8192,2048,OS2-fast-18,2.434161e+00,1.129251e-01,1.011137e-02,6.081733e-02,2.889297e-02,1.308612e-02,
-1.000000e+00,8192,8192,2048,OS2-fast-19,2.304608e+00,1.192732e-01,1.074338e-02,6.443631e-02,3.050635e-02,1.351599e-02,
-1.000000e+00,8192,8192,2048,OS2-fast-20,2.199597e+00,1.249674e-01,1.113407e-02,6.792682e-02,3.224601e-02,1.358621e-02,
-1.000000e+00,8192,8192,2048,OS2-accu-9,4.614818e+00,5.956419e-02,7.032153e-03,3.077628e-02,1.441600e-02,7.307446e-03,
-1.000000e+00,8192,8192,2048,OS2-accu-10,4.157822e+00,6.611104e-02,7.917870e-03,3.415242e-02,1.603418e-02,7.913806e-03,
-1.000000e+00,8192,8192,2048,OS2-accu-11,3.794598e+00,7.243926e-02,8.433232e-03,3.770880e-02,1.763749e-02,8.705921e-03,
-1.000000e+00,8192,8192,2048,OS2-accu-12,3.508072e+00,7.835583e-02,8.740434e-03,4.110212e-02,1.921832e-02,9.231627e-03,
-1.000000e+00,8192,8192,2048,OS2-accu-13,3.208349e+00,8.567582e-02,1.025079e-02,4.450186e-02,2.085545e-02,1.005001e-02,
-1.000000e+00,8192,8192,2048,OS2-accu-14,3.007072e+00,9.141047e-02,1.074692e-02,4.747005e-02,2.244695e-02,1.064133e-02,
-1.000000e+00,8192,8192,2048,OS2-accu-15,2.832710e+00,9.703707e-02,1.132109e-02,5.076404e-02,2.413941e-02,1.075007e-02,
-1.000000e+00,8192,8192,2048,OS2-accu-16,2.661376e+00,1.032841e-01,1.193682e-02,5.411487e-02,2.576235e-02,1.142020e-02,
-1.000000e+00,8192,8192,2048,OS2-accu-17,2.511387e+00,1.094526e-01,1.232495e-02,5.757317e-02,2.733770e-02,1.218003e-02,
-1.000000e+00,8192,8192,2048,OS2-accu-18,2.376292e+00,1.156752e-01,1.289359e-02,6.092747e-02,2.889080e-02,1.303100e-02,
-1.000000e+00,8192,8192,2048,OS2-accu-19,2.252526e+00,1.220310e-01,1.353208e-02,6.443592e-02,3.051315e-02,1.344603e-02,
-1.000000e+00,8192,8192,2048,OS2-accu-20,2.151770e+00,1.277450e-01,1.397998e-02,6.791741e-02,3.225447e-02,1.353282e-02,
-1.000000e+00,8192,8192,4096,DGEMM,8.130774e-01,6.761421e-01,,,,,
-1.000000e+00,8192,8192,4096,OS2-fast-9,5.610809e+00,9.798156e-02,1.471402e-02,6.092655e-02,1.403731e-02,8.265710e-03,
-1.000000e+00,8192,8192,4096,OS2-fast-10,5.065335e+00,1.085330e-01,1.674391e-02,6.716113e-02,1.560449e-02,8.962339e-03,
-1.000000e+00,8192,8192,4096,OS2-fast-11,4.595582e+00,1.196270e-01,1.860168e-02,7.424104e-02,1.716121e-02,9.567742e-03,
-1.000000e+00,8192,8192,4096,OS2-fast-12,4.194748e+00,1.310581e-01,2.136885e-02,8.084156e-02,1.871929e-02,1.007795e-02,
-1.000000e+00,8192,8192,4096,OS2-fast-13,3.773353e+00,1.456943e-01,2.701833e-02,8.752639e-02,2.028527e-02,1.080538e-02,
-1.000000e+00,8192,8192,4096,OS2-fast-14,3.481478e+00,1.579088e-01,3.010639e-02,9.449500e-02,2.183394e-02,1.143061e-02,
-1.000000e+00,8192,8192,4096,OS2-fast-15,3.223436e+00,1.705496e-01,3.493770e-02,1.002751e-01,2.339889e-02,1.194879e-02,
-1.000000e+00,8192,8192,4096,OS2-fast-16,3.009947e+00,1.826464e-01,3.793123e-02,1.071124e-01,2.496215e-02,1.264192e-02,
-1.000000e+00,8192,8192,4096,OS2-fast-17,2.826002e+00,1.945348e-01,4.071737e-02,1.140194e-01,2.651629e-02,1.323733e-02,
-1.000000e+00,8192,8192,4096,OS2-fast-18,2.683668e+00,2.048524e-01,4.275569e-02,1.203454e-01,2.808600e-02,1.363883e-02,
-1.000000e+00,8192,8192,4096,OS2-fast-19,2.507142e+00,2.192759e-01,4.758654e-02,1.275970e-01,2.964873e-02,1.437465e-02,
-1.000000e+00,8192,8192,4096,OS2-fast-20,2.365086e+00,2.324464e-01,5.213414e-02,1.341167e-01,3.119221e-02,1.498082e-02,
-1.000000e+00,8192,8192,4096,OS2-accu-9,5.388135e+00,1.020308e-01,1.916969e-02,6.070796e-02,1.403744e-02,8.097598e-03,
-1.000000e+00,8192,8192,4096,OS2-accu-10,4.857349e+00,1.131802e-01,2.123666e-02,6.735731e-02,1.560218e-02,8.895966e-03,
-1.000000e+00,8192,8192,4096,OS2-accu-11,4.417659e+00,1.244451e-01,2.312433e-02,7.448444e-02,1.716674e-02,9.624878e-03,
-1.000000e+00,8192,8192,4096,OS2-accu-12,4.040247e+00,1.360699e-01,2.596004e-02,8.110275e-02,1.872704e-02,1.023848e-02,
-1.000000e+00,8192,8192,4096,OS2-accu-13,3.664782e+00,1.500105e-01,3.133475e-02,8.761788e-02,2.029185e-02,1.071292e-02,
-1.000000e+00,8192,8192,4096,OS2-accu-14,3.397916e+00,1.617920e-01,3.440657e-02,9.408606e-02,2.184782e-02,1.141746e-02,
-1.000000e+00,8192,8192,4096,OS2-accu-15,3.142515e+00,1.749413e-01,3.925884e-02,1.002068e-01,2.341434e-02,1.203107e-02,
-1.000000e+00,8192,8192,4096,OS2-accu-16,2.936336e+00,1.872251e-01,4.221635e-02,1.073126e-01,2.498055e-02,1.266894e-02,
-1.000000e+00,8192,8192,4096,OS2-accu-17,2.778066e+00,1.978916e-01,4.416376e-02,1.139883e-01,2.653963e-02,1.317962e-02,
-1.000000e+00,8192,8192,4096,OS2-accu-18,2.624424e+00,2.094767e-01,4.706599e-02,1.204214e-01,2.811160e-02,1.382546e-02,
-1.000000e+00,8192,8192,4096,OS2-accu-19,2.461969e+00,2.232992e-01,5.184914e-02,1.274393e-01,2.966523e-02,1.426483e-02,
-1.000000e+00,8192,8192,4096,OS2-accu-20,2.320920e+00,2.368698e-01,5.653764e-02,1.340577e-01,3.121619e-02,1.499403e-02,
-1.000000e+00,8192,8192,8192,DGEMM,8.138174e-01,1.351054e+00,,,,,
-1.000000e+00,8192,8192,8192,OS2-fast-9,5.077260e+00,2.165561e-01,4.101011e-02,1.538928e-01,1.399985e-02,7.632907e-03,
-1.000000e+00,8192,8192,8192,OS2-fast-10,4.495762e+00,2.445662e-01,4.960160e-02,1.710650e-01,1.555692e-02,8.253382e-03,
-1.000000e+00,8192,8192,8192,OS2-fast-11,4.027016e+00,2.730339e-01,5.878344e-02,1.882506e-01,1.711537e-02,8.860685e-03,
-1.000000e+00,8192,8192,8192,OS2-fast-12,3.625633e+00,3.032606e-01,6.990226e-02,2.051952e-01,1.867219e-02,9.439989e-03,
-1.000000e+00,8192,8192,8192,OS2-fast-13,3.287633e+00,3.344387e-01,8.190215e-02,2.222596e-01,2.022406e-02,1.003616e-02,
-1.000000e+00,8192,8192,8192,OS2-fast-14,2.997153e+00,3.668521e-01,9.496658e-02,2.394227e-01,2.177916e-02,1.064268e-02,
-1.000000e+00,8192,8192,8192,OS2-fast-15,2.736666e+00,4.017706e-01,1.106934e-01,2.564964e-01,2.333628e-02,1.120813e-02,
-1.000000e+00,8192,8192,8192,OS2-fast-16,2.534981e+00,4.337357e-01,1.235826e-01,2.735538e-01,2.488594e-02,1.180801e-02,
-1.000000e+00,8192,8192,8192,OS2-fast-17,2.344455e+00,4.689839e-01,1.394973e-01,2.907084e-01,2.644503e-02,1.233716e-02,
-1.000000e+00,8192,8192,8192,OS2-fast-18,2.205583e+00,4.985130e-01,1.497560e-01,3.078084e-01,2.799929e-02,1.291410e-02,
-1.000000e+00,8192,8192,8192,OS2-fast-19,2.085550e+00,5.272046e-01,1.591174e-01,3.248652e-01,2.955747e-02,1.349714e-02,
-1.000000e+00,8192,8192,8192,OS2-fast-20,1.973644e+00,5.570973e-01,1.699701e-01,3.420201e-01,3.110905e-02,1.404738e-02,
-1.000000e+00,8192,8192,8192,OS2-accu-9,4.862488e+00,2.261212e-01,5.050686e-02,1.539378e-01,1.400081e-02,7.668823e-03,
-1.000000e+00,8192,8192,8192,OS2-accu-10,4.327551e+00,2.540725e-01,5.917490e-02,1.709837e-01,1.556071e-02,8.266047e-03,
-1.000000e+00,8192,8192,8192,OS2-accu-11,3.889022e+00,2.827219e-01,6.851396e-02,1.881468e-01,1.712267e-02,8.890017e-03,
-1.000000e+00,8192,8192,8192,OS2-accu-12,3.510080e+00,3.132440e-01,7.976422e-02,2.052768e-01,1.867111e-02,9.435634e-03,
-1.000000e+00,8192,8192,8192,OS2-accu-13,3.201558e+00,3.434302e-01,9.077709e-02,2.222808e-01,2.022345e-02,1.005730e-02,
-1.000000e+00,8192,8192,8192,OS2-accu-14,2.926223e+00,3.757443e-01,1.037983e-01,2.394408e-01,2.177794e-02,1.065871e-02,
-1.000000e+00,8192,8192,8192,OS2-accu-15,2.678364e+00,4.105161e-01,1.195201e-01,2.564105e-01,2.333347e-02,1.123702e-02,
-1.000000e+00,8192,8192,8192,OS2-accu-16,2.483922e+00,4.426515e-01,1.324139e-01,2.735311e-01,2.489674e-02,1.182899e-02,
-1.000000e+00,8192,8192,8192,OS2-accu-17,2.321846e+00,4.735507e-01,1.441672e-01,2.907685e-01,2.644251e-02,1.235712e-02,
-1.000000e+00,8192,8192,8192,OS2-accu-18,2.167224e+00,5.073363e-01,1.585859e-01,3.077531e-01,2.799713e-02,1.295278e-02,
-1.000000e+00,8192,8192,8192,OS2-accu-19,2.050121e+00,5.363155e-01,1.683800e-01,3.248794e-01,2.955967e-02,1.353893e-02,
-1.000000e+00,8192,8192,8192,OS2-accu-20,1.943402e+00,5.657663e-01,1.788344e-01,3.418605e-01,3.111203e-02,1.408398e-02,
