phi,m,n,k,function,TFLOPS,total_time[sec],scaling,low_prec_gemm,mod_hi2mid,undo_scaling,
-1.000000,1024,1024,1024,OS2-i8-fast-3,2.133827e+01,1.006400e-04,1.974400e-05,3.824000e-05,1.801600e-05,1.024000e-05,
-1.000000,1024,1024,1024,OS2-i8-fast-4,1.766720e+01,1.215520e-04,2.051200e-05,4.985600e-05,2.462400e-05,1.024000e-05,
-1.000000,1024,1024,1024,OS2-i8-fast-5,1.711961e+01,1.254400e-04,2.073600e-05,5.043200e-05,2.705600e-05,1.024000e-05,
-1.000000,1024,1024,1024,OS2-i8-fast-6,1.476218e+01,1.454720e-04,2.192000e-05,6.336000e-05,3.235200e-05,1.024000e-05,
-1.000000,1024,1024,1024,OS2-i8-fast-7,1.443046e+01,1.488160e-04,2.254400e-05,6.286400e-05,3.456000e-05,1.024000e-05,
-1.000000,1024,1024,1024,OS2-i8-fast-8,1.248073e+01,1.720640e-04,2.542400e-05,7.523200e-05,4.136000e-05,1.024000e-05,
-1.000000,1024,1024,1024,OS2-i8-fast-9,1.219496e+01,1.760960e-04,2.660800e-05,7.523200e-05,4.356800e-05,1.024000e-05,
-1.000000,1024,1024,1024,OS2-i8-fast-10,1.184936e+01,1.812320e-04,2.857600e-05,7.521600e-05,4.614400e-05,1.024000e-05,
-1.000000,1024,1024,1024,OS2-i8-fast-11,1.054673e+01,2.036160e-04,2.907200e-05,8.873600e-05,5.276800e-05,1.024000e-05,
-1.000000,1024,1024,1024,OS2-i8-fast-12,1.043116e+01,2.058720e-04,3.035200e-05,8.838400e-05,5.387200e-05,1.024000e-05,
-1.000000,1024,1024,1024,OS2-i8-accu-3,1.659878e+01,1.293760e-04,4.716800e-05,3.811200e-05,1.884800e-05,1.024000e-05,
-1.000000,1024,1024,1024,OS2-i8-accu-4,1.426786e+01,1.505120e-04,4.752000e-05,5.100800e-05,2.534400e-05,1.024000e-05,
-1.000000,1024,1024,1024,OS2-i8-accu-5,1.410591e+01,1.522400e-04,4.748800e-05,5.043200e-05,2.699200e-05,1.024000e-05,
-1.000000,1024,1024,1024,OS2-i8-accu-6,1.237372e+01,1.735520e-04,4.886400e-05,6.276800e-05,3.315200e-05,1.024000e-05,
-1.000000,1024,1024,1024,OS2-i8-accu-7,1.214201e+01,1.768640e-04,4.969600e-05,6.294400e-05,3.520000e-05,1.024000e-05,
-1.000000,1024,1024,1024,OS2-i8-accu-8,1.075376e+01,1.996960e-04,5.172800e-05,7.598400e-05,4.206400e-05,1.024000e-05,
-1.000000,1024,1024,1024,OS2-i8-accu-9,1.059335e+01,2.027200e-04,5.203200e-05,7.571200e-05,4.387200e-05,1.024000e-05,
-1.000000,1024,1024,1024,OS2-i8-accu-10,1.031968e+01,2.080960e-04,5.379200e-05,7.572800e-05,4.678400e-05,1.024000e-05,
-1.000000,1024,1024,1024,OS2-i8-accu-11,9.393081e+00,2.286240e-04,5.505600e-05,8.838400e-05,5.265600e-05,1.024000e-05,
-1.000000,1024,1024,1024,OS2-i8-accu-12,9.219517e+00,2.329280e-04,5.676800e-05,8.792000e-05,5.448000e-05,1.024000e-05,
-1.000000,1024,1024,1024,OS2-f8-fast-3,2.010451e+01,1.068160e-04,2.107200e-05,4.198400e-05,1.804800e-05,1.024000e-05,
-1.000000,1024,1024,1024,OS2-f8-fast-4,1.649880e+01,1.301600e-04,2.281600e-05,5.593600e-05,2.459200e-05,1.024000e-05,
-1.000000,1024,1024,1024,OS2-f8-fast-5,1.389705e+01,1.545280e-04,2.547200e-05,6.944000e-05,3.171200e-05,1.024000e-05,
-1.000000,1024,1024,1024,OS2-f8-fast-6,1.187767e+01,1.808000e-04,3.097600e-05,8.340800e-05,3.798400e-05,1.024000e-05,
-1.000000,1024,1024,1024,OS2-f8-fast-7,1.114117e+01,1.927520e-04,3.412800e-05,8.700800e-05,4.268800e-05,1.024000e-05,
-1.000000,1024,1024,1024,OS2-f8-fast-8,9.717472e+00,2.209920e-04,3.750400e-05,1.030240e-04,5.051200e-05,1.024000e-05,
-1.000000,1024,1024,1024,OS2-f8-fast-9,9.280717e+00,2.313920e-04,3.974400e-05,1.080000e-04,5.195200e-05,1.024000e-05,
-1.000000,1024,1024,1024,OS2-f8-fast-10,8.323064e+00,2.580160e-04,4.348800e-05,1.235200e-04,5.870400e-05,1.024000e-05,
-1.000000,1024,1024,1024,OS2-f8-fast-11,7.912382e+00,2.714080e-04,4.651200e-05,1.281920e-04,6.313600e-05,1.024000e-05,
-1.000000,1024,1024,1024,OS2-f8-fast-12,7.195504e+00,2.984480e-04,4.888000e-05,1.450240e-04,6.838400e-05,1.228800e-05,
-1.000000,1024,1024,1024,OS2-f8-accu-3,1.660494e+01,1.293280e-04,4.289600e-05,4.131200e-05,1.881600e-05,1.024000e-05,
-1.000000,1024,1024,1024,OS2-f8-accu-4,1.410887e+01,1.522080e-04,4.334400e-05,5.564800e-05,2.515200e-05,1.024000e-05,
-1.000000,1024,1024,1024,OS2-f8-accu-5,1.229213e+01,1.747040e-04,4.555200e-05,6.907200e-05,3.148800e-05,1.024000e-05,
-1.000000,1024,1024,1024,OS2-f8-accu-6,1.072626e+01,2.002080e-04,4.928000e-05,8.296000e-05,3.894400e-05,1.024000e-05,
-1.000000,1024,1024,1024,OS2-f8-accu-7,1.002747e+01,2.141600e-04,5.496000e-05,8.726400e-05,4.232000e-05,1.024000e-05,
-1.000000,1024,1024,1024,OS2-f8-accu-8,8.960393e+00,2.396640e-04,5.595200e-05,1.027200e-04,5.014400e-05,1.024000e-05,
-1.000000,1024,1024,1024,OS2-f8-accu-9,8.459989e+00,2.538400e-04,5.993600e-05,1.092640e-04,5.300800e-05,1.024000e-05,
-1.000000,1024,1024,1024,OS2-f8-accu-10,7.734555e+00,2.776480e-04,6.163200e-05,1.239520e-04,5.945600e-05,1.024000e-05,
-1.000000,1024,1024,1024,OS2-f8-accu-11,7.293253e+00,2.944480e-04,6.619200e-05,1.292000e-04,6.350400e-05,1.228800e-05,
-1.000000,1024,1024,1024,OS2-f8-accu-12,6.738853e+00,3.186720e-04,6.761600e-05,1.438560e-04,7.030400e-05,1.228800e-05,
-1.000000,1024,1024,1024,BF16x9,5.912675e+01,3.632000e-05,,,,,
-1.000000,1024,1024,1024,SGEMM,4.340806e+01,4.947200e-05,,,,,
-1.000000,2048,2048,2048,OS2-i8-fast-3,1.121050e+02,1.532480e-04,4.694400e-05,4.364800e-05,2.457600e-05,2.252800e-05,
-1.000000,2048,2048,2048,OS2-i8-fast-4,9.432855e+01,1.821280e-04,4.969600e-05,6.012800e-05,3.305600e-05,2.252800e-05,
-1.000000,2048,2048,2048,OS2-i8-fast-5,8.707662e+01,1.972960e-04,5.139200e-05,6.928000e-05,3.788800e-05,2.252800e-05,
-1.000000,2048,2048,2048,OS2-i8-fast-6,7.593111e+01,2.262560e-04,5.472000e-05,8.465600e-05,4.608000e-05,2.252800e-05,
-1.000000,2048,2048,2048,OS2-i8-fast-7,7.081795e+01,2.425920e-04,5.732800e-05,9.280000e-05,5.120000e-05,2.252800e-05,
-1.000000,2048,2048,2048,OS2-i8-fast-8,6.214503e+01,2.764480e-04,6.633600e-05,1.089920e-04,5.889600e-05,2.252800e-05,
-1.000000,2048,2048,2048,OS2-i8-fast-9,5.911373e+01,2.906240e-04,7.028800e-05,1.140160e-04,6.192000e-05,2.457600e-05,
-1.000000,2048,2048,2048,OS2-i8-fast-10,5.652760e+01,3.039200e-04,7.336000e-05,1.176960e-04,6.657600e-05,2.457600e-05,
-1.000000,2048,2048,2048,OS2-i8-fast-11,5.132609e+01,3.347200e-04,7.638400e-05,1.360960e-04,7.452800e-05,2.460800e-05,
-1.000000,2048,2048,2048,OS2-i8-fast-12,4.908310e+01,3.500160e-04,7.878400e-05,1.410240e-04,7.980800e-05,2.662400e-05,
-1.000000,2048,2048,2048,OS2-i8-accu-3,8.574158e+01,2.003680e-04,9.227200e-05,4.566400e-05,2.457600e-05,2.252800e-05,
-1.000000,2048,2048,2048,OS2-i8-accu-4,7.541911e+01,2.277920e-04,9.520000e-05,6.080000e-05,3.228800e-05,2.252800e-05,
-1.000000,2048,2048,2048,OS2-i8-accu-5,6.989597e+01,2.457920e-04,9.827200e-05,7.056000e-05,3.731200e-05,2.252800e-05,
-1.000000,2048,2048,2048,OS2-i8-accu-6,6.292808e+01,2.730080e-04,1.004320e-04,8.569600e-05,4.577600e-05,2.252800e-05,
-1.000000,2048,2048,2048,OS2-i8-accu-7,6.005939e+01,2.860480e-04,1.038240e-04,9.075200e-05,4.963200e-05,2.252800e-05,
-1.000000,2048,2048,2048,OS2-i8-accu-8,5.327157e+01,3.224960e-04,1.140640e-04,1.072000e-04,5.737600e-05,2.252800e-05,
-1.000000,2048,2048,2048,OS2-i8-accu-9,5.035604e+01,3.411680e-04,1.202240e-04,1.130880e-04,6.352000e-05,2.457600e-05,
-1.000000,2048,2048,2048,OS2-i8-accu-10,4.877984e+01,3.521920e-04,1.229440e-04,1.163520e-04,6.656000e-05,2.457600e-05,
-1.000000,2048,2048,2048,OS2-i8-accu-11,4.426706e+01,3.880960e-04,1.286720e-04,1.352640e-04,7.502400e-05,2.662400e-05,
-1.000000,2048,2048,2048,OS2-i8-accu-12,4.263587e+01,4.029440e-04,1.313120e-04,1.403200e-04,8.008000e-05,2.867200e-05,
-1.000000,2048,2048,2048,OS2-f8-fast-3,8.241801e+01,2.084480e-04,5.640000e-05,8.352000e-05,3.068800e-05,2.252800e-05,
-1.000000,2048,2048,2048,OS2-f8-fast-4,6.786814e+01,2.531360e-04,6.076800e-05,1.128160e-04,4.112000e-05,2.252800e-05,
-1.000000,2048,2048,2048,OS2-f8-fast-5,5.754552e+01,2.985440e-04,6.558400e-05,1.412640e-04,5.044800e-05,2.249600e-05,
-1.000000,2048,2048,2048,OS2-f8-fast-6,4.837764e+01,3.551200e-04,7.846400e-05,1.701600e-04,6.336000e-05,2.457600e-05,
-1.000000,2048,2048,2048,OS2-f8-fast-7,4.316029e+01,3.980480e-04,8.868800e-05,1.876160e-04,7.753600e-05,2.457600e-05,
-1.000000,2048,2048,2048,OS2-f8-fast-8,3.791997e+01,4.530560e-04,1.013440e-04,2.158720e-04,8.844800e-05,2.662400e-05,
-1.000000,2048,2048,2048,OS2-f8-fast-9,3.456547e+01,4.970240e-04,1.127680e-04,2.314080e-04,1.025600e-04,2.867200e-05,
-1.000000,2048,2048,2048,OS2-f8-fast-10,3.133915e+01,5.481920e-04,1.223360e-04,2.589600e-04,1.130880e-04,3.072000e-05,
-1.000000,2048,2048,2048,OS2-f8-fast-11,2.873580e+01,5.978560e-04,1.343680e-04,2.760320e-04,1.294400e-04,3.481600e-05,
-1.000000,2048,2048,2048,OS2-f8-fast-12,2.644945e+01,6.495360e-04,1.442880e-04,3.049600e-04,1.408480e-04,3.481600e-05,
-1.000000,2048,2048,2048,OS2-f8-accu-3,6.758619e+01,2.541920e-04,1.006400e-04,8.420800e-05,3.068800e-05,2.252800e-05,
-1.000000,2048,2048,2048,OS2-f8-accu-4,5.730291e+01,2.998080e-04,1.068000e-04,1.129280e-04,4.022400e-05,2.252800e-05,
-1.000000,2048,2048,2048,OS2-f8-accu-5,4.952227e+01,3.469120e-04,1.144640e-04,1.401600e-04,5.164800e-05,2.251200e-05,
-1.000000,2048,2048,2048,OS2-f8-accu-6,4.267654e+01,4.025600e-04,1.270560e-04,1.693120e-04,6.262400e-05,2.457600e-05,
-1.000000,2048,2048,2048,OS2-f8-accu-7,3.810433e+01,4.508640e-04,1.398560e-04,1.882880e-04,7.756800e-05,2.457600e-05,
-1.000000,2048,2048,2048,OS2-f8-accu-8,3.396735e+01,5.057760e-04,1.532480e-04,2.162880e-04,8.852800e-05,2.662400e-05,
-1.000000,2048,2048,2048,OS2-f8-accu-9,3.120526e+01,5.505440e-04,1.642560e-04,2.328160e-04,1.025920e-04,2.867200e-05,
-1.000000,2048,2048,2048,OS2-f8-accu-10,2.859575e+01,6.007840e-04,1.739040e-04,2.604640e-04,1.123680e-04,3.072000e-05,
-1.000000,2048,2048,2048,OS2-f8-accu-11,2.655345e+01,6.469920e-04,1.834560e-04,2.767040e-04,1.293760e-04,3.283200e-05,
-1.000000,2048,2048,2048,OS2-f8-accu-12,2.468996e+01,6.958240e-04,1.914720e-04,3.042560e-04,1.402560e-04,3.481600e-05,
-1.000000,2048,2048,2048,BF16x9,1.299615e+02,1.321920e-04,,,,,
-1.000000,2048,2048,2048,SGEMM,5.804324e+01,2.959840e-04,,,,,
-1.000000,4096,4096,4096,OS2-i8-fast-3,3.197087e+02,4.298880e-04,1.387200e-04,1.501600e-04,5.126400e-05,7.372800e-05,
-1.000000,4096,4096,4096,OS2-i8-fast-4,2.653098e+02,5.180320e-04,1.479680e-04,2.073280e-04,7.267200e-05,7.372800e-05,
-1.000000,4096,4096,4096,OS2-i8-fast-5,2.337334e+02,5.880160e-04,1.561440e-04,2.433280e-04,9.721600e-05,7.376000e-05,
-1.000000,4096,4096,4096,OS2-i8-fast-6,2.057075e+02,6.681280e-04,1.652160e-04,2.928000e-04,1.157760e-04,7.577600e-05,
-1.000000,4096,4096,4096,OS2-i8-fast-7,1.863286e+02,7.376160e-04,1.750240e-04,3.301760e-04,1.381760e-04,7.577600e-05,
-1.000000,4096,4096,4096,OS2-i8-fast-8,1.634746e+02,8.407360e-04,2.090400e-04,3.802400e-04,1.558880e-04,7.577600e-05,
-1.000000,4096,4096,4096,OS2-i8-fast-9,1.486482e+02,9.245920e-04,2.262400e-04,4.166720e-04,1.796800e-04,7.987200e-05,
-1.000000,4096,4096,4096,OS2-i8-fast-10,1.388631e+02,9.897440e-04,2.361280e-04,4.532160e-04,1.950240e-04,8.396800e-05,
-1.000000,4096,4096,4096,OS2-i8-fast-11,1.274774e+02,1.078144e-03,2.492960e-04,5.048160e-04,2.136800e-04,8.806400e-05,
-1.000000,4096,4096,4096,OS2-i8-fast-12,1.189363e+02,1.155568e-03,2.604480e-04,5.412160e-04,2.364160e-04,9.420800e-05,
-1.000000,4096,4096,4096,OS2-i8-accu-3,2.261640e+02,6.076960e-04,3.100640e-04,1.539840e-04,5.523200e-05,7.372800e-05,
-1.000000,4096,4096,4096,OS2-i8-accu-4,1.998263e+02,6.877920e-04,3.185600e-04,2.055680e-04,7.296000e-05,7.372800e-05,
-1.000000,4096,4096,4096,OS2-i8-accu-5,1.813562e+02,7.578400e-04,3.282720e-04,2.411040e-04,9.676800e-05,7.372800e-05,
-1.000000,4096,4096,4096,OS2-i8-accu-6,1.640302e+02,8.378880e-04,3.376480e-04,2.917120e-04,1.153920e-04,7.577600e-05,
-1.000000,4096,4096,4096,OS2-i8-accu-7,1.514125e+02,9.077120e-04,3.488000e-04,3.264480e-04,1.379200e-04,7.577600e-05,
-1.000000,4096,4096,4096,OS2-i8-accu-8,1.354260e+02,1.014864e-03,3.819840e-04,3.802080e-04,1.566080e-04,7.574400e-05,
-1.000000,4096,4096,4096,OS2-i8-accu-9,1.262446e+02,1.088672e-03,3.996000e-04,4.101760e-04,1.781760e-04,7.987200e-05,
-1.000000,4096,4096,4096,OS2-i8-accu-10,1.183692e+02,1.161104e-03,4.097600e-04,4.508320e-04,1.955520e-04,8.396800e-05,
-1.000000,4096,4096,4096,OS2-i8-accu-11,1.094176e+02,1.256096e-03,4.256960e-04,5.052800e-04,2.132160e-04,8.806400e-05,
-1.000000,4096,4096,4096,OS2-i8-accu-12,1.032581e+02,1.331024e-03,4.369760e-04,5.391840e-04,2.371840e-04,9.420800e-05,
-1.000000,4096,4096,4096,OS2-f8-fast-3,1.757819e+02,7.818720e-04,1.817760e-04,3.939520e-04,1.167040e-04,7.372800e-05,
-1.000000,4096,4096,4096,OS2-f8-fast-4,1.410359e+02,9.744960e-04,2.018240e-04,5.276000e-04,1.537920e-04,7.577600e-05,
-1.000000,4096,4096,4096,OS2-f8-fast-5,1.156894e+02,1.188000e-03,2.261440e-04,6.729120e-04,1.947360e-04,7.577600e-05,
-1.000000,4096,4096,4096,OS2-f8-fast-6,9.693107e+01,1.417904e-03,2.812480e-04,8.057280e-04,2.344640e-04,7.782400e-05,
-1.000000,4096,4096,4096,OS2-f8-fast-7,8.385005e+01,1.639104e-03,3.240640e-04,9.419520e-04,2.741600e-04,7.782400e-05,
-1.000000,4096,4096,4096,OS2-f8-fast-8,7.465289e+01,1.841040e-03,3.767360e-04,1.048160e-03,3.145760e-04,8.192000e-05,
-1.000000,4096,4096,4096,OS2-f8-fast-9,6.693369e+01,2.053360e-03,4.179040e-04,1.175152e-03,3.543680e-04,8.601600e-05,
-1.000000,4096,4096,4096,OS2-f8-fast-10,6.117664e+01,2.246592e-03,4.559840e-04,1.283136e-03,3.947200e-04,9.011200e-05,
-1.000000,4096,4096,4096,OS2-f8-fast-11,5.572126e+01,2.466544e-03,5.000320e-04,1.411264e-03,4.343200e-04,9.830400e-05,
-1.000000,4096,4096,4096,OS2-f8-fast-12,5.125901e+01,2.681264e-03,5.491040e-04,1.528576e-03,4.740000e-04,1.044480e-04,
-1.000000,4096,4096,4096,OS2-f8-accu-3,1.470829e+02,9.344320e-04,3.403200e-04,3.867680e-04,1.166720e-04,7.372800e-05,
-1.000000,4096,4096,4096,OS2-f8-accu-4,1.229681e+02,1.117680e-03,3.587520e-04,5.133760e-04,1.536000e-04,7.577600e-05,
-1.000000,4096,4096,4096,OS2-f8-accu-5,1.036330e+02,1.326208e-03,3.834880e-04,6.550720e-04,1.951680e-04,7.577600e-05,
-1.000000,4096,4096,4096,OS2-f8-accu-6,8.894390e+01,1.545232e-03,4.345600e-04,7.820160e-04,2.336960e-04,7.577600e-05,
-1.000000,4096,4096,4096,OS2-f8-accu-7,7.718584e+01,1.780624e-03,4.835200e-04,9.249920e-04,2.738240e-04,7.782400e-05,
-1.000000,4096,4096,4096,OS2-f8-accu-8,7.026014e+01,1.956144e-03,5.256960e-04,1.015152e-03,3.144800e-04,7.987200e-05,
-1.000000,4096,4096,4096,OS2-f8-accu-9,6.325943e+01,2.172624e-03,5.695360e-04,1.144352e-03,3.527840e-04,8.396800e-05,
-1.000000,4096,4096,4096,OS2-f8-accu-10,5.726432e+01,2.400080e-03,6.163520e-04,1.274640e-03,3.948960e-04,9.011200e-05,
-1.000000,4096,4096,4096,OS2-f8-accu-11,5.253044e+01,2.616368e-03,6.549600e-04,1.406224e-03,4.339200e-04,9.827200e-05,
-1.000000,4096,4096,4096,OS2-f8-accu-12,4.851070e+01,2.833168e-03,7.032160e-04,1.523392e-03,4.747200e-04,1.044480e-04,
-1.000000,4096,4096,4096,BF16x9,1.395331e+02,9.849920e-04,,,,,
-1.000000,4096,4096,4096,SGEMM,6.932007e+01,1.982672e-03,,,,,
-1.000000,8192,8192,8192,OS2-i8-fast-3,6.025065e+02,1.824896e-03,4.880480e-04,8.469920e-04,1.925760e-04,2.805760e-04,
-1.000000,8192,8192,8192,OS2-i8-fast-4,4.806633e+02,2.287488e-03,5.348000e-04,1.193152e-03,2.611200e-04,2.826240e-04,
-1.000000,8192,8192,8192,OS2-i8-fast-5,4.025038e+02,2.731680e-03,5.801120e-04,1.515680e-03,3.299200e-04,2.888000e-04,
-1.000000,8192,8192,8192,OS2-i8-fast-6,3.497335e+02,3.143856e-03,6.300320e-04,1.807520e-03,3.959360e-04,2.908160e-04,
-1.000000,8192,8192,8192,OS2-i8-fast-7,2.983626e+02,3.685152e-03,7.154560e-04,2.167808e-03,4.751040e-04,3.010560e-04,
-1.000000,8192,8192,8192,OS2-i8-fast-8,2.650008e+02,4.149088e-03,8.660800e-04,2.426608e-03,5.328320e-04,3.020800e-04,
-1.000000,8192,8192,8192,OS2-i8-fast-9,2.363817e+02,4.651424e-03,9.609760e-04,2.742768e-03,6.048480e-04,3.133440e-04,
-1.000000,8192,8192,8192,OS2-i8-fast-10,2.191485e+02,5.017200e-03,1.006112e-03,2.994000e-03,6.653600e-04,3.266560e-04,
-1.000000,8192,8192,8192,OS2-i8-fast-11,2.031474e+02,5.412384e-03,1.059168e-03,3.268512e-03,7.226400e-04,3.399680e-04,
-1.000000,8192,8192,8192,OS2-i8-fast-12,1.876684e+02,5.858800e-03,1.111216e-03,3.576512e-03,7.880800e-04,3.563520e-04,
-1.000000,8192,8192,8192,OS2-i8-accu-3,4.251285e+02,2.586304e-03,1.232368e-03,8.636960e-04,1.925760e-04,2.805760e-04,
-1.000000,8192,8192,8192,OS2-i8-accu-4,3.668247e+02,2.997376e-03,1.266880e-03,1.174512e-03,2.585280e-04,2.805760e-04,
-1.000000,8192,8192,8192,OS2-i8-accu-5,3.222001e+02,3.412512e-03,1.317680e-03,1.472880e-03,3.256000e-04,2.805760e-04,
-1.000000,8192,8192,8192,OS2-i8-accu-6,2.870380e+02,3.830544e-03,1.375024e-03,1.767824e-03,3.861440e-04,2.826240e-04,
-1.000000,8192,8192,8192,OS2-i8-accu-7,2.562544e+02,4.290704e-03,1.441344e-03,2.083312e-03,4.550400e-04,2.888000e-04,
-1.000000,8192,8192,8192,OS2-i8-accu-8,2.313795e+02,4.751984e-03,1.580112e-03,2.343520e-03,5.149440e-04,2.897920e-04,
-1.000000,8192,8192,8192,OS2-i8-accu-9,2.120723e+02,5.184608e-03,1.667792e-03,2.612048e-03,5.825120e-04,2.990240e-04,
-1.000000,8192,8192,8192,OS2-i8-accu-10,1.974737e+02,5.567888e-03,1.701328e-03,2.887056e-03,6.416800e-04,3.112960e-04,
-1.000000,8192,8192,8192,OS2-i8-accu-11,1.813964e+02,6.061376e-03,1.804144e-03,3.184896e-03,7.080800e-04,3.276800e-04,
-1.000000,8192,8192,8192,OS2-i8-accu-12,1.668617e+02,6.589360e-03,1.892416e-03,3.541296e-03,7.842400e-04,3.502080e-04,
-1.000000,8192,8192,8192,OS2-f8-fast-3,2.577837e+02,4.265248e-03,8.054400e-04,2.732016e-03,4.055040e-04,3.081920e-04,
-1.000000,8192,8192,8192,OS2-f8-fast-4,1.950418e+02,5.637312e-03,9.383040e-04,3.828896e-03,5.408960e-04,3.112960e-04,
-1.000000,8192,8192,8192,OS2-f8-fast-5,1.573742e+02,6.986608e-03,1.070336e-03,4.897984e-03,6.781600e-04,3.174240e-04,
-1.000000,8192,8192,8192,OS2-f8-fast-6,1.319283e+02,8.334160e-03,1.373856e-03,5.802480e-03,8.150080e-04,3.235840e-04,
-1.000000,8192,8192,8192,OS2-f8-fast-7,1.116854e+02,9.844720e-03,1.623792e-03,6.903584e-03,9.499200e-04,3.399680e-04,
-1.000000,8192,8192,8192,OS2-f8-fast-8,9.972077e+01,1.102590e-02,1.872608e-03,7.699408e-03,1.078832e-03,3.502080e-04,
-1.000000,8192,8192,8192,OS2-f8-fast-9,9.056467e+01,1.214062e-02,2.063168e-03,8.478912e-03,1.215840e-03,3.624960e-04,
-1.000000,8192,8192,8192,OS2-f8-fast-10,8.260893e+01,1.330984e-02,2.226640e-03,9.293008e-03,1.345392e-03,3.788480e-04,
-1.000000,8192,8192,8192,OS2-f8-fast-11,7.445448e+01,1.476757e-02,2.497632e-03,1.029435e-02,1.481024e-03,4.013920e-04,
-1.000000,8192,8192,8192,OS2-f8-fast-12,6.822708e+01,1.611547e-02,2.726016e-03,1.130283e-02,1.611184e-03,4.300800e-04,
-1.000000,8192,8192,8192,OS2-f8-accu-3,2.205325e+02,4.985712e-03,1.577248e-03,2.683904e-03,4.055520e-04,3.031040e-04,
-1.000000,8192,8192,8192,OS2-f8-accu-4,1.728048e+02,6.362736e-03,1.762032e-03,3.729008e-03,5.412320e-04,3.103040e-04,
-1.000000,8192,8192,8192,OS2-f8-accu-5,1.436660e+02,7.653248e-03,1.905824e-03,4.734224e-03,6.786240e-04,3.133440e-04,
-1.000000,8192,8192,8192,OS2-f8-accu-6,1.207259e+02,9.107504e-03,2.218336e-03,5.741536e-03,8.152160e-04,3.215360e-04,
-1.000000,8192,8192,8192,OS2-f8-accu-7,1.077611e+02,1.020323e-02,2.384640e-03,6.513744e-03,9.497120e-04,3.276480e-04,
-1.000000,8192,8192,8192,OS2-f8-accu-8,9.565642e+01,1.149438e-02,2.640864e-03,7.404976e-03,1.078832e-03,3.399360e-04,
-1.000000,8192,8192,8192,OS2-f8-accu-9,8.659765e+01,1.269678e-02,2.824032e-03,8.258224e-03,1.214704e-03,3.543040e-04,
-1.000000,8192,8192,8192,OS2-f8-accu-10,7.888354e+01,1.393842e-02,3.037088e-03,9.176784e-03,1.345440e-03,3.747520e-04,
-1.000000,8192,8192,8192,OS2-f8-accu-11,7.153234e+01,1.537083e-02,3.273648e-03,1.020693e-02,1.480752e-03,3.973280e-04,
-1.000000,8192,8192,8192,OS2-f8-accu-12,6.606568e+01,1.664270e-02,3.491520e-03,1.107965e-02,1.611584e-03,4.239360e-04,
-1.000000,8192,8192,8192,BF16x9,1.224433e+02,8.979760e-03,,,,,
-1.000000,8192,8192,8192,SGEMM,7.275035e+01,1.511349e-02,,,,,
-1.000000,16384,16384,16384,OS2-i8-fast-3,8.907905e+02,9.874480e-03,1.990640e-03,6.013120e-03,7.105920e-04,1.144832e-03,
-1.000000,16384,16384,16384,OS2-i8-fast-4,6.207182e+02,1.417083e-02,2.409696e-03,9.509408e-03,1.015888e-03,1.211888e-03,
-1.000000,16384,16384,16384,OS2-i8-fast-5,4.960589e+02,1.773195e-02,2.664784e-03,1.251091e-02,1.305136e-03,1.225760e-03,
-1.000000,16384,16384,16384,OS2-i8-fast-6,4.402026e+02,1.998192e-02,2.787712e-03,1.443272e-02,1.538880e-03,1.215488e-03,
-1.000000,16384,16384,16384,OS2-i8-fast-7,3.629839e+02,2.423274e-02,3.142912e-03,1.793459e-02,1.854928e-03,1.274336e-03,
-1.000000,16384,16384,16384,OS2-i8-fast-8,3.161822e+02,2.781970e-02,3.965664e-03,2.042739e-02,2.114656e-03,1.326080e-03,
-1.000000,16384,16384,16384,OS2-i8-fast-9,2.848346e+02,3.088141e-02,4.402544e-03,2.290298e-02,2.380256e-03,1.370608e-03,
-1.000000,16384,16384,16384,OS2-i8-fast-10,2.598040e+02,3.385666e-02,4.610256e-03,2.522699e-02,2.631632e-03,1.428448e-03,
-1.000000,16384,16384,16384,OS2-i8-fast-11,2.401733e+02,3.662394e-02,4.985248e-03,2.724637e-02,2.872480e-03,1.481712e-03,
-1.000000,16384,16384,16384,OS2-i8-fast-12,2.211726e+02,3.977027e-02,5.263968e-03,2.983621e-02,3.136400e-03,1.491440e-03,
-1.000000,16384,16384,16384,OS2-i8-accu-3,6.131466e+02,1.434582e-02,6.021712e-03,6.410784e-03,7.183360e-04,1.153024e-03,
-1.000000,16384,16384,16384,OS2-i8-accu-4,4.917227e+02,1.788832e-02,6.616192e-03,9.074112e-03,9.917120e-04,1.188864e-03,
-1.000000,16384,16384,16384,OS2-i8-accu-5,4.402280e+02,1.998077e-02,6.510528e-03,1.107800e-02,1.217728e-03,1.164288e-03,
-1.000000,16384,16384,16384,OS2-i8-accu-6,3.577821e+02,2.458506e-02,7.255776e-03,1.434141e-02,1.533552e-03,1.215472e-03,
-1.000000,16384,16384,16384,OS2-i8-accu-7,3.165370e+02,2.778851e-02,7.621440e-03,1.706934e-02,1.808448e-03,1.224688e-03,
-1.000000,16384,16384,16384,OS2-i8-accu-8,2.846650e+02,3.089981e-02,8.375552e-03,1.932781e-02,2.055648e-03,1.256960e-03,
-1.000000,16384,16384,16384,OS2-i8-accu-9,2.603891e+02,3.378058e-02,8.645680e-03,2.166290e-02,2.309424e-03,1.280496e-03,
-1.000000,16384,16384,16384,OS2-i8-accu-10,2.390086e+02,3.680242e-02,8.856144e-03,2.403051e-02,2.566016e-03,1.342960e-03,
-1.000000,16384,16384,16384,OS2-i8-accu-11,2.218662e+02,3.964594e-02,9.142512e-03,2.622811e-02,2.785744e-03,1.354256e-03,
-1.000000,16384,16384,16384,OS2-i8-accu-12,2.023980e+02,4.345939e-02,1.004038e-02,2.885275e-02,3.064736e-03,1.504288e-03,
-1.000000,16384,16384,16384,OS2-f8-fast-3,3.049729e+02,2.884221e-02,3.123808e-03,2.297051e-02,1.521680e-03,1.214432e-03,
-1.000000,16384,16384,16384,OS2-f8-fast-4,2.210154e+02,3.979856e-02,3.685552e-03,3.285080e-02,2.030032e-03,1.226752e-03,
-1.000000,16384,16384,16384,OS2-f8-fast-5,1.790442e+02,4.912806e-02,4.290128e-03,4.108918e-02,2.536800e-03,1.260032e-03,
-1.000000,16384,16384,16384,OS2-f8-fast-6,1.478014e+02,5.951293e-02,5.643408e-03,4.951184e-02,3.046368e-03,1.309696e-03,
-1.000000,16384,16384,16384,OS2-f8-fast-7,1.279534e+02,6.874448e-02,6.569136e-03,5.734339e-02,3.569424e-03,1.360928e-03,
-1.000000,16384,16384,16384,OS2-f8-fast-8,1.114901e+02,7.889573e-02,7.756848e-03,6.568582e-02,4.076624e-03,1.424400e-03,
-1.000000,16384,16384,16384,OS2-f8-fast-9,1.021741e+02,8.608930e-02,8.818192e-03,7.116634e-02,4.590832e-03,1.513968e-03,
-1.000000,16384,16384,16384,OS2-f8-fast-10,9.211677e+01,9.548851e-02,9.784064e-03,7.911909e-02,5.109984e-03,1.617888e-03,
-1.000000,16384,16384,16384,OS2-f8-fast-11,8.534076e+01,1.030702e-01,1.099264e-02,8.469106e-02,5.623712e-03,1.698288e-03,
-1.000000,16384,16384,16384,OS2-f8-fast-12,7.703568e+01,1.141821e-01,1.210835e-02,9.400546e-02,6.142288e-03,1.838096e-03,
-1.000000,16384,16384,16384,OS2-f8-accu-3,2.620843e+02,3.356208e-02,7.665408e-03,2.319566e-02,1.521696e-03,1.213408e-03,
-1.000000,16384,16384,16384,OS2-f8-accu-4,2.022119e+02,4.349937e-02,8.521872e-03,3.166080e-02,2.029600e-03,1.236976e-03,
-1.000000,16384,16384,16384,OS2-f8-accu-5,1.665294e+02,5.282006e-02,9.136688e-03,3.989877e-02,2.538064e-03,1.254400e-03,
-1.000000,16384,16384,16384,OS2-f8-accu-6,1.400005e+02,6.282899e-02,1.054502e-02,4.789538e-02,3.046832e-03,1.298432e-03,
-1.000000,16384,16384,16384,OS2-f8-accu-7,1.221939e+02,7.198469e-02,1.150082e-02,5.554368e-02,3.569712e-03,1.359872e-03,
-1.000000,16384,16384,16384,OS2-f8-accu-8,1.099428e+02,8.000607e-02,1.260141e-02,6.194643e-02,4.066800e-03,1.384960e-03,
-1.000000,16384,16384,16384,OS2-f8-accu-9,9.875987e+01,8.906546e-02,1.371835e-02,6.920038e-02,4.585552e-03,1.497600e-03,
-1.000000,16384,16384,16384,OS2-f8-accu-10,8.807498e+01,9.987051e-02,1.468270e-02,7.839973e-02,5.101120e-03,1.604640e-03,
-1.000000,16384,16384,16384,OS2-f8-accu-11,8.192400e+01,1.073689e-01,1.591013e-02,8.388826e-02,5.622368e-03,1.695760e-03,
-1.000000,16384,16384,16384,OS2-f8-accu-12,7.391115e+01,1.190090e-01,1.699315e-02,9.403309e-02,6.143536e-03,1.831904e-03,
-1.000000,16384,16384,16384,BF16x9,1.210595e+02,7.265923e-02,,,,,
-1.000000,16384,16384,16384,SGEMM,7.313487e+01,1.202722e-01,,,,,
-1.000000,32768,32768,32768,OS2-i8-fast-3,1.081773e+03,6.504947e-02,8.538976e-03,4.907030e-02,2.831872e-03,4.731904e-03,
-1.000000,32768,32768,32768,OS2-i8-fast-4,6.870524e+02,1.024212e-01,1.097086e-02,8.210848e-02,4.179760e-03,5.126144e-03,
-1.000000,32768,32768,32768,OS2-i8-fast-5,5.411404e+02,1.300379e-01,1.202869e-02,1.074543e-01,5.348512e-03,5.225952e-03,
-1.000000,32768,32768,32768,OS2-i8-fast-6,4.532392e+02,1.552574e-01,1.269555e-02,1.308070e-01,6.517072e-03,5.278720e-03,
-1.000000,32768,32768,32768,OS2-i8-fast-7,3.913201e+02,1.798240e-01,1.361699e-02,1.532782e-01,7.662240e-03,5.532672e-03,
-1.000000,32768,32768,32768,OS2-i8-fast-8,3.410248e+02,2.063449e-01,1.730256e-02,1.748455e-01,8.747648e-03,5.861376e-03,
-1.000000,32768,32768,32768,OS2-i8-fast-9,3.033990e+02,2.319347e-01,1.906514e-02,1.970542e-01,9.839104e-03,6.073344e-03,
-1.000000,32768,32768,32768,OS2-i8-fast-10,2.770100e+02,2.540296e-01,2.028656e-02,2.165183e-01,1.086238e-02,6.387680e-03,
-1.000000,32768,32768,32768,OS2-i8-fast-11,2.546535e+02,2.763314e-01,2.147002e-02,2.357626e-01,1.199027e-02,6.712832e-03,
-1.000000,32768,32768,32768,OS2-i8-fast-12,2.346486e+02,2.998899e-01,2.393942e-02,2.557237e-01,1.317427e-02,6.996992e-03,
-1.000000,32768,32768,32768,OS2-i8-accu-3,7.052597e+02,9.977707e-02,3.769728e-02,5.409419e-02,2.966032e-03,4.950048e-03,
-1.000000,32768,32768,32768,OS2-i8-accu-4,5.376502e+02,1.308820e-01,4.107312e-02,8.010154e-02,4.143264e-03,5.128224e-03,
-1.000000,32768,32768,32768,OS2-i8-accu-5,4.577246e+02,1.537360e-01,3.994435e-02,1.036985e-01,5.265488e-03,5.150736e-03,
-1.000000,32768,32768,32768,OS2-i8-accu-6,3.929805e+02,1.790642e-01,4.066064e-02,1.269470e-01,6.497344e-03,5.255168e-03,
-1.000000,32768,32768,32768,OS2-i8-accu-7,3.461530e+02,2.032880e-01,4.142314e-02,1.490428e-01,7.550368e-03,5.530656e-03,
-1.000000,32768,32768,32768,OS2-i8-accu-8,3.047207e+02,2.309286e-01,4.423101e-02,1.717515e-01,8.722592e-03,5.925888e-03,
-1.000000,32768,32768,32768,OS2-i8-accu-9,2.793010e+02,2.519459e-01,4.511147e-02,1.912185e-01,9.809232e-03,6.011888e-03,
-1.000000,32768,32768,32768,OS2-i8-accu-10,2.574015e+02,2.733812e-01,4.595832e-02,2.109401e-01,1.075885e-02,6.402032e-03,
-1.000000,32768,32768,32768,OS2-i8-accu-11,2.376929e+02,2.960490e-01,4.666077e-02,2.306081e-01,1.190320e-02,6.646848e-03,
-1.000000,32768,32768,32768,OS2-i8-accu-12,2.194292e+02,3.206900e-01,4.867070e-02,2.518712e-01,1.291624e-02,7.130624e-03,
-1.000000,32768,32768,32768,OS2-f8-fast-3,3.333220e+02,2.111134e-01,1.384157e-02,1.860778e-01,6.003744e-03,4.947968e-03,
-1.000000,32768,32768,32768,OS2-f8-fast-4,2.309084e+02,3.047475e-01,1.616298e-02,2.754166e-01,8.102224e-03,5.177856e-03,
-1.000000,32768,32768,32768,OS2-f8-fast-5,1.853451e+02,3.796633e-01,1.843365e-02,3.457037e-01,1.013811e-02,5.318656e-03,
-1.000000,32768,32768,32768,OS2-f8-fast-6,1.548273e+02,4.544984e-01,2.401526e-02,4.128482e-01,1.216038e-02,5.586912e-03,
-1.000000,32768,32768,32768,OS2-f8-fast-7,1.325839e+02,5.307488e-01,2.862138e-02,4.829121e-01,1.429613e-02,5.909568e-03,
-1.000000,32768,32768,32768,OS2-f8-fast-8,1.166092e+02,6.034581e-01,3.283960e-02,5.492381e-01,1.644331e-02,6.203392e-03,
-1.000000,32768,32768,32768,OS2-f8-fast-9,1.050767e+02,6.696891e-01,3.803168e-02,6.066256e-01,1.856360e-02,6.851056e-03,
-1.000000,32768,32768,32768,OS2-f8-fast-10,9.508676e+01,7.400477e-01,4.114726e-02,6.713220e-01,2.072634e-02,7.146496e-03,
-1.000000,32768,32768,32768,OS2-f8-fast-11,8.647602e+01,8.137371e-01,4.710493e-02,7.362947e-01,2.292512e-02,7.634944e-03,
-1.000000,32768,32768,32768,OS2-f8-fast-12,7.869179e+01,8.942323e-01,5.082754e-02,8.099421e-01,2.510930e-02,7.872016e-03,
-1.000000,32768,32768,32768,OS2-f8-accu-3,2.770744e+02,2.539706e-01,4.255543e-02,2.002883e-01,6.039552e-03,5.124080e-03,
-1.000000,32768,32768,32768,OS2-f8-accu-4,2.122880e+02,3.314777e-01,4.566512e-02,2.725594e-01,8.119616e-03,5.258816e-03,
-1.000000,32768,32768,32768,OS2-f8-accu-5,1.731866e+02,4.063176e-01,4.626320e-02,3.450982e-01,1.013870e-02,5.377536e-03,
-1.000000,32768,32768,32768,OS2-f8-accu-6,1.462387e+02,4.811909e-01,5.100925e-02,4.124715e-01,1.213898e-02,5.636064e-03,
-1.000000,32768,32768,32768,OS2-f8-accu-7,1.268013e+02,5.549527e-01,5.472079e-02,4.807821e-01,1.431269e-02,5.936624e-03,
-1.000000,32768,32768,32768,OS2-f8-accu-8,1.125696e+02,6.251130e-01,5.944322e-02,5.426903e-01,1.643384e-02,6.213632e-03,
-1.000000,32768,32768,32768,OS2-f8-accu-9,1.016818e+02,6.920487e-01,6.423877e-02,6.027377e-01,1.854483e-02,6.842384e-03,
-1.000000,32768,32768,32768,OS2-f8-accu-10,9.219589e+01,7.632525e-01,6.884053e-02,6.667481e-01,2.068544e-02,7.106080e-03,
-1.000000,32768,32768,32768,OS2-f8-accu-11,8.393355e+01,8.383864e-01,7.218256e-02,7.379038e-01,2.290742e-02,7.667680e-03,
-1.000000,32768,32768,32768,OS2-f8-accu-12,7.676145e+01,9.167198e-01,7.640939e-02,8.077935e-01,2.510133e-02,7.861248e-03,
-1.000000,32768,32768,32768,BF16x9,1.210467e+02,5.813354e-01,,,,,
-1.000000,32768,32768,32768,SGEMM,7.339716e+01,9.587394e-01,,,,,
