phi,m,n,k,function,3,4,5,6,7,8,9,10,11,12,
-1.000000,128,128,1024,CGEMM,4.907389e-03,4.907389e-03,4.907389e-03,4.907389e-03,4.907389e-03,4.907389e-03,4.907389e-03,4.907389e-03,4.907389e-03,4.907389e-03,
-1.000000,128,128,1024,BF16x9,4.907389e-03,4.907389e-03,4.907389e-03,4.907389e-03,4.907389e-03,4.907389e-03,4.907389e-03,4.907389e-03,4.907389e-03,4.907389e-03,
-1.000000,128,128,1024,OS2-i8-fast,1.504756e+03,2.634539e+02,1.987975e+01,3.299811e-01,3.536261e-02,1.279082e-03,2.591540e-04,3.926489e-06,4.822798e-06,2.029042e-05,
-1.000000,128,128,1024,OS2-i8-accu,2.634539e+02,1.987975e+01,3.299821e-01,3.536347e-02,1.274991e-03,1.819635e-04,1.506456e-06,1.032375e-07,1.035173e-07,7.236235e-08,
-1.000000,128,128,1024,OS2-f8-fast,5.226860e+02,1.987975e+01,3.715969e-01,4.587280e-03,1.275169e-03,2.011257e-05,2.189115e-05,2.296277e-05,6.829213e-06,8.695808e-05,
-1.000000,128,128,1024,OS2-f8-accu,1.787999e+01,3.299821e-01,3.536347e-02,1.940270e-03,1.098653e-05,1.632701e-07,1.648379e-07,7.434095e-08,1.924464e-07,1.032375e-07,
-1.000000,128,128,2048,CGEMM,4.163724e-03,4.163724e-03,4.163724e-03,4.163724e-03,4.163724e-03,4.163724e-03,4.163724e-03,4.163724e-03,4.163724e-03,4.163724e-03,
-1.000000,128,128,2048,BF16x9,4.163724e-03,4.163724e-03,4.163724e-03,4.163724e-03,4.163724e-03,4.163724e-03,4.163724e-03,4.163724e-03,4.163724e-03,4.163724e-03,
-1.000000,128,128,2048,OS2-i8-fast,3.879733e+03,1.649732e+02,1.010434e+01,1.008913e+00,3.765281e-02,2.340892e-03,1.071948e-04,1.061743e-06,8.603073e-06,1.085068e-05,
-1.000000,128,128,2048,OS2-i8-accu,2.271754e+02,1.549035e+01,2.102519e+00,7.781828e-02,3.442805e-03,2.485120e-04,1.735591e-06,7.514299e-08,5.933705e-08,7.410359e-08,
-1.000000,128,128,2048,OS2-f8-fast,2.667914e+02,1.010434e+01,8.007654e-01,1.381334e-02,6.540177e-04,3.297925e-05,1.577556e-05,4.257074e-05,3.308232e-05,1.812893e-05,
-1.000000,128,128,2048,OS2-f8-accu,2.879697e+01,2.102519e+00,3.765464e-02,1.714558e-03,3.833605e-05,4.064011e-07,8.120231e-07,1.848694e-07,8.553165e-08,2.956353e-07,
-1.000000,128,128,4096,CGEMM,3.878370e-03,3.878370e-03,3.878370e-03,3.878370e-03,3.878370e-03,3.878370e-03,3.878370e-03,3.878370e-03,3.878370e-03,3.878370e-03,
-1.000000,128,128,4096,BF16x9,3.499727e-03,3.499727e-03,3.499727e-03,3.499727e-03,3.499727e-03,3.499727e-03,3.499727e-03,3.499727e-03,3.499727e-03,3.499727e-03,
-1.000000,128,128,4096,OS2-i8-fast,4.687195e+03,5.396929e+02,1.534323e+01,9.417120e-01,5.524972e-02,2.632322e-03,9.167764e-05,8.685963e-06,8.797429e-06,4.636080e-06,
-1.000000,128,128,4096,OS2-i8-accu,5.396929e+02,1.534323e+01,9.417120e-01,5.524896e-02,2.639109e-03,9.474931e-05,5.587861e-06,9.364279e-08,9.364279e-08,9.364279e-08,
-1.000000,128,128,4096,OS2-f8-fast,5.396929e+02,1.534323e+01,7.332686e-01,1.295119e-02,1.346378e-03,5.221977e-05,4.060673e-05,5.644177e-05,1.749300e-05,3.255178e-05,
-1.000000,128,128,4096,OS2-f8-accu,3.342235e+01,9.417120e-01,5.524907e-02,3.748466e-03,2.696477e-05,4.759924e-07,2.979466e-07,2.210806e-07,1.719607e-07,4.446774e-07,
-1.000000,128,128,8192,CGEMM,1.559916e-03,1.559916e-03,1.559916e-03,1.559916e-03,1.559916e-03,1.559916e-03,1.559916e-03,1.559916e-03,1.559916e-03,1.559916e-03,
-1.000000,128,128,8192,BF16x9,1.559916e-03,1.559916e-03,1.559916e-03,1.559916e-03,1.559916e-03,1.559916e-03,1.559916e-03,1.559916e-03,1.559916e-03,1.559916e-03,
-1.000000,128,128,8192,OS2-i8-fast,4.107277e+03,1.911008e+02,1.084446e+01,7.711141e-01,1.084356e-01,2.501214e-03,9.654956e-05,6.832493e-06,3.630192e-06,2.145202e-05,
-1.000000,128,128,8192,OS2-i8-accu,4.030062e+02,1.567288e+01,5.404109e-01,1.061638e-01,2.921162e-03,7.620987e-05,1.144579e-05,1.522430e-07,1.214334e-07,7.761646e-08,
-1.000000,128,128,8192,OS2-f8-fast,4.323299e+02,1.084446e+01,4.738597e-01,3.215470e-02,5.366852e-04,4.112636e-05,1.396547e-05,5.506064e-05,2.483073e-05,2.704177e-05,
-1.000000,128,128,8192,OS2-f8-accu,2.229419e+01,5.404109e-01,1.084454e-01,1.808733e-03,5.862669e-05,3.315056e-07,3.846162e-07,3.440595e-07,1.974088e-07,1.801401e-07,
-1.000000,128,128,16384,CGEMM,5.849350e-03,5.849350e-03,5.849350e-03,5.849350e-03,5.849350e-03,5.849350e-03,5.849350e-03,5.849350e-03,5.849350e-03,5.849350e-03,
-1.000000,128,128,16384,BF16x9,1.460847e-02,1.460847e-02,1.460847e-02,1.460847e-02,1.460847e-02,1.460847e-02,1.460847e-02,1.460847e-02,1.460847e-02,1.460847e-02,
-1.000000,128,128,16384,OS2-i8-fast,2.491453e+03,3.380239e+03,4.344917e+02,9.286304e+00,4.249852e-01,3.792061e-02,1.510326e-03,3.946858e-05,3.650052e-05,2.945730e-05,
-1.000000,128,128,16384,OS2-i8-accu,3.380239e+03,4.344917e+02,9.286238e+00,4.251119e-01,3.788938e-02,1.314708e-03,2.546468e-05,1.784664e-06,2.753195e-07,3.388156e-07,
-1.000000,128,128,16384,OS2-f8-fast,5.604170e+03,4.344917e+02,3.121954e+00,7.800191e-02,9.122937e-03,9.261367e-05,1.472752e-04,1.222048e-03,8.585370e-05,2.172857e-04,
-1.000000,128,128,16384,OS2-f8-accu,1.063532e+03,9.286238e+00,3.835596e-01,3.398027e-02,2.341146e-04,2.208913e-06,2.379273e-07,1.690121e-06,9.822944e-07,4.070992e-06,
-1.000000,128,128,32768,CGEMM,3.100604e-03,3.100604e-03,3.100604e-03,3.100604e-03,3.100604e-03,3.100604e-03,3.100604e-03,3.100604e-03,3.100604e-03,3.100604e-03,
-1.000000,128,128,32768,BF16x9,3.100604e-03,3.100604e-03,3.100604e-03,3.100604e-03,3.100604e-03,3.100604e-03,3.100604e-03,3.100604e-03,3.100604e-03,3.100604e-03,
-1.000000,128,128,32768,OS2-i8-fast,1.432258e+03,8.803716e+02,4.003009e+01,3.097407e+00,1.839358e-01,1.391778e-02,7.534896e-04,9.570259e-06,2.171775e-05,1.081523e-04,
-1.000000,128,128,32768,OS2-i8-accu,8.803716e+02,4.003009e+01,3.097407e+00,1.839229e-01,1.391339e-02,7.568689e-04,1.827008e-05,4.017751e-07,1.959211e-07,9.365876e-08,
-1.000000,128,128,32768,OS2-f8-fast,8.816191e+02,4.003009e+01,2.059319e+00,8.297481e-02,3.522108e-03,1.116934e-04,7.720346e-05,2.584086e-04,2.460097e-04,3.653962e-04,
-1.000000,128,128,32768,OS2-f8-accu,5.921754e+01,3.097407e+00,1.416468e-01,5.920239e-03,2.453090e-04,6.305414e-07,6.260820e-07,5.855431e-07,4.609507e-07,2.872547e-07,
-1.000000,128,128,65536,CGEMM,1.065553e-02,1.065553e-02,1.065553e-02,1.065553e-02,1.065553e-02,1.065553e-02,1.065553e-02,1.065553e-02,1.065553e-02,1.065553e-02,
-1.000000,128,128,65536,BF16x9,1.439378e-02,1.439378e-02,1.439378e-02,1.439378e-02,1.439378e-02,1.439378e-02,1.439378e-02,1.439378e-02,1.439378e-02,1.439378e-02,
-1.000000,128,128,65536,OS2-i8-fast,2.089314e+00,3.087091e+03,1.212450e+02,1.785979e+01,8.158186e-01,3.577904e-02,3.591388e-03,2.983255e-04,1.712502e-04,1.178466e-04,
-1.000000,128,128,65536,OS2-i8-accu,1.259677e+03,1.354121e+02,9.563202e+00,4.435225e-01,2.290680e-02,3.685486e-03,5.810852e-05,7.854571e-07,1.223217e-06,6.468372e-07,
-1.000000,128,128,65536,OS2-f8-fast,2.896845e+03,1.212450e+02,9.563594e+00,9.324704e-02,7.286797e-03,2.796914e-04,3.828747e-04,3.863396e-03,2.126430e-04,3.934556e-04,
-1.000000,128,128,65536,OS2-f8-accu,1.212450e+02,9.563202e+00,4.435224e-01,7.217304e-03,3.205889e-04,2.176882e-06,2.346887e-06,5.767036e-07,1.478225e-06,1.124121e-06,
0.000000,128,128,1024,CGEMM,6.860683e-03,6.860683e-03,6.860683e-03,6.860683e-03,6.860683e-03,6.860683e-03,6.860683e-03,6.860683e-03,6.860683e-03,6.860683e-03,
0.000000,128,128,1024,BF16x9,6.860683e-03,6.860683e-03,6.860683e-03,6.860683e-03,6.860683e-03,6.860683e-03,6.860683e-03,6.860683e-03,6.860683e-03,6.860683e-03,
0.000000,128,128,1024,OS2-i8-fast,4.776597e+02,8.062832e+00,3.132327e+00,1.712132e-01,3.762683e-03,2.350334e-05,6.902813e-07,1.254477e-07,5.927324e-08,1.254477e-07,
0.000000,128,128,1024,OS2-i8-accu,4.776597e+02,8.062832e+00,3.132327e+00,1.712132e-01,3.762683e-03,2.350334e-05,6.902813e-07,1.254477e-07,5.927324e-08,1.254477e-07,
0.000000,128,128,1024,OS2-f8-fast,5.252017e+01,3.132327e+00,1.142247e-01,4.494733e-03,2.670038e-06,1.254477e-07,6.135321e-08,3.513811e-07,3.513811e-07,7.082927e-08,
0.000000,128,128,1024,OS2-f8-accu,5.252017e+01,3.132327e+00,1.142247e-01,4.494733e-03,2.670038e-06,1.254477e-07,6.135321e-08,3.513811e-07,3.513811e-07,7.082927e-08,
0.000000,128,128,2048,CGEMM,2.100200e-03,2.100200e-03,2.100200e-03,2.100200e-03,2.100200e-03,2.100200e-03,2.100200e-03,2.100200e-03,2.100200e-03,2.100200e-03,
0.000000,128,128,2048,BF16x9,2.100200e-03,2.100200e-03,2.100200e-03,2.100200e-03,2.100200e-03,2.100200e-03,2.100200e-03,2.100200e-03,2.100200e-03,2.100200e-03,
0.000000,128,128,2048,OS2-i8-fast,6.343344e+01,1.015697e+01,3.310261e-01,2.913585e-02,1.825228e-03,3.603689e-05,3.271493e-06,1.228381e-07,9.927214e-08,7.765167e-08,
0.000000,128,128,2048,OS2-i8-accu,6.343344e+01,1.015697e+01,3.310261e-01,2.913585e-02,1.825228e-03,3.603689e-05,1.870663e-06,5.929456e-08,9.927214e-08,7.765167e-08,
0.000000,128,128,2048,OS2-f8-fast,2.527700e+01,3.310261e-01,2.913585e-02,4.440403e-04,3.210804e-05,1.342816e-07,2.967536e-07,1.228381e-07,1.867545e-07,1.393357e-07,
0.000000,128,128,2048,OS2-f8-accu,2.527700e+01,3.310261e-01,2.913585e-02,4.440403e-04,3.210804e-05,1.342816e-07,2.967536e-07,1.228381e-07,1.867545e-07,1.393357e-07,
0.000000,128,128,4096,CGEMM,1.953066e-01,1.953066e-01,1.953066e-01,1.953066e-01,1.953066e-01,1.953066e-01,1.953066e-01,1.953066e-01,1.953066e-01,1.953066e-01,
0.000000,128,128,4096,BF16x9,3.718200e-01,3.718200e-01,3.718200e-01,3.718200e-01,3.718200e-01,3.718200e-01,3.718200e-01,3.718200e-01,3.718200e-01,3.718200e-01,
0.000000,128,128,4096,OS2-i8-fast,5.499145e+04,5.086876e+02,8.794064e+01,1.383230e+01,5.040218e-01,1.309968e-02,4.048307e-04,4.705250e-06,2.804040e-06,3.137241e-06,
0.000000,128,128,4096,OS2-i8-accu,5.499145e+04,5.086876e+02,8.794064e+01,1.383230e+01,5.040218e-01,1.309968e-02,4.048307e-04,4.705250e-06,2.804040e-06,3.137241e-06,
0.000000,128,128,4096,OS2-f8-fast,3.370786e+03,8.794064e+01,4.727869e-01,2.641880e-01,2.980178e-03,6.147490e-06,6.051940e-06,2.482639e-05,4.626032e-06,2.268753e-05,
0.000000,128,128,4096,OS2-f8-accu,3.370786e+03,8.794064e+01,4.727869e-01,2.641880e-01,2.980178e-03,6.147490e-06,6.051940e-06,2.482639e-05,4.626032e-06,2.268753e-05,
0.000000,128,128,8192,CGEMM,2.058358e-02,2.058358e-02,2.058358e-02,2.058358e-02,2.058358e-02,2.058358e-02,2.058358e-02,2.058358e-02,2.058358e-02,2.058358e-02,
0.000000,128,128,8192,BF16x9,2.058358e-02,2.058358e-02,2.058358e-02,2.058358e-02,2.058358e-02,2.058358e-02,2.058358e-02,2.058358e-02,2.058358e-02,2.058358e-02,
0.000000,128,128,8192,OS2-i8-fast,1.083948e+03,2.564440e+01,1.412095e+01,1.238046e-01,5.221935e-03,1.016971e-03,3.409267e-05,2.058654e-06,3.100382e-06,8.208082e-07,
0.000000,128,128,8192,OS2-i8-accu,1.083948e+03,2.564440e+01,1.412095e+01,1.238046e-01,5.221935e-03,1.016971e-03,3.409267e-05,1.390125e-07,3.100382e-06,8.208082e-07,
0.000000,128,128,8192,OS2-f8-fast,4.022256e+02,1.412095e+01,1.238046e-01,9.514204e-03,3.544329e-04,3.978295e-06,6.579733e-06,6.789117e-07,5.140002e-06,7.247112e-07,
0.000000,128,128,8192,OS2-f8-accu,4.022256e+02,1.412095e+01,1.238046e-01,9.514204e-03,3.544329e-04,3.978295e-06,6.579733e-06,6.789117e-07,5.140002e-06,7.247112e-07,
0.000000,128,128,16384,CGEMM,1.532659e-02,1.532659e-02,1.532659e-02,1.532659e-02,1.532659e-02,1.532659e-02,1.532659e-02,1.532659e-02,1.532659e-02,1.532659e-02,
0.000000,128,128,16384,BF16x9,6.483218e-03,6.483218e-03,6.483218e-03,6.483218e-03,6.483218e-03,6.483218e-03,6.483218e-03,6.483218e-03,6.483218e-03,6.483218e-03,
0.000000,128,128,16384,OS2-i8-fast,1.346265e+03,6.608174e+01,3.880610e+00,2.467485e-01,1.434763e-02,6.831530e-04,1.275467e-05,2.344607e-07,1.857905e-07,7.021269e-08,
0.000000,128,128,16384,OS2-i8-accu,1.346265e+03,6.608174e+01,3.880610e+00,2.467485e-01,1.434763e-02,6.831530e-04,1.275467e-05,2.344607e-07,1.857905e-07,7.021269e-08,
0.000000,128,128,16384,OS2-f8-fast,6.625709e+01,3.880610e+00,1.989310e-01,1.192895e-02,1.072753e-04,1.729147e-06,3.155488e-07,7.555140e-07,4.413664e-07,1.387669e-06,
0.000000,128,128,16384,OS2-f8-accu,6.625709e+01,3.880610e+00,1.989310e-01,1.192895e-02,1.072753e-04,1.729147e-06,3.155488e-07,7.555140e-07,4.413664e-07,1.387669e-06,
0.000000,128,128,32768,CGEMM,2.860176e-02,2.860176e-02,2.860176e-02,2.860176e-02,2.860176e-02,2.860176e-02,2.860176e-02,2.860176e-02,2.860176e-02,2.860176e-02,
0.000000,128,128,32768,BF16x9,2.860176e-02,2.860176e-02,2.860176e-02,2.860176e-02,2.860176e-02,2.860176e-02,2.860176e-02,2.860176e-02,2.860176e-02,2.860176e-02,
0.000000,128,128,32768,OS2-i8-fast,4.991802e+03,7.500988e+02,2.034442e+01,3.607498e-01,1.194894e-01,5.309794e-03,4.152829e-05,1.679140e-06,1.233844e-06,7.040479e-07,
0.000000,128,128,32768,OS2-i8-accu,4.991802e+03,7.500988e+02,2.034442e+01,3.607498e-01,1.194894e-01,5.309794e-03,4.152829e-05,6.582857e-07,1.233844e-06,7.040479e-07,
0.000000,128,128,32768,OS2-f8-fast,1.139824e+03,2.034442e+01,3.607490e-01,7.578361e-02,1.172008e-03,5.880564e-06,3.883158e-06,6.334675e-06,8.907972e-06,3.351301e-06,
0.000000,128,128,32768,OS2-f8-accu,1.139824e+03,2.034442e+01,3.607490e-01,7.578361e-02,1.172008e-03,5.880564e-06,3.883158e-06,6.334675e-06,8.907972e-06,3.351301e-06,
0.000000,128,128,65536,CGEMM,3.862750e-03,3.862750e-03,3.862750e-03,3.862750e-03,3.862750e-03,3.862750e-03,3.862750e-03,3.862750e-03,3.862750e-03,3.862750e-03,
0.000000,128,128,65536,BF16x9,2.814285e-03,2.814285e-03,2.814285e-03,2.814285e-03,2.814285e-03,2.814285e-03,2.814285e-03,2.814285e-03,2.814285e-03,2.814285e-03,
0.000000,128,128,65536,OS2-i8-fast,9.102906e+02,3.383026e+01,5.481006e+00,1.982288e-01,2.165800e-02,9.357076e-04,2.489830e-05,2.792520e-07,1.398756e-07,1.126376e-07,
0.000000,128,128,65536,OS2-i8-accu,9.102906e+02,3.383026e+01,5.481006e+00,1.982288e-01,2.165800e-02,9.357076e-04,2.489830e-05,2.792520e-07,1.398756e-07,1.126376e-07,
0.000000,128,128,65536,OS2-f8-fast,9.568756e+01,5.481006e+00,2.166410e-01,1.034019e-02,2.612667e-04,2.214065e-06,4.510040e-07,1.000496e-06,1.879425e-07,1.342424e-06,
0.000000,128,128,65536,OS2-f8-accu,9.568756e+01,5.481006e+00,2.166410e-01,1.034019e-02,2.612667e-04,2.214065e-06,4.510040e-07,1.000496e-06,1.879425e-07,1.342424e-06,
0.500000,128,128,1024,CGEMM,1.472688e-02,1.472688e-02,1.472688e-02,1.472688e-02,1.472688e-02,1.472688e-02,1.472688e-02,1.472688e-02,1.472688e-02,1.472688e-02,
0.500000,128,128,1024,BF16x9,1.472688e-02,1.472688e-02,1.472688e-02,1.472688e-02,1.472688e-02,1.472688e-02,1.472688e-02,1.472688e-02,1.472688e-02,1.472688e-02,
0.500000,128,128,1024,OS2-i8-fast,4.409916e+03,4.322757e+02,2.838782e+01,4.205228e+00,1.042658e-01,8.706764e-03,5.730259e-05,1.551827e-06,1.102317e-05,1.341841e-05,
0.500000,128,128,1024,OS2-i8-accu,8.011205e+02,4.142089e+01,5.636250e+00,2.764082e-01,1.324983e-02,9.742511e-04,3.215162e-06,1.379757e-07,1.126573e-07,9.757505e-08,
0.500000,128,128,1024,OS2-f8-fast,8.011205e+02,2.838782e+01,4.205184e+00,1.645850e-02,1.548424e-03,1.280717e-04,4.421433e-05,2.111739e-05,1.359177e-04,2.558975e-05,
0.500000,128,128,1024,OS2-f8-accu,7.641495e+01,5.636250e+00,2.764082e-01,8.716858e-03,5.379528e-05,2.569752e-07,6.963846e-07,1.831193e-07,2.870613e-07,4.156903e-07,
0.500000,128,128,2048,CGEMM,1.090179e-03,1.090179e-03,1.090179e-03,1.090179e-03,1.090179e-03,1.090179e-03,1.090179e-03,1.090179e-03,1.090179e-03,1.090179e-03,
0.500000,128,128,2048,BF16x9,1.090179e-03,1.090179e-03,1.090179e-03,1.090179e-03,1.090179e-03,1.090179e-03,1.090179e-03,1.090179e-03,1.090179e-03,1.090179e-03,
0.500000,128,128,2048,OS2-i8-fast,1.589988e+03,1.574677e+02,1.356386e+01,3.437752e-01,2.598188e-02,2.513252e-03,5.700773e-05,1.938292e-06,4.480987e-06,2.022453e-06,
0.500000,128,128,2048,OS2-i8-accu,2.918055e+02,2.231712e+01,1.799806e+00,9.644040e-02,3.601252e-03,1.702967e-04,2.799302e-06,5.935951e-08,1.160855e-07,6.622322e-08,
0.500000,128,128,2048,OS2-f8-fast,2.918055e+02,1.356386e+01,2.883099e-01,2.005135e-02,3.587740e-04,2.778057e-05,2.390188e-05,1.453056e-05,3.003273e-06,9.377503e-06,
0.500000,128,128,2048,OS2-f8-accu,5.851327e+01,1.799806e+00,2.638374e-02,2.513812e-03,1.943909e-05,3.238986e-07,7.119415e-08,1.335969e-07,7.119415e-08,9.294761e-08,
0.500000,128,128,4096,CGEMM,2.017785e-01,2.017785e-01,2.017785e-01,2.017785e-01,2.017785e-01,2.017785e-01,2.017785e-01,2.017785e-01,2.017785e-01,2.017785e-01,
0.500000,128,128,4096,BF16x9,4.854875e-01,4.854875e-01,4.854875e-01,4.854875e-01,4.854875e-01,4.854875e-01,4.854875e-01,4.854875e-01,4.854875e-01,4.854875e-01,
0.500000,128,128,4096,OS2-i8-fast,2.005563e+05,1.018872e+04,1.483884e+02,4.166572e+01,2.576637e+00,7.012586e-02,2.655638e-03,2.824223e-05,5.585637e-04,1.325287e-04,
0.500000,128,128,4096,OS2-i8-accu,9.702343e+03,3.369114e+02,5.023367e+01,4.777704e+00,1.299124e-01,3.807918e-02,2.152550e-04,4.991797e-06,6.937440e-06,1.781486e-06,
0.500000,128,128,4096,OS2-f8-fast,9.702343e+03,1.483884e+02,4.166602e+01,5.927162e-01,2.773887e-02,2.565999e-04,2.550902e-03,3.862405e-04,1.439551e-03,6.359212e-05,
0.500000,128,128,4096,OS2-f8-accu,8.321822e+01,5.023367e+01,4.777698e+00,7.008617e-02,2.551157e-03,3.435282e-06,8.238576e-06,5.709240e-06,2.039884e-05,7.910261e-06,
0.500000,128,128,8192,CGEMM,2.971066e-03,2.971066e-03,2.971066e-03,2.971066e-03,2.971066e-03,2.971066e-03,2.971066e-03,2.971066e-03,2.971066e-03,2.971066e-03,
0.500000,128,128,8192,BF16x9,2.971066e-03,2.971066e-03,2.971066e-03,2.971066e-03,2.971066e-03,2.971066e-03,2.971066e-03,2.971066e-03,2.971066e-03,2.971066e-03,
0.500000,128,128,8192,OS2-i8-fast,2.217135e+03,3.927646e+02,1.746449e+01,6.758147e-01,6.918730e-02,4.004976e-03,4.386121e-04,4.101890e-06,2.188612e-06,6.253378e-06,
0.500000,128,128,8192,OS2-i8-accu,3.927646e+02,1.746449e+01,6.758162e-01,6.915750e-02,4.017157e-03,5.239092e-04,1.087249e-05,1.449303e-07,1.449303e-07,5.926850e-08,
0.500000,128,128,8192,OS2-f8-fast,4.054125e+02,1.746449e+01,9.811538e-01,6.228681e-02,8.637193e-04,1.624008e-04,3.374030e-05,5.765772e-05,9.675582e-06,7.239934e-05,
0.500000,128,128,8192,OS2-f8-accu,3.260276e+01,6.758162e-01,6.915750e-02,1.030747e-03,1.752027e-04,3.776927e-07,1.075980e-06,1.025594e-07,3.776927e-07,1.568304e-07,
0.500000,128,128,16384,CGEMM,9.373876e-02,9.373876e-02,9.373876e-02,9.373876e-02,9.373876e-02,9.373876e-02,9.373876e-02,9.373876e-02,9.373876e-02,9.373876e-02,
0.500000,128,128,16384,BF16x9,9.940764e-02,9.940764e-02,9.940764e-02,9.940764e-02,9.940764e-02,9.940764e-02,9.940764e-02,9.940764e-02,9.940764e-02,9.940764e-02,
0.500000,128,128,16384,OS2-i8-fast,6.460417e+04,1.544668e+04,3.807229e+02,3.846500e+01,1.264053e+00,5.607100e-02,6.751988e-03,7.528792e-05,5.414177e-04,3.458713e-05,
0.500000,128,128,16384,OS2-i8-accu,1.712038e+04,2.988174e+02,3.331150e+01,1.956865e+00,2.291354e-02,8.873628e-03,3.952537e-04,3.016868e-06,2.291931e-06,3.950931e-06,
0.500000,128,128,16384,OS2-f8-fast,3.182756e+04,3.807229e+02,3.846636e+01,2.851950e-01,3.682810e-02,3.389748e-03,2.485323e-03,3.281808e-04,1.887198e-03,1.967873e-04,
0.500000,128,128,16384,OS2-f8-accu,6.173653e+02,3.331150e+01,1.264045e+00,5.600628e-02,3.495814e-03,2.259307e-05,5.671267e-06,3.729716e-06,8.546867e-06,2.021468e-06,
0.500000,128,128,32768,CGEMM,1.982629e-02,1.982629e-02,1.982629e-02,1.982629e-02,1.982629e-02,1.982629e-02,1.982629e-02,1.982629e-02,1.982629e-02,1.982629e-02,
0.500000,128,128,32768,BF16x9,1.982629e-02,1.982629e-02,1.982629e-02,1.982629e-02,1.982629e-02,1.982629e-02,1.982629e-02,1.982629e-02,1.982629e-02,1.982629e-02,
0.500000,128,128,32768,OS2-i8-fast,7.060122e+04,4.114571e+03,2.701754e+02,2.373269e+01,8.501831e-01,7.275058e-02,4.457202e-03,3.436923e-05,1.258717e-04,1.451608e-04,
0.500000,128,128,32768,OS2-i8-accu,4.114571e+03,2.701754e+02,2.373263e+01,8.501800e-01,7.275644e-02,6.274255e-03,6.191302e-05,9.355209e-07,1.224867e-06,1.425335e-06,
0.500000,128,128,32768,OS2-f8-fast,6.897432e+03,2.701754e+02,1.052721e+01,4.425763e-01,2.481714e-02,8.379775e-04,7.695781e-05,6.294910e-04,1.459626e-04,8.507633e-04,
0.500000,128,128,32768,OS2-f8-accu,5.024960e+02,2.373263e+01,5.705457e-01,2.623749e-02,8.877702e-04,8.423281e-06,3.185425e-06,2.031904e-06,6.793845e-06,1.425335e-06,
0.500000,128,128,65536,CGEMM,8.262460e-03,8.262460e-03,8.262460e-03,8.262460e-03,8.262460e-03,8.262460e-03,8.262460e-03,8.262460e-03,8.262460e-03,8.262460e-03,
0.500000,128,128,65536,BF16x9,4.736374e-03,4.736374e-03,4.736374e-03,4.736374e-03,4.736374e-03,4.736374e-03,4.736374e-03,4.736374e-03,4.736374e-03,4.736374e-03,
0.500000,128,128,65536,OS2-i8-fast,8.351631e+03,3.433740e+03,1.101851e+02,3.783140e+00,6.799640e-01,8.682895e-03,1.057821e-03,2.978884e-05,7.115920e-05,2.894782e-04,
0.500000,128,128,65536,OS2-i8-accu,3.121077e+03,7.536609e+01,5.306831e+00,1.336364e+00,3.261215e-02,5.853227e-03,1.561304e-04,3.106107e-06,3.301250e-06,1.674892e-06,
0.500000,128,128,65536,OS2-f8-fast,3.779142e+03,1.101851e+02,3.783041e+00,1.415795e-01,1.749014e-02,7.861489e-04,4.099136e-04,4.120278e-04,2.582553e-04,6.136828e-05,
0.500000,128,128,65536,OS2-f8-accu,2.021721e+02,5.306831e+00,6.798860e-01,7.526238e-03,3.636648e-04,4.528964e-06,2.260320e-06,1.261657e-06,9.918920e-07,1.591529e-06,
1.000000,128,128,1024,CGEMM,3.189445e-03,3.189445e-03,3.189445e-03,3.189445e-03,3.189445e-03,3.189445e-03,3.189445e-03,3.189445e-03,3.189445e-03,3.189445e-03,
1.000000,128,128,1024,BF16x9,3.189445e-03,3.189445e-03,3.189445e-03,3.189445e-03,3.189445e-03,3.189445e-03,3.189445e-03,3.189445e-03,3.189445e-03,3.189445e-03,
1.000000,128,128,1024,OS2-i8-fast,3.015098e+03,8.095203e+02,2.640384e+01,1.169016e+00,9.884661e-02,2.723833e-02,8.011701e-04,2.906433e-05,5.292757e-05,7.439552e-05,
1.000000,128,128,1024,OS2-i8-accu,2.986184e+02,8.491749e+00,3.997380e-01,1.135409e-01,5.721189e-03,1.077341e-04,2.458055e-06,7.834068e-08,6.212067e-08,7.834068e-08,
1.000000,128,128,1024,OS2-f8-fast,1.098333e+03,2.640384e+01,1.288350e+00,1.106104e-01,2.994190e-03,3.532366e-04,1.044279e-04,4.014670e-04,1.803199e-04,1.067809e-04,
1.000000,128,128,1024,OS2-f8-accu,1.757397e+01,3.997380e-01,6.926007e-02,1.069046e-03,8.524808e-06,2.497791e-07,6.115575e-08,1.660873e-07,6.718939e-08,6.212067e-08,
1.000000,128,128,2048,CGEMM,3.007310e-03,3.007310e-03,3.007310e-03,3.007310e-03,3.007310e-03,3.007310e-03,3.007310e-03,3.007310e-03,3.007310e-03,3.007310e-03,
1.000000,128,128,2048,BF16x9,3.007310e-03,3.007310e-03,3.007310e-03,3.007310e-03,3.007310e-03,3.007310e-03,3.007310e-03,3.007310e-03,3.007310e-03,3.007310e-03,
1.000000,128,128,2048,OS2-i8-fast,2.169537e+03,4.289185e+02,5.308664e+01,5.953448e+00,6.203654e-02,5.168045e-03,9.276416e-04,2.296278e-05,5.859173e-05,2.828750e-05,
1.000000,128,128,2048,OS2-i8-accu,2.951531e+02,1.131994e+01,1.535172e+00,2.541599e-02,2.629947e-03,1.296414e-04,3.318168e-06,1.003976e-07,6.271074e-08,6.271074e-08,
1.000000,128,128,2048,OS2-f8-fast,8.339142e+02,5.308664e+01,3.079772e+00,6.988007e-02,3.529522e-03,4.100650e-04,6.655083e-05,1.275053e-04,6.277500e-05,1.567846e-04,
1.000000,128,128,2048,OS2-f8-accu,2.188293e+01,1.535172e+00,1.390250e-02,1.152233e-03,6.551145e-06,1.044829e-07,2.180858e-07,1.003976e-07,6.271074e-08,1.229787e-07,
1.000000,128,128,4096,CGEMM,3.617948e-03,3.617948e-03,3.617948e-03,3.617948e-03,3.617948e-03,3.617948e-03,3.617948e-03,3.617948e-03,3.617948e-03,3.617948e-03,
1.000000,128,128,4096,BF16x9,4.036435e-03,4.036435e-03,4.036435e-03,4.036435e-03,4.036435e-03,4.036435e-03,4.036435e-03,4.036435e-03,4.036435e-03,4.036435e-03,
1.000000,128,128,4096,OS2-i8-fast,5.122910e+03,3.103180e+03,7.648099e+01,2.119984e+00,5.169674e-01,5.231684e-02,2.963002e-03,5.391748e-04,2.496222e-03,1.346489e-03,
1.000000,128,128,4096,OS2-i8-accu,1.034198e+03,5.321464e+01,5.916595e+00,1.984393e-01,2.266353e-02,5.278804e-04,3.411790e-05,1.451466e-06,2.187702e-07,1.255869e-07,
1.000000,128,128,4096,OS2-f8-fast,2.139063e+03,7.648099e+01,2.119822e+00,1.699333e-01,2.570377e-02,7.981879e-04,1.306514e-03,1.788909e-03,6.635437e-04,3.793662e-04,
1.000000,128,128,4096,OS2-f8-accu,3.580693e+01,1.920656e+00,1.759611e-01,3.829052e-03,1.085933e-04,4.533204e-06,1.254036e-07,3.128419e-07,1.160456e-07,1.255869e-07,
1.000000,128,128,8192,CGEMM,1.755512e-02,1.755512e-02,1.755512e-02,1.755512e-02,1.755512e-02,1.755512e-02,1.755512e-02,1.755512e-02,1.755512e-02,1.755512e-02,
1.000000,128,128,8192,BF16x9,1.755512e-02,1.755512e-02,1.755512e-02,1.755512e-02,1.755512e-02,1.755512e-02,1.755512e-02,1.755512e-02,1.755512e-02,1.755512e-02,
1.000000,128,128,8192,OS2-i8-fast,2.323298e+03,8.753737e+03,6.284115e+02,6.606631e+01,3.310281e+00,1.648134e-01,7.231398e-03,8.520548e-04,3.593606e-03,2.870735e-03,
1.000000,128,128,8192,OS2-i8-accu,2.921589e+03,1.462309e+02,1.271622e+01,4.467974e-01,4.843929e-02,2.876075e-03,7.151753e-05,5.627497e-07,1.391920e-07,3.509709e-07,
1.000000,128,128,8192,OS2-f8-fast,9.701220e+03,6.284115e+02,2.595508e+01,1.580239e+00,5.571225e-02,6.273593e-03,2.889574e-03,1.050468e-02,7.009175e-03,2.170879e-03,
1.000000,128,128,8192,OS2-f8-accu,1.462309e+02,4.898842e+00,3.704017e-01,7.627070e-03,7.050777e-04,3.386467e-06,4.881381e-07,3.654622e-07,2.137727e-07,2.973343e-07,
1.000000,128,128,16384,CGEMM,7.262504e-02,7.262504e-02,7.262504e-02,7.262504e-02,7.262504e-02,7.262504e-02,7.262504e-02,7.262504e-02,7.262504e-02,7.262504e-02,
1.000000,128,128,16384,BF16x9,1.934994e-02,1.934994e-02,1.934994e-02,1.934994e-02,1.934994e-02,1.934994e-02,1.934994e-02,1.934994e-02,1.934994e-02,1.934994e-02,
1.000000,128,128,16384,OS2-i8-fast,1.972887e+04,2.367316e+04,7.089455e+02,9.758671e+01,5.392724e+00,1.855295e-01,7.584010e-02,4.914909e-03,5.140099e-03,4.727209e-03,
1.000000,128,128,16384,OS2-i8-accu,4.515481e+03,1.900037e+02,1.334028e+01,1.424006e+00,2.265866e-01,8.946642e-03,2.332702e-04,5.653321e-06,2.827834e-06,1.408777e-06,
1.000000,128,128,16384,OS2-f8-fast,1.075887e+04,7.089455e+02,9.758765e+01,3.175242e+00,1.210839e-01,2.512627e-02,7.500569e-02,3.243806e-03,7.090219e-03,2.171681e-02,
1.000000,128,128,16384,OS2-f8-accu,3.308819e+02,1.309575e+01,5.917273e-01,5.355646e-02,5.889210e-04,5.019543e-06,1.046618e-06,9.619840e-07,7.749986e-07,1.075189e-06,
1.000000,128,128,32768,CGEMM,3.682676e-02,3.682676e-02,3.682676e-02,3.682676e-02,3.682676e-02,3.682676e-02,3.682676e-02,3.682676e-02,3.682676e-02,3.682676e-02,
1.000000,128,128,32768,BF16x9,3.682676e-02,3.682676e-02,3.682676e-02,3.682676e-02,3.682676e-02,3.682676e-02,3.682676e-02,3.682676e-02,3.682676e-02,3.682676e-02,
1.000000,128,128,32768,OS2-i8-fast,4.757257e+02,6.406451e+04,2.798529e+03,3.114897e+02,6.086452e+00,8.036020e-01,4.320807e-02,3.223063e-03,1.102429e-02,1.541630e-03,
1.000000,128,128,32768,OS2-i8-accu,7.215268e+03,7.148235e+02,4.369675e+01,2.861353e+00,2.028909e-01,3.680321e-03,1.128917e-04,3.817130e-06,2.178788e-06,1.582132e-06,
1.000000,128,128,32768,OS2-f8-fast,4.498722e+04,2.798529e+03,7.609164e+01,5.593113e+00,1.956127e-01,3.703042e-02,1.015053e-02,5.042760e-02,7.401135e-03,2.663707e-02,
1.000000,128,128,32768,OS2-f8-accu,7.145233e+02,8.104450e+00,1.909316e+00,4.604245e-02,2.153357e-04,8.410534e-06,6.732026e-07,2.902318e-06,2.647536e-06,6.056090e-07,
1.000000,128,128,65536,CGEMM,2.312050e-02,2.312050e-02,2.312050e-02,2.312050e-02,2.312050e-02,2.312050e-02,2.312050e-02,2.312050e-02,2.312050e-02,2.312050e-02,
1.000000,128,128,65536,BF16x9,8.853163e-03,8.853163e-03,8.853163e-03,8.853163e-03,8.853163e-03,8.853163e-03,8.853163e-03,8.853163e-03,8.853163e-03,8.853163e-03,
1.000000,128,128,65536,OS2-i8-fast,1.171674e+02,1.815545e+04,3.002380e+03,3.059959e+02,2.280744e+01,1.466628e+00,8.417129e-02,3.661181e-02,9.940878e-02,6.127759e-02,
1.000000,128,128,65536,OS2-i8-accu,9.394964e+03,3.248293e+02,1.279727e+02,6.905825e+00,2.123138e-01,1.528677e-02,7.435763e-04,2.604925e-05,1.137714e-05,8.558890e-06,
1.000000,128,128,65536,OS2-f8-fast,1.499784e+04,3.002380e+03,3.059812e+02,1.277470e+01,8.478933e-01,7.343154e-02,6.712095e-02,6.640064e-02,8.621168e-02,8.101708e-02,
1.000000,128,128,65536,OS2-f8-accu,3.248293e+02,3.079370e+01,2.002498e+00,2.763681e-02,3.624732e-03,2.311827e-05,3.029307e-06,1.118703e-06,4.056421e-06,5.655934e-07,
2.000000,128,128,1024,CGEMM,5.340227e-03,5.340227e-03,5.340227e-03,5.340227e-03,5.340227e-03,5.340227e-03,5.340227e-03,5.340227e-03,5.340227e-03,5.340227e-03,
2.000000,128,128,1024,BF16x9,5.340227e-03,5.340227e-03,5.340227e-03,5.340227e-03,5.340227e-03,5.340227e-03,5.340227e-03,5.340227e-03,5.340227e-03,5.340227e-03,
2.000000,128,128,1024,OS2-i8-fast,2.260644e+00,4.537379e+03,4.316601e+03,1.105618e+03,1.039029e+02,1.425797e+01,4.073423e-01,5.913955e-01,7.475718e-01,1.359655e+00,
2.000000,128,128,1024,OS2-i8-accu,1.884821e+03,2.742348e+02,1.023102e+01,1.096684e+00,3.645822e-02,2.181243e-03,8.453841e-05,4.165155e-06,2.686698e-07,8.358206e-07,
2.000000,128,128,1024,OS2-f8-fast,9.963970e+02,4.316601e+03,7.679540e+02,7.598217e+01,1.674788e+00,1.443042e+00,5.354607e+00,9.112732e-01,1.471366e+00,1.083997e+00,
2.000000,128,128,1024,OS2-f8-accu,2.759834e+02,8.614109e+00,5.838648e-01,1.217282e-02,6.627371e-04,2.117849e-06,3.257092e-07,1.259302e-06,1.659511e-07,2.596671e-07,
2.000000,128,128,2048,CGEMM,8.899541e-03,8.899541e-03,8.899541e-03,8.899541e-03,8.899541e-03,8.899541e-03,8.899541e-03,8.899541e-03,8.899541e-03,8.899541e-03,
2.000000,128,128,2048,BF16x9,8.899541e-03,8.899541e-03,8.899541e-03,8.899541e-03,8.899541e-03,8.899541e-03,8.899541e-03,8.899541e-03,8.899541e-03,8.899541e-03,
2.000000,128,128,2048,OS2-i8-fast,1.000000e+00,3.243469e+03,2.964648e+03,7.703780e+02,2.062336e+02,6.824865e+00,1.411381e+00,2.518183e+00,2.129316e+00,6.824865e+00,
2.000000,128,128,2048,OS2-i8-accu,9.978345e+02,1.816839e+02,1.122761e+01,1.541372e+00,1.078377e-01,4.571030e-03,2.078737e-04,6.669360e-06,5.233752e-07,3.746082e-07,
2.000000,128,128,2048,OS2-f8-fast,1.234531e+03,3.100599e+03,5.253747e+02,6.941119e+01,1.554398e+00,4.809959e+00,1.027793e+01,2.632761e+00,1.938861e+01,6.137448e+00,
2.000000,128,128,2048,OS2-f8-accu,1.622989e+02,5.782591e+00,4.200759e-01,1.061763e-02,3.407236e-04,5.842016e-06,1.560678e-07,5.233752e-07,3.449208e-07,1.249505e-06,
2.000000,128,128,4096,CGEMM,3.831738e-03,3.831738e-03,3.831738e-03,3.831738e-03,3.831738e-03,3.831738e-03,3.831738e-03,3.831738e-03,3.831738e-03,3.831738e-03,
2.000000,128,128,4096,BF16x9,7.879281e-03,7.879281e-03,7.879281e-03,7.879281e-03,7.879281e-03,7.879281e-03,7.879281e-03,7.879281e-03,7.879281e-03,7.879281e-03,
2.000000,128,128,4096,OS2-i8-fast,1.000000e+00,9.324855e+02,2.793885e+03,5.937832e+02,2.745508e+01,3.659022e+00,2.690707e+00,3.141053e+00,2.314501e+00,1.995014e+00,
2.000000,128,128,4096,OS2-i8-accu,1.389062e+03,6.667898e+01,3.208873e+00,2.607342e-01,3.298004e-02,2.909699e-03,9.119899e-05,1.679662e-06,1.427769e-07,2.048139e-07,
2.000000,128,128,4096,OS2-f8-fast,5.742219e+02,2.793885e+03,3.196573e+02,1.603124e+01,6.872007e+00,2.335241e+01,8.452807e+00,5.514798e+00,5.390156e+00,2.130274e+01,
2.000000,128,128,4096,OS2-f8-accu,4.342774e+01,2.694863e+00,1.370638e-01,4.821677e-03,2.275402e-04,3.298715e-06,6.941636e-08,1.035628e-07,1.156865e-07,1.636795e-07,
2.000000,128,128,8192,CGEMM,2.204976e-03,2.204976e-03,2.204976e-03,2.204976e-03,2.204976e-03,2.204976e-03,2.204976e-03,2.204976e-03,2.204976e-03,2.204976e-03,
2.000000,128,128,8192,BF16x9,2.204976e-03,2.204976e-03,2.204976e-03,2.204976e-03,2.204976e-03,2.204976e-03,2.204976e-03,2.204976e-03,2.204976e-03,2.204976e-03,
2.000000,128,128,8192,OS2-i8-fast,1.000000e+00,2.103914e+03,2.672101e+03,1.676038e+03,1.156079e+02,1.155262e+01,6.152073e+00,1.254602e+01,1.005895e+01,1.133364e+01,
2.000000,128,128,8192,OS2-i8-accu,1.460046e+03,2.635512e+02,7.423243e+00,5.341276e-01,3.592651e-02,3.630451e-03,2.236824e-04,2.121032e-05,2.315762e-06,3.174364e-06,
2.000000,128,128,8192,OS2-f8-fast,1.233143e+02,2.672101e+03,1.281332e+03,6.050792e+01,2.547520e+01,3.437154e+01,2.860149e+01,2.780453e+01,2.438303e+01,1.350324e+01,
2.000000,128,128,8192,OS2-f8-accu,1.243464e+02,3.759356e+00,1.329454e-01,7.244286e-03,3.379843e-04,2.067036e-05,3.499415e-07,9.887955e-08,1.210333e-07,2.979095e-07,
2.000000,128,128,16384,CGEMM,7.329787e-02,7.329787e-02,7.329787e-02,7.329787e-02,7.329787e-02,7.329787e-02,7.329787e-02,7.329787e-02,7.329787e-02,7.329787e-02,
2.000000,128,128,16384,BF16x9,1.167870e-02,1.167870e-02,1.167870e-02,1.167870e-02,1.167870e-02,1.167870e-02,1.167870e-02,1.167870e-02,1.167870e-02,1.167870e-02,
2.000000,128,128,16384,OS2-i8-fast,1.000000e+00,1.277554e+01,1.249623e+05,1.927525e+04,2.502619e+02,2.366654e+01,7.105225e+01,3.149697e+01,2.274550e+01,1.191397e+02,
2.000000,128,128,16384,OS2-i8-accu,5.051607e+04,1.134687e+03,1.100389e+02,8.131993e+00,1.371681e-01,2.184392e-02,3.188579e-03,1.275384e-04,1.515225e-05,3.570358e-06,
2.000000,128,128,16384,OS2-f8-fast,1.000000e+00,1.249623e+05,8.785480e+03,2.067182e+02,5.946371e+01,1.295521e+02,4.010476e+01,1.603062e+02,1.403984e+02,3.874980e+02,
2.000000,128,128,16384,OS2-f8-accu,1.356734e+02,4.537174e+00,4.062607e-01,1.010972e-02,1.904285e-03,2.315138e-05,1.533181e-06,3.996876e-07,2.461754e-06,3.239644e-07,
2.000000,128,128,32768,CGEMM,1.030775e-02,1.030775e-02,1.030775e-02,1.030775e-02,1.030775e-02,1.030775e-02,1.030775e-02,1.030775e-02,1.030775e-02,1.030775e-02,
2.000000,128,128,32768,BF16x9,1.030775e-02,1.030775e-02,1.030775e-02,1.030775e-02,1.030775e-02,1.030775e-02,1.030775e-02,1.030775e-02,1.030775e-02,1.030775e-02,
2.000000,128,128,32768,OS2-i8-fast,1.000000e+00,9.886647e+00,3.810201e+03,2.076155e+03,1.068781e+03,8.844963e+01,2.581469e+01,2.382872e+01,1.494387e+01,3.723607e+01,
2.000000,128,128,32768,OS2-i8-accu,2.499337e+03,1.661159e+03,1.210994e+02,3.936184e+00,4.452701e-01,3.455299e-02,6.933987e-04,3.041368e-05,1.374716e-05,8.445666e-06,
2.000000,128,128,32768,OS2-f8-fast,1.000000e+00,3.810201e+03,3.497475e+03,3.640268e+02,3.006168e+01,5.249532e+01,3.827040e+01,6.440611e+01,4.656187e+01,3.837394e+02,
2.000000,128,128,32768,OS2-f8-accu,5.183189e+02,1.172240e+01,4.452678e-01,3.455169e-02,4.867783e-04,1.565750e-05,7.467294e-08,1.757794e-07,6.807003e-08,2.550581e-07,
2.000000,128,128,65536,CGEMM,2.435995e-03,2.435995e-03,2.435995e-03,2.435995e-03,2.435995e-03,2.435995e-03,2.435995e-03,2.435995e-03,2.435995e-03,2.435995e-03,
2.000000,128,128,65536,BF16x9,1.067818e-03,1.067818e-03,1.067818e-03,1.067818e-03,1.067818e-03,1.067818e-03,1.067818e-03,1.067818e-03,1.067818e-03,1.067818e-03,
2.000000,128,128,65536,OS2-i8-fast,1.000000e+00,1.000000e+00,4.213288e+02,8.877061e+02,6.825564e+02,8.619455e+01,2.113240e+02,1.231165e+01,3.843755e+02,6.223358e+01,
2.000000,128,128,65536,OS2-i8-accu,1.336041e+03,1.370769e+03,5.031549e+01,1.564119e+01,1.306447e+00,8.381114e-02,2.497273e-03,5.725529e-05,6.965168e-05,5.637764e-06,
2.000000,128,128,65536,OS2-f8-fast,1.000000e+00,3.702632e+02,1.867924e+03,3.397782e+02,1.534151e+02,1.193724e+03,2.725576e+02,2.075617e+03,2.133175e+02,9.627633e+02,
2.000000,128,128,65536,OS2-f8-accu,5.031549e+01,1.021478e+01,6.041363e-01,9.552823e-03,1.425131e-04,2.579868e-05,9.588271e-08,5.433984e-07,1.466804e-07,1.384273e-07,
4.000000,128,128,1024,CGEMM,1.802390e-03,1.802390e-03,1.802390e-03,1.802390e-03,1.802390e-03,1.802390e-03,1.802390e-03,1.802390e-03,1.802390e-03,1.802390e-03,
4.000000,128,128,1024,BF16x9,1.802390e-03,1.802390e-03,1.802390e-03,1.802390e-03,1.802390e-03,1.802390e-03,1.802390e-03,1.802390e-03,1.802390e-03,1.802390e-03,
4.000000,128,128,1024,OS2-i8-fast,1.000000e+00,1.000000e+00,1.000000e+00,2.010383e+02,6.282964e+03,1.622708e+07,1.051993e+09,7.037231e+09,8.186022e+09,8.708534e+09,
4.000000,128,128,1024,OS2-i8-accu,1.186991e+04,1.100652e+03,3.520496e+02,1.086972e+02,1.437120e+01,3.095877e-01,5.302103e-02,1.922117e-03,8.723579e-05,1.029723e-04,
4.000000,128,128,1024,OS2-f8-fast,1.000000e+00,1.000000e+00,4.720624e+02,1.049277e+05,3.296545e+07,2.837612e+09,1.045024e+11,4.678801e+10,1.393365e+10,3.526956e+10,
4.000000,128,128,1024,OS2-f8-accu,5.253339e+02,3.330317e+02,4.606201e+01,2.172550e+00,9.758350e-02,2.337561e-03,2.574493e-04,9.176739e-05,2.722935e-05,2.004050e-05,
4.000000,128,128,2048,CGEMM,7.310425e-04,7.310425e-04,7.310425e-04,7.310425e-04,7.310425e-04,7.310425e-04,7.310425e-04,7.310425e-04,7.310425e-04,7.310425e-04,
4.000000,128,128,2048,BF16x9,7.310425e-04,7.310425e-04,7.310425e-04,7.310425e-04,7.310425e-04,7.310425e-04,7.310425e-04,7.310425e-04,7.310425e-04,7.310425e-04,
4.000000,128,128,2048,OS2-i8-fast,1.000000e+00,1.000000e+00,1.000000e+00,3.904446e+02,1.048212e+03,6.425068e+06,6.186746e+08,4.263105e+09,4.588254e+10,1.827990e+10,
4.000000,128,128,2048,OS2-i8-accu,2.390599e+03,7.896359e+02,2.825622e+02,2.720260e+01,4.406526e+00,1.969649e-01,1.231469e-02,7.169805e-04,7.919211e-05,7.172819e-05,
4.000000,128,128,2048,OS2-f8-fast,1.000000e+00,1.000000e+00,3.904446e+02,1.309515e+04,3.908582e+07,4.484645e+09,2.864039e+10,5.769822e+11,2.689771e+11,1.073155e+11,
4.000000,128,128,2048,OS2-f8-accu,8.340253e+02,9.534132e+01,1.361065e+01,3.242453e-01,1.943787e-02,9.261318e-04,3.369909e-05,1.690353e-05,1.139835e-05,1.262505e-05,
4.000000,128,128,4096,CGEMM,1.397933e-02,1.397933e-02,1.397933e-02,1.397933e-02,1.397933e-02,1.397933e-02,1.397933e-02,1.397933e-02,1.397933e-02,1.397933e-02,
4.000000,128,128,4096,BF16x9,1.244487e-02,1.244487e-02,1.244487e-02,1.244487e-02,1.244487e-02,1.244487e-02,1.244487e-02,1.244487e-02,1.244487e-02,1.244487e-02,
4.000000,128,128,4096,OS2-i8-fast,1.000000e+00,1.000000e+00,1.000000e+00,1.000000e+00,8.735383e+02,3.731000e+06,7.190604e+09,5.682843e+11,6.956584e+11,4.923587e+12,
4.000000,128,128,4096,OS2-i8-accu,4.912932e+04,4.170889e+04,1.152695e+03,6.122834e+02,1.011250e+02,1.888681e+01,5.858517e-01,4.268406e-02,5.159406e-03,3.334115e-03,
4.000000,128,128,4096,OS2-f8-fast,1.000000e+00,1.000000e+00,4.180633e+00,1.046068e+04,1.931804e+09,1.352263e+10,9.798006e+11,5.055771e+12,9.146049e+11,9.611844e+12,
4.000000,128,128,4096,OS2-f8-accu,3.949436e+04,1.350297e+03,8.836242e+01,5.475056e+00,2.566008e+00,3.229777e-02,5.546661e-03,2.121371e-04,4.459802e-04,9.670350e-04,
4.000000,128,128,8192,CGEMM,2.222763e-02,2.222763e-02,2.222763e-02,2.222763e-02,2.222763e-02,2.222763e-02,2.222763e-02,2.222763e-02,2.222763e-02,2.222763e-02,
4.000000,128,128,8192,BF16x9,2.222763e-02,2.222763e-02,2.222763e-02,2.222763e-02,2.222763e-02,2.222763e-02,2.222763e-02,2.222763e-02,2.222763e-02,2.222763e-02,
4.000000,128,128,8192,OS2-i8-fast,1.000000e+00,1.000000e+00,1.000000e+00,1.000000e+00,4.455289e+01,1.406735e+09,5.585401e+09,1.721498e+10,6.654641e+11,2.946145e+11,
4.000000,128,128,8192,OS2-i8-accu,1.216344e+05,5.916769e+04,6.669824e+03,3.022016e+02,4.776885e+01,1.094413e+00,8.790578e-02,1.847323e-02,3.527736e-03,4.452939e-03,
4.000000,128,128,8192,OS2-f8-fast,1.000000e+00,1.000000e+00,1.000000e+00,2.298073e+02,3.165154e+09,1.843669e+10,3.482794e+11,4.949524e+12,1.372904e+12,2.957996e+12,
4.000000,128,128,8192,OS2-f8-accu,3.801006e+04,1.356950e+03,4.776893e+01,1.032259e+00,1.006438e-01,4.213049e-03,2.944146e-04,9.054902e-05,2.606459e-05,1.120671e-04,
4.000000,128,128,16384,CGEMM,1.260569e-03,1.260569e-03,1.260569e-03,1.260569e-03,1.260569e-03,1.260569e-03,1.260569e-03,1.260569e-03,1.260569e-03,1.260569e-03,
4.000000,128,128,16384,BF16x9,2.370514e-03,2.370514e-03,2.370514e-03,2.370514e-03,2.370514e-03,2.370514e-03,2.370514e-03,2.370514e-03,2.370514e-03,2.370514e-03,
4.000000,128,128,16384,OS2-i8-fast,1.000000e+00,1.000000e+00,1.000000e+00,1.000000e+00,4.089971e+01,1.367455e+06,3.574484e+09,3.138141e+10,1.588120e+12,5.030927e+13,
4.000000,128,128,16384,OS2-i8-accu,3.217878e+02,3.514422e+03,2.427012e+03,3.591656e+02,1.399054e+02,1.423750e+01,5.563321e-01,3.286748e-02,3.810389e-03,3.764343e-03,
4.000000,128,128,16384,OS2-f8-fast,1.000000e+00,1.000000e+00,1.000000e+00,1.342962e+02,2.974812e+07,1.793437e+10,1.784401e+12,2.564008e+14,9.507597e+14,1.954443e+15,
4.000000,128,128,16384,OS2-f8-accu,6.281000e+02,3.600835e+02,5.562785e+01,3.844696e+00,9.735328e-02,4.412790e-03,5.398563e-04,3.139544e-05,4.528510e-05,2.334428e-05,
4.000000,128,128,32768,CGEMM,3.841900e-03,3.841900e-03,3.841900e-03,3.841900e-03,3.841900e-03,3.841900e-03,3.841900e-03,3.841900e-03,3.841900e-03,3.841900e-03,
4.000000,128,128,32768,BF16x9,3.841900e-03,3.841900e-03,3.841900e-03,3.841900e-03,3.841900e-03,3.841900e-03,3.841900e-03,3.841900e-03,3.841900e-03,3.841900e-03,
4.000000,128,128,32768,OS2-i8-fast,1.000000e+00,1.000000e+00,1.000000e+00,1.000000e+00,1.000000e+00,4.001810e+05,9.855701e+09,1.020613e+11,7.465022e+12,3.287624e+13,
4.000000,128,128,32768,OS2-i8-accu,1.705862e+03,8.642842e+03,2.714839e+03,2.303607e+02,1.768027e+02,1.092206e+01,3.431964e-01,3.559136e-02,6.036061e-03,4.945946e-02,
4.000000,128,128,32768,OS2-f8-fast,1.000000e+00,1.000000e+00,1.000000e+00,1.212362e+02,6.771673e+07,6.389240e+10,5.453290e+12,5.753859e+13,1.072785e+15,1.986912e+15,
4.000000,128,128,32768,OS2-f8-accu,1.943287e+03,1.132858e+02,8.582941e+01,1.966647e+00,8.902067e-02,1.774063e-03,2.097976e-04,1.532521e-05,5.394068e-06,4.473385e-06,
4.000000,128,128,65536,CGEMM,2.685457e-03,2.685457e-03,2.685457e-03,2.685457e-03,2.685457e-03,2.685457e-03,2.685457e-03,2.685457e-03,2.685457e-03,2.685457e-03,
4.000000,128,128,65536,BF16x9,4.936227e-03,4.936227e-03,4.936227e-03,4.936227e-03,4.936227e-03,4.936227e-03,4.936227e-03,4.936227e-03,4.936227e-03,4.936227e-03,
4.000000,128,128,65536,OS2-i8-fast,1.000000e+00,1.000000e+00,1.000000e+00,1.000000e+00,1.000000e+00,1.289849e+05,1.322983e+09,4.619825e+11,3.093030e+14,1.213828e+14,
4.000000,128,128,65536,OS2-i8-accu,3.077833e+02,2.596145e+03,1.026052e+04,4.239326e+03,3.874244e+03,6.149785e+02,3.103676e+01,1.852201e+00,7.290963e-01,3.374491e-01,
4.000000,128,128,65536,OS2-f8-fast,1.000000e+00,1.000000e+00,1.000000e+00,1.080475e+02,4.400933e+07,3.445421e+10,4.912459e+14,5.453739e+15,3.149864e+14,2.941527e+15,
4.000000,128,128,65536,OS2-f8-accu,1.237861e+04,3.149817e+03,5.230042e+02,3.167738e+01,2.175949e+00,1.418919e-01,6.785567e-03,1.664094e-04,2.250951e-04,1.827460e-04,
