phi,m,n,k,function,9,10,11,12,13,14,15,16,17,18,19,20,
-1.000000,128,128,1024,ZGEMM,7.838475e-12,7.838475e-12,7.838475e-12,7.838475e-12,7.838475e-12,7.838475e-12,7.838475e-12,7.838475e-12,7.838475e-12,7.838475e-12,7.838475e-12,7.838475e-12,
-1.000000,128,128,1024,ZGEMM3m,7.860973e-12,7.860973e-12,7.860973e-12,7.860973e-12,7.860973e-12,7.860973e-12,7.860973e-12,7.860973e-12,7.860973e-12,7.860973e-12,7.860973e-12,7.860973e-12,
-1.000000,128,128,1024,OS1-7,4.794944e-12,4.794944e-12,4.794944e-12,4.794944e-12,4.794944e-12,4.794944e-12,4.794944e-12,4.794944e-12,4.794944e-12,4.794944e-12,4.794944e-12,4.794944e-12,
-1.000000,128,128,1024,OS1-11,6.943398e-12,6.943398e-12,6.943398e-12,6.943398e-12,6.943398e-12,6.943398e-12,6.943398e-12,6.943398e-12,6.943398e-12,6.943398e-12,6.943398e-12,6.943398e-12,
-1.000000,128,128,1024,OS2-i8-fast,1.087965e-02,3.137147e-04,3.436573e-05,2.049822e-06,1.855054e-07,9.618568e-09,4.779580e-10,3.668062e-11,4.092675e-12,2.872317e-13,3.975009e-15,2.224796e-14,
-1.000000,128,128,1024,OS2-i8-accu,2.256812e-05,1.110014e-06,7.608067e-08,3.195253e-09,2.942035e-10,1.630514e-11,6.335903e-13,6.981768e-14,3.161600e-16,2.115010e-16,2.168656e-16,2.136074e-16,
-1.000000,128,128,1024,OS2-f8-fast,7.532103e-05,2.049822e-06,1.855054e-07,4.020597e-09,2.294295e-10,6.970569e-12,8.810219e-13,1.034316e-13,1.011353e-14,2.323472e-14,2.671877e-14,1.390654e-14,
-1.000000,128,128,1024,OS2-f8-accu,2.026209e-07,4.020540e-09,2.942038e-10,6.964937e-12,3.225014e-13,2.424305e-15,2.174454e-16,2.130777e-16,2.145657e-16,2.122920e-16,2.168551e-16,2.140164e-16,
-1.000000,128,128,2048,ZGEMM,5.358317e-12,5.358317e-12,5.358317e-12,5.358317e-12,5.358317e-12,5.358317e-12,5.358317e-12,5.358317e-12,5.358317e-12,5.358317e-12,5.358317e-12,5.358317e-12,
-1.000000,128,128,2048,ZGEMM3m,8.770208e-12,8.770208e-12,8.770208e-12,8.770208e-12,8.770208e-12,8.770208e-12,8.770208e-12,8.770208e-12,8.770208e-12,8.770208e-12,8.770208e-12,8.770208e-12,
-1.000000,128,128,2048,OS1-7,3.883636e-12,3.883636e-12,3.883636e-12,3.883636e-12,3.883636e-12,3.883636e-12,3.883636e-12,3.883636e-12,3.883636e-12,3.883636e-12,3.883636e-12,3.883636e-12,
-1.000000,128,128,2048,OS1-11,2.353129e-12,2.353129e-12,2.353129e-12,2.353129e-12,2.353129e-12,2.353129e-12,2.353129e-12,2.353129e-12,2.353129e-12,2.353129e-12,2.353129e-12,2.353129e-12,
-1.000000,128,128,2048,OS2-i8-fast,8.609357e-03,5.747991e-04,6.021147e-05,3.806045e-06,2.208294e-07,1.707149e-08,1.326837e-09,1.120878e-10,8.634445e-12,2.731481e-13,9.688877e-15,9.491354e-14,
-1.000000,128,128,2048,OS2-i8-accu,2.122831e-05,1.733228e-06,7.183540e-08,4.749999e-09,5.324441e-10,3.732635e-11,1.230742e-12,9.965821e-14,6.390144e-16,2.144919e-16,2.114362e-16,2.122433e-16,
-1.000000,128,128,2048,OS2-f8-fast,9.878221e-05,5.132729e-06,2.208294e-07,6.363837e-09,6.462308e-10,1.550435e-11,3.797887e-13,9.573870e-14,2.352001e-13,1.741290e-13,9.596567e-14,2.046880e-13,
-1.000000,128,128,2048,OS2-f8-accu,1.945124e-07,6.363831e-09,5.324441e-10,1.471562e-11,3.255226e-13,2.058015e-15,2.152228e-16,2.167336e-16,2.151976e-16,2.192262e-16,2.200346e-16,2.142529e-16,
-1.000000,128,128,4096,ZGEMM,7.204675e-12,7.204675e-12,7.204675e-12,7.204675e-12,7.204675e-12,7.204675e-12,7.204675e-12,7.204675e-12,7.204675e-12,7.204675e-12,7.204675e-12,7.204675e-12,
-1.000000,128,128,4096,ZGEMM3m,1.031646e-11,1.031646e-11,1.031646e-11,1.031646e-11,1.031646e-11,1.031646e-11,1.031646e-11,1.031646e-11,1.031646e-11,1.031646e-11,1.031646e-11,1.031646e-11,
-1.000000,128,128,4096,OS1-7,5.784260e-12,5.784260e-12,5.784260e-12,5.784260e-12,5.784260e-12,5.784260e-12,5.784260e-12,5.784260e-12,5.784260e-12,5.784260e-12,5.784260e-12,5.784260e-12,
-1.000000,128,128,4096,OS1-11,8.612204e-13,8.612204e-13,8.612204e-13,8.612204e-13,8.612204e-13,8.612204e-13,8.612204e-13,8.612204e-13,8.612204e-13,8.612204e-13,8.612204e-13,8.612204e-13,
-1.000000,128,128,4096,OS2-i8-fast,1.531733e-02,9.636818e-04,4.849143e-05,5.396053e-06,2.977464e-07,1.557931e-08,1.810384e-09,1.183343e-10,9.170792e-12,5.350631e-13,4.356684e-14,6.342540e-14,
-1.000000,128,128,4096,OS2-i8-accu,2.504065e-05,1.261222e-06,2.692429e-07,5.716759e-09,4.844337e-10,2.776807e-11,2.456477e-12,3.901289e-14,7.919618e-16,2.172693e-16,2.165908e-16,2.125177e-16,
-1.000000,128,128,4096,OS2-f8-fast,1.351009e-04,9.346881e-06,2.977465e-07,5.724029e-09,6.697524e-10,2.763520e-11,7.869810e-13,2.698529e-13,3.647944e-13,1.262597e-13,3.211607e-13,8.245563e-13,
-1.000000,128,128,4096,OS2-f8-accu,2.964331e-07,3.769712e-09,3.923678e-10,1.506361e-11,6.949760e-13,6.131383e-15,2.151688e-16,2.090556e-16,2.100278e-16,2.161758e-16,2.173217e-16,2.100678e-16,
-1.000000,128,128,8192,ZGEMM,1.084231e-11,1.084231e-11,1.084231e-11,1.084231e-11,1.084231e-11,1.084231e-11,1.084231e-11,1.084231e-11,1.084231e-11,1.084231e-11,1.084231e-11,1.084231e-11,
-1.000000,128,128,8192,ZGEMM3m,9.157647e-12,9.157647e-12,9.157647e-12,9.157647e-12,9.157647e-12,9.157647e-12,9.157647e-12,9.157647e-12,9.157647e-12,9.157647e-12,9.157647e-12,9.157647e-12,
-1.000000,128,128,8192,OS1-7,2.042676e-12,2.042676e-12,2.042676e-12,2.042676e-12,2.042676e-12,2.042676e-12,2.042676e-12,2.042676e-12,2.042676e-12,2.042676e-12,2.042676e-12,2.042676e-12,
-1.000000,128,128,8192,OS1-11,3.345065e-12,3.345065e-12,3.345065e-12,3.345065e-12,3.345065e-12,3.345065e-12,3.345065e-12,3.345065e-12,3.345065e-12,3.345065e-12,3.345065e-12,3.345065e-12,
-1.000000,128,128,8192,OS2-i8-fast,3.547679e-02,1.764791e-03,7.481870e-05,7.900716e-06,4.037193e-07,2.819915e-08,2.910103e-09,1.837507e-10,1.496398e-11,7.367709e-13,7.587487e-14,8.991409e-14,
-1.000000,128,128,8192,OS2-i8-accu,1.842203e-05,2.748451e-06,1.140087e-07,4.449507e-09,3.035163e-10,2.028214e-11,1.460933e-12,1.192538e-13,2.202348e-15,2.162534e-16,2.146424e-16,2.114748e-16,
-1.000000,128,128,8192,OS2-f8-fast,1.731898e-04,1.010844e-05,4.037195e-07,2.620923e-08,1.125912e-09,4.780883e-11,2.446321e-12,2.830751e-12,7.375341e-13,3.226359e-13,5.254784e-13,5.578231e-13,
-1.000000,128,128,8192,OS2-f8-accu,4.839585e-07,8.017751e-09,3.035163e-10,1.928891e-11,7.394435e-13,5.528957e-15,2.102321e-16,2.146338e-16,2.105220e-16,2.160530e-16,2.181181e-16,2.147259e-16,
-1.000000,128,128,16384,ZGEMM,2.827941e-11,2.827941e-11,2.827941e-11,2.827941e-11,2.827941e-11,2.827941e-11,2.827941e-11,2.827941e-11,2.827941e-11,2.827941e-11,2.827941e-11,2.827941e-11,
-1.000000,128,128,16384,ZGEMM3m,1.009896e-11,1.009896e-11,1.009896e-11,1.009896e-11,1.009896e-11,1.009896e-11,1.009896e-11,1.009896e-11,1.009896e-11,1.009896e-11,1.009896e-11,1.009896e-11,
-1.000000,128,128,16384,OS1-7,2.036920e-11,2.036920e-11,2.036920e-11,2.036920e-11,2.036920e-11,2.036920e-11,2.036920e-11,2.036920e-11,2.036920e-11,2.036920e-11,2.036920e-11,2.036920e-11,
-1.000000,128,128,16384,OS1-11,4.644399e-12,4.644399e-12,4.644399e-12,4.644399e-12,4.644399e-12,4.644399e-12,4.644399e-12,4.644399e-12,4.644399e-12,4.644399e-12,4.644399e-12,4.644399e-12,
-1.000000,128,128,16384,OS2-i8-fast,3.646847e-01,3.485920e-02,1.386609e-03,1.921011e-04,1.152351e-05,9.572098e-07,1.066864e-07,3.233881e-09,3.261576e-10,6.180799e-12,1.389528e-12,1.184372e-12,
-1.000000,128,128,16384,OS2-i8-accu,1.673696e-04,5.752760e-06,5.883750e-07,1.066858e-07,7.761382e-09,2.106381e-10,3.031123e-11,1.619208e-13,1.148966e-14,4.523529e-16,2.142038e-16,2.100563e-16,
-1.000000,128,128,16384,OS2-f8-fast,2.199989e-03,1.673695e-04,1.152351e-05,6.086943e-07,2.952085e-08,1.308748e-09,4.257236e-11,8.189336e-11,1.097501e-11,4.543439e-12,9.261710e-12,1.195003e-11,
-1.000000,128,128,16384,OS2-f8-accu,9.057806e-07,1.641251e-07,3.233351e-09,1.885804e-10,2.655044e-12,1.559269e-14,3.323822e-16,2.171701e-16,2.127777e-16,2.143285e-16,2.101633e-16,2.135577e-16,
-1.000000,128,128,32768,ZGEMM,9.863960e-12,9.863960e-12,9.863960e-12,9.863960e-12,9.863960e-12,9.863960e-12,9.863960e-12,9.863960e-12,9.863960e-12,9.863960e-12,9.863960e-12,9.863960e-12,
-1.000000,128,128,32768,ZGEMM3m,8.927288e-12,8.927288e-12,8.927288e-12,8.927288e-12,8.927288e-12,8.927288e-12,8.927288e-12,8.927288e-12,8.927288e-12,8.927288e-12,8.927288e-12,8.927288e-12,
-1.000000,128,128,32768,OS1-7,2.677711e-12,2.677711e-12,2.677711e-12,2.677711e-12,2.677711e-12,2.677711e-12,2.677711e-12,2.677711e-12,2.677711e-12,2.677711e-12,2.677711e-12,2.677711e-12,
-1.000000,128,128,32768,OS1-11,1.116769e-12,1.116769e-12,1.116769e-12,1.116769e-12,1.116769e-12,1.116769e-12,1.116769e-12,1.116769e-12,1.116769e-12,1.116769e-12,1.116769e-12,1.116769e-12,
-1.000000,128,128,32768,OS2-i8-fast,1.780770e-01,1.303043e-02,6.451337e-04,5.670845e-05,1.794121e-06,1.828563e-07,3.675161e-08,4.402985e-10,1.454770e-10,4.266733e-12,1.376485e-12,1.287932e-12,
-1.000000,128,128,32768,OS2-i8-accu,6.678737e-05,3.801357e-06,1.571467e-07,3.227466e-08,4.408901e-10,5.995232e-11,4.073008e-12,1.222054e-13,5.856303e-15,2.211540e-16,2.160776e-16,2.124070e-16,
-1.000000,128,128,32768,OS2-f8-fast,1.399119e-03,9.068484e-05,1.794122e-06,6.489287e-08,6.133835e-09,2.505375e-10,1.001394e-11,5.794377e-12,2.278907e-11,2.019646e-11,1.048013e-11,3.217781e-11,
-1.000000,128,128,32768,OS2-f8-accu,3.257273e-07,3.675171e-08,4.716528e-10,4.032080e-11,1.034676e-12,1.836818e-14,2.890240e-16,2.145962e-16,2.169225e-16,2.160108e-16,2.157924e-16,2.143988e-16,
-1.000000,128,128,65536,ZGEMM,7.281517e-11,7.281517e-11,7.281517e-11,7.281517e-11,7.281517e-11,7.281517e-11,7.281517e-11,7.281517e-11,7.281517e-11,7.281517e-11,7.281517e-11,7.281517e-11,
-1.000000,128,128,65536,ZGEMM3m,3.522217e-11,3.522217e-11,3.522217e-11,3.522217e-11,3.522217e-11,3.522217e-11,3.522217e-11,3.522217e-11,3.522217e-11,3.522217e-11,3.522217e-11,3.522217e-11,
-1.000000,128,128,65536,OS1-7,1.491504e-11,1.491504e-11,1.491504e-11,1.491504e-11,1.491504e-11,1.491504e-11,1.491504e-11,1.491504e-11,1.491504e-11,1.491504e-11,1.491504e-11,1.491504e-11,
-1.000000,128,128,65536,OS1-11,3.279573e-12,3.279573e-12,3.279573e-12,3.279573e-12,3.279573e-12,3.279573e-12,3.279573e-12,3.279573e-12,3.279573e-12,3.279573e-12,3.279573e-12,3.279573e-12,
-1.000000,128,128,65536,OS2-i8-fast,8.024225e-01,3.839885e-02,1.514067e-03,2.276624e-04,2.380128e-05,1.122303e-06,6.085500e-08,9.147713e-09,6.227981e-10,5.087012e-11,3.513568e-11,3.710337e-12,
-1.000000,128,128,65536,OS2-i8-accu,2.215555e-04,2.072949e-05,8.694625e-07,2.412545e-08,4.883554e-09,1.887968e-10,8.091303e-12,6.347590e-13,1.446650e-14,2.262056e-16,2.186956e-16,2.156627e-16,
-1.000000,128,128,65536,OS2-f8-fast,4.263573e-03,2.594785e-04,2.380143e-05,8.694552e-07,1.790393e-08,4.564290e-09,1.213095e-10,8.616230e-11,1.998482e-10,9.370936e-11,1.572111e-10,1.460553e-10,
-1.000000,128,128,65536,OS2-f8-accu,1.122302e-06,2.412545e-08,4.883554e-09,5.877187e-11,1.229291e-11,2.551373e-14,3.880272e-16,2.150089e-16,2.127762e-16,2.107268e-16,2.144369e-16,2.106503e-16,
0.000000,128,128,1024,ZGEMM,1.364283e-12,1.364283e-12,1.364283e-12,1.364283e-12,1.364283e-12,1.364283e-12,1.364283e-12,1.364283e-12,1.364283e-12,1.364283e-12,1.364283e-12,1.364283e-12,
0.000000,128,128,1024,ZGEMM3m,4.812461e-12,4.812461e-12,4.812461e-12,4.812461e-12,4.812461e-12,4.812461e-12,4.812461e-12,4.812461e-12,4.812461e-12,4.812461e-12,4.812461e-12,4.812461e-12,
0.000000,128,128,1024,OS1-7,2.083895e-12,2.083895e-12,2.083895e-12,2.083895e-12,2.083895e-12,2.083895e-12,2.083895e-12,2.083895e-12,2.083895e-12,2.083895e-12,2.083895e-12,2.083895e-12,
0.000000,128,128,1024,OS1-11,3.088372e-12,3.088372e-12,3.088372e-12,3.088372e-12,3.088372e-12,3.088372e-12,3.088372e-12,3.088372e-12,3.088372e-12,3.088372e-12,3.088372e-12,3.088372e-12,
0.000000,128,128,1024,OS2-i8-fast,2.535584e-04,6.708123e-06,2.497678e-06,1.206873e-07,2.720835e-09,4.907149e-10,3.738776e-12,2.142798e-16,2.134946e-16,2.157828e-16,2.146674e-16,2.135165e-16,
0.000000,128,128,1024,OS2-i8-accu,6.708123e-06,2.497678e-06,1.206873e-07,2.720835e-09,4.907149e-10,3.738776e-12,2.134946e-16,2.117688e-16,2.113790e-16,2.110361e-16,2.145662e-16,2.114003e-16,
0.000000,128,128,1024,OS2-f8-fast,3.994949e-06,1.206873e-07,2.720835e-09,1.305666e-10,2.131200e-12,2.158000e-16,2.179490e-16,2.110361e-16,2.127937e-16,2.148880e-16,2.161131e-16,2.119992e-16,
0.000000,128,128,1024,OS2-f8-accu,3.385153e-07,2.979229e-09,4.907149e-10,3.738776e-12,2.086293e-16,2.124072e-16,2.143295e-16,2.124289e-16,2.124477e-16,2.102061e-16,2.127937e-16,2.158000e-16,
0.000000,128,128,2048,ZGEMM,6.138116e-12,6.138116e-12,6.138116e-12,6.138116e-12,6.138116e-12,6.138116e-12,6.138116e-12,6.138116e-12,6.138116e-12,6.138116e-12,6.138116e-12,6.138116e-12,
0.000000,128,128,2048,ZGEMM3m,3.573656e-12,3.573656e-12,3.573656e-12,3.573656e-12,3.573656e-12,3.573656e-12,3.573656e-12,3.573656e-12,3.573656e-12,3.573656e-12,3.573656e-12,3.573656e-12,
0.000000,128,128,2048,OS1-7,3.717609e-12,3.717609e-12,3.717609e-12,3.717609e-12,3.717609e-12,3.717609e-12,3.717609e-12,3.717609e-12,3.717609e-12,3.717609e-12,3.717609e-12,3.717609e-12,
0.000000,128,128,2048,OS1-11,1.708841e-12,1.708841e-12,1.708841e-12,1.708841e-12,1.708841e-12,1.708841e-12,1.708841e-12,1.708841e-12,1.708841e-12,1.708841e-12,1.708841e-12,1.708841e-12,
0.000000,128,128,2048,OS2-i8-fast,2.781930e-04,2.364786e-05,1.110545e-06,6.105608e-08,3.117334e-09,1.906850e-10,1.617620e-11,4.012835e-12,2.107439e-16,2.164634e-16,2.099124e-16,2.181108e-16,
0.000000,128,128,2048,OS2-i8-accu,1.854325e-05,3.065504e-07,6.105608e-08,3.117334e-09,1.906851e-10,1.617620e-11,2.138032e-16,2.134435e-16,2.137129e-16,2.099124e-16,2.102100e-16,2.142728e-16,
0.000000,128,128,2048,OS2-f8-fast,1.906940e-06,6.105608e-08,3.117334e-09,7.963701e-11,1.674283e-11,2.172274e-16,2.796670e-16,2.751565e-16,2.138926e-16,2.127854e-16,2.124665e-16,2.085660e-16,
0.000000,128,128,2048,OS2-f8-accu,8.345032e-08,3.117334e-09,1.906851e-10,1.674283e-11,2.146587e-16,2.102100e-16,2.133495e-16,2.157137e-16,2.131435e-16,2.127374e-16,2.148205e-16,2.148205e-16,
0.000000,128,128,4096,ZGEMM,1.025308e-10,1.025308e-10,1.025308e-10,1.025308e-10,1.025308e-10,1.025308e-10,1.025308e-10,1.025308e-10,1.025308e-10,1.025308e-10,1.025308e-10,1.025308e-10,
0.000000,128,128,4096,ZGEMM3m,1.328007e-09,1.328007e-09,1.328007e-09,1.328007e-09,1.328007e-09,1.328007e-09,1.328007e-09,1.328007e-09,1.328007e-09,1.328007e-09,1.328007e-09,1.328007e-09,
0.000000,128,128,4096,OS1-7,1.395071e-10,1.395071e-10,1.395071e-10,1.395071e-10,1.395071e-10,1.395071e-10,1.395071e-10,1.395071e-10,1.395071e-10,1.395071e-10,1.395071e-10,1.395071e-10,
0.000000,128,128,4096,OS1-11,1.866072e-10,1.866072e-10,1.866072e-10,1.866072e-10,1.866072e-10,1.866072e-10,1.866072e-10,1.866072e-10,1.866072e-10,1.866072e-10,1.866072e-10,1.866072e-10,
0.000000,128,128,4096,OS2-i8-fast,4.196316e-02,6.453078e-03,2.531023e-04,1.262392e-05,8.396409e-07,3.825090e-08,2.162615e-09,2.554233e-10,4.574419e-16,2.341619e-15,1.390462e-15,2.808129e-15,
0.000000,128,128,4096,OS2-i8-accu,1.015258e-03,1.744416e-04,4.769847e-06,3.725928e-07,2.422415e-08,1.099786e-09,1.667094e-10,2.092259e-16,2.179939e-16,2.101763e-16,2.058830e-16,2.162895e-16,
0.000000,128,128,4096,OS2-f8-fast,5.770823e-04,1.262392e-05,8.396409e-07,2.422416e-08,1.099833e-09,1.545966e-15,2.424946e-14,2.642651e-14,2.478986e-15,2.799968e-14,4.345026e-15,1.274221e-14,
0.000000,128,128,4096,OS2-f8-accu,1.262392e-05,8.396409e-07,2.422415e-08,1.099786e-09,2.149869e-16,2.177673e-16,2.162231e-16,2.162231e-16,2.158637e-16,2.139453e-16,2.138809e-16,2.166794e-16,
0.000000,128,128,8192,ZGEMM,2.099516e-11,2.099516e-11,2.099516e-11,2.099516e-11,2.099516e-11,2.099516e-11,2.099516e-11,2.099516e-11,2.099516e-11,2.099516e-11,2.099516e-11,2.099516e-11,
0.000000,128,128,8192,ZGEMM3m,4.627135e-11,4.627135e-11,4.627135e-11,4.627135e-11,4.627135e-11,4.627135e-11,4.627135e-11,4.627135e-11,4.627135e-11,4.627135e-11,4.627135e-11,4.627135e-11,
0.000000,128,128,8192,OS1-7,1.340897e-11,1.340897e-11,1.340897e-11,1.340897e-11,1.340897e-11,1.340897e-11,1.340897e-11,1.340897e-11,1.340897e-11,1.340897e-11,1.340897e-11,1.340897e-11,
0.000000,128,128,8192,OS1-11,4.751876e-12,4.751876e-12,4.751876e-12,4.751876e-12,4.751876e-12,4.751876e-12,4.751876e-12,4.751876e-12,4.751876e-12,4.751876e-12,4.751876e-12,4.751876e-12,
0.000000,128,128,8192,OS2-i8-fast,2.951305e-03,1.688103e-04,1.312595e-05,6.459760e-07,1.493317e-07,1.155769e-08,5.740380e-10,6.229792e-11,2.320743e-16,7.708061e-16,2.130508e-16,1.216531e-15,
0.000000,128,128,8192,OS2-i8-accu,6.657606e-05,2.412537e-06,1.056686e-06,5.015872e-08,1.727584e-09,3.991804e-10,1.454822e-11,2.170024e-16,2.083736e-16,2.126773e-16,2.101490e-16,2.143836e-16,
0.000000,128,128,8192,OS2-f8-fast,3.879389e-05,6.459760e-07,1.493317e-07,1.727583e-09,3.991795e-10,1.885118e-15,1.689502e-15,4.086607e-15,6.333716e-15,1.903542e-15,6.806513e-15,1.175933e-15,
0.000000,128,128,8192,OS2-f8-accu,6.459760e-07,5.015872e-08,1.727584e-09,1.180290e-10,2.147168e-16,2.131753e-16,2.184098e-16,2.128510e-16,2.133438e-16,2.166441e-16,2.168999e-16,2.208534e-16,
0.000000,128,128,16384,ZGEMM,1.267182e-11,1.267182e-11,1.267182e-11,1.267182e-11,1.267182e-11,1.267182e-11,1.267182e-11,1.267182e-11,1.267182e-11,1.267182e-11,1.267182e-11,1.267182e-11,
0.000000,128,128,16384,ZGEMM3m,5.998484e-11,5.998484e-11,5.998484e-11,5.998484e-11,5.998484e-11,5.998484e-11,5.998484e-11,5.998484e-11,5.998484e-11,5.998484e-11,5.998484e-11,5.998484e-11,
0.000000,128,128,16384,OS1-7,4.941917e-12,4.941917e-12,4.941917e-12,4.941917e-12,4.941917e-12,4.941917e-12,4.941917e-12,4.941917e-12,4.941917e-12,4.941917e-12,4.941917e-12,4.941917e-12,
0.000000,128,128,16384,OS1-11,1.013500e-12,1.013500e-12,1.013500e-12,1.013500e-12,1.013500e-12,1.013500e-12,1.013500e-12,1.013500e-12,1.013500e-12,1.013500e-12,1.013500e-12,1.013500e-12,
0.000000,128,128,16384,OS2-i8-fast,4.515606e-03,3.420392e-04,1.855670e-05,1.700715e-06,1.449265e-07,7.402435e-09,2.807825e-10,1.830156e-11,2.994644e-16,2.106178e-16,2.380641e-16,7.337490e-16,
0.000000,128,128,16384,OS2-i8-accu,8.204341e-05,6.002295e-06,1.915225e-07,5.108480e-08,7.672799e-10,5.963527e-11,8.251122e-12,2.092338e-16,2.168954e-16,2.114401e-16,2.135342e-16,2.142138e-16,
0.000000,128,128,16384,OS2-f8-fast,3.439161e-05,1.700715e-06,1.449265e-07,1.706394e-09,7.176463e-11,3.545597e-12,6.330054e-15,4.000764e-15,3.738932e-15,1.553698e-15,1.018182e-15,8.145485e-16,
0.000000,128,128,16384,OS2-f8-accu,2.025930e-07,7.939723e-08,7.672799e-10,5.963527e-11,2.162546e-16,2.083636e-16,2.165375e-16,2.184975e-16,2.183342e-16,2.168954e-16,2.116911e-16,2.167864e-16,
0.000000,128,128,32768,ZGEMM,7.664171e-11,7.664171e-11,7.664171e-11,7.664171e-11,7.664171e-11,7.664171e-11,7.664171e-11,7.664171e-11,7.664171e-11,7.664171e-11,7.664171e-11,7.664171e-11,
0.000000,128,128,32768,ZGEMM3m,1.951801e-10,1.951801e-10,1.951801e-10,1.951801e-10,1.951801e-10,1.951801e-10,1.951801e-10,1.951801e-10,1.951801e-10,1.951801e-10,1.951801e-10,1.951801e-10,
0.000000,128,128,32768,OS1-7,1.163381e-11,1.163381e-11,1.163381e-11,1.163381e-11,1.163381e-11,1.163381e-11,1.163381e-11,1.163381e-11,1.163381e-11,1.163381e-11,1.163381e-11,1.163381e-11,
0.000000,128,128,32768,OS1-11,2.780616e-12,2.780616e-12,2.780616e-12,2.780616e-12,2.780616e-12,2.780616e-12,2.780616e-12,2.780616e-12,2.780616e-12,2.780616e-12,2.780616e-12,2.780616e-12,
0.000000,128,128,32768,OS2-i8-fast,1.930989e-02,4.703417e-03,5.692780e-05,5.573097e-06,9.566564e-07,1.167508e-08,1.945449e-09,9.335566e-11,7.913787e-12,1.796526e-15,2.313470e-14,3.547450e-15,
0.000000,128,128,32768,OS2-i8-accu,1.144029e-04,1.102138e-05,7.055282e-07,1.783593e-07,1.245234e-08,1.152365e-09,3.503973e-11,2.118162e-16,2.162804e-16,2.112094e-16,2.108605e-16,2.166482e-16,
0.000000,128,128,32768,OS2-f8-fast,1.144029e-04,5.573097e-06,9.566564e-07,2.277548e-08,2.119627e-09,3.504029e-11,1.510252e-14,1.875830e-13,2.440294e-14,5.155049e-14,7.096274e-15,1.594801e-14,
0.000000,128,128,32768,OS2-f8-accu,8.215962e-06,1.783593e-07,1.245234e-08,9.335308e-11,7.915619e-12,2.140069e-16,2.185524e-16,2.162567e-16,2.174289e-16,2.088278e-16,2.154078e-16,2.133660e-16,
0.000000,128,128,65536,ZGEMM,1.898188e-11,1.898188e-11,1.898188e-11,1.898188e-11,1.898188e-11,1.898188e-11,1.898188e-11,1.898188e-11,1.898188e-11,1.898188e-11,1.898188e-11,1.898188e-11,
0.000000,128,128,65536,ZGEMM3m,1.289340e-11,1.289340e-11,1.289340e-11,1.289340e-11,1.289340e-11,1.289340e-11,1.289340e-11,1.289340e-11,1.289340e-11,1.289340e-11,1.289340e-11,1.289340e-11,
0.000000,128,128,65536,OS1-7,8.358123e-13,8.358123e-13,8.358123e-13,8.358123e-13,8.358123e-13,8.358123e-13,8.358123e-13,8.358123e-13,8.358123e-13,8.358123e-13,8.358123e-13,8.358123e-13,
0.000000,128,128,65536,OS1-11,1.076049e-12,1.076049e-12,1.076049e-12,1.076049e-12,1.076049e-12,1.076049e-12,1.076049e-12,1.076049e-12,1.076049e-12,1.076049e-12,1.076049e-12,1.076049e-12,
0.000000,128,128,65536,OS2-i8-fast,5.862086e-03,6.466737e-04,2.778272e-05,2.117248e-06,1.179729e-07,4.673692e-09,4.236258e-10,5.341004e-11,3.220020e-12,5.372858e-16,7.157551e-16,5.014527e-15,
0.000000,128,128,65536,OS2-i8-accu,4.728783e-05,3.408734e-06,3.698393e-07,1.664282e-08,8.011391e-10,5.341106e-11,4.848156e-12,2.169992e-16,2.204753e-16,2.188003e-16,2.128580e-16,2.117171e-16,
0.000000,128,128,65536,OS2-f8-fast,4.728783e-05,2.117248e-06,1.179729e-07,3.506733e-09,2.268005e-10,4.849509e-12,1.525414e-14,1.950454e-14,2.124334e-14,9.365856e-15,1.554279e-15,9.358292e-15,
0.000000,128,128,65536,OS2-f8-accu,7.142484e-07,4.388268e-08,8.011391e-10,5.341106e-11,1.240546e-12,2.134312e-16,2.136629e-16,2.124855e-16,2.155546e-16,2.196445e-16,2.150144e-16,2.173330e-16,
0.500000,128,128,1024,ZGEMM,3.007202e-11,3.007202e-11,3.007202e-11,3.007202e-11,3.007202e-11,3.007202e-11,3.007202e-11,3.007202e-11,3.007202e-11,3.007202e-11,3.007202e-11,3.007202e-11,
0.500000,128,128,1024,ZGEMM3m,9.589624e-11,9.589624e-11,9.589624e-11,9.589624e-11,9.589624e-11,9.589624e-11,9.589624e-11,9.589624e-11,9.589624e-11,9.589624e-11,9.589624e-11,9.589624e-11,
0.500000,128,128,1024,OS1-7,2.482334e-11,2.482334e-11,2.482334e-11,2.482334e-11,2.482334e-11,2.482334e-11,2.482334e-11,2.482334e-11,2.482334e-11,2.482334e-11,2.482334e-11,2.482334e-11,
0.500000,128,128,1024,OS1-11,9.040114e-12,9.040114e-12,9.040114e-12,9.040114e-12,9.040114e-12,9.040114e-12,9.040114e-12,9.040114e-12,9.040114e-12,9.040114e-12,9.040114e-12,9.040114e-12,
0.500000,128,128,1024,OS2-i8-fast,7.948544e-03,1.116360e-04,5.182414e-05,1.393747e-06,1.648908e-07,1.295921e-08,7.484307e-10,2.006074e-11,9.827656e-13,3.003216e-14,2.161381e-15,6.218676e-16,
0.500000,128,128,1024,OS2-i8-accu,6.365180e-05,2.555976e-06,7.103840e-07,7.452185e-09,1.778175e-09,5.808247e-11,1.264471e-12,1.959754e-13,1.843042e-15,2.188927e-16,2.149400e-16,2.148113e-16,
0.500000,128,128,1024,OS2-f8-fast,6.365180e-05,1.393747e-06,1.648908e-07,1.049355e-08,5.754584e-10,3.370889e-12,1.878064e-13,2.052055e-15,1.385430e-14,4.580866e-15,5.845450e-15,3.515783e-14,
0.500000,128,128,1024,OS2-f8-accu,3.482617e-07,9.867416e-09,1.778175e-09,4.584778e-11,1.563406e-12,6.648349e-15,2.137079e-16,2.171541e-16,2.149627e-16,2.150685e-16,2.155393e-16,2.171638e-16,
0.500000,128,128,2048,ZGEMM,4.097192e-12,4.097192e-12,4.097192e-12,4.097192e-12,4.097192e-12,4.097192e-12,4.097192e-12,4.097192e-12,4.097192e-12,4.097192e-12,4.097192e-12,4.097192e-12,
0.500000,128,128,2048,ZGEMM3m,6.465415e-12,6.465415e-12,6.465415e-12,6.465415e-12,6.465415e-12,6.465415e-12,6.465415e-12,6.465415e-12,6.465415e-12,6.465415e-12,6.465415e-12,6.465415e-12,
0.500000,128,128,2048,OS1-7,5.160634e-12,5.160634e-12,5.160634e-12,5.160634e-12,5.160634e-12,5.160634e-12,5.160634e-12,5.160634e-12,5.160634e-12,5.160634e-12,5.160634e-12,5.160634e-12,
0.500000,128,128,2048,OS1-11,6.605477e-13,6.605477e-13,6.605477e-13,6.605477e-13,6.605477e-13,6.605477e-13,6.605477e-13,6.605477e-13,6.605477e-13,6.605477e-13,6.605477e-13,6.605477e-13,
0.500000,128,128,2048,OS2-i8-fast,2.979765e-03,2.095962e-04,2.946512e-05,1.407243e-06,9.212255e-08,3.935374e-09,3.559046e-10,1.519217e-11,1.529925e-12,1.845384e-14,1.280575e-15,1.221630e-15,
0.500000,128,128,2048,OS2-i8-accu,2.946512e-05,1.407243e-06,9.212255e-08,3.935374e-09,5.831227e-10,4.810686e-11,1.530126e-12,1.875616e-14,2.748415e-16,2.103801e-16,2.137903e-16,2.125177e-16,
0.500000,128,128,2048,OS2-f8-fast,3.963677e-05,1.407243e-06,9.212255e-08,2.634805e-09,1.528646e-10,4.679016e-12,1.286493e-13,1.398025e-14,5.417399e-15,8.206641e-15,4.406549e-15,3.628453e-14,
0.500000,128,128,2048,OS2-f8-accu,1.542522e-07,1.423435e-08,3.559044e-10,1.519232e-11,3.744349e-13,4.941145e-15,2.164928e-16,2.172690e-16,2.114842e-16,2.157398e-16,2.087507e-16,2.114106e-16,
0.500000,128,128,4096,ZGEMM,2.327395e-10,2.327395e-10,2.327395e-10,2.327395e-10,2.327395e-10,2.327395e-10,2.327395e-10,2.327395e-10,2.327395e-10,2.327395e-10,2.327395e-10,2.327395e-10,
0.500000,128,128,4096,ZGEMM3m,4.548252e-10,4.548252e-10,4.548252e-10,4.548252e-10,4.548252e-10,4.548252e-10,4.548252e-10,4.548252e-10,4.548252e-10,4.548252e-10,4.548252e-10,4.548252e-10,
0.500000,128,128,4096,OS1-7,1.744713e-10,1.744713e-10,1.744713e-10,1.744713e-10,1.744713e-10,1.744713e-10,1.744713e-10,1.744713e-10,1.744713e-10,1.744713e-10,1.744713e-10,1.744713e-10,
0.500000,128,128,4096,OS1-11,5.860147e-11,5.860147e-11,5.860147e-11,5.860147e-11,5.860147e-11,5.860147e-11,5.860147e-11,5.860147e-11,5.860147e-11,5.860147e-11,5.860147e-11,5.860147e-11,
0.500000,128,128,4096,OS2-i8-fast,4.788209e-01,1.693946e-02,1.143404e-03,8.395755e-05,3.122712e-06,3.584962e-07,2.762960e-08,2.547844e-10,1.660743e-10,5.224504e-12,2.585887e-13,5.373962e-14,
0.500000,128,128,4096,OS2-i8-accu,1.143404e-03,8.395755e-05,3.122712e-06,3.584963e-07,2.762959e-08,2.546573e-10,7.896333e-11,4.766794e-12,1.781990e-14,2.187429e-16,2.156636e-16,2.183702e-16,
0.500000,128,128,4096,OS2-f8-fast,1.078677e-03,8.395755e-05,3.122711e-06,2.924159e-07,6.558332e-09,1.380405e-10,1.905715e-11,1.938027e-12,5.311874e-13,1.024704e-11,2.057004e-13,2.177093e-12,
0.500000,128,128,4096,OS2-f8-accu,7.788009e-06,3.584963e-07,2.762959e-08,1.328869e-10,3.957621e-11,1.167902e-13,4.956067e-16,2.110030e-16,2.107190e-16,2.076261e-16,2.162154e-16,2.158167e-16,
0.500000,128,128,8192,ZGEMM,5.341476e-12,5.341476e-12,5.341476e-12,5.341476e-12,5.341476e-12,5.341476e-12,5.341476e-12,5.341476e-12,5.341476e-12,5.341476e-12,5.341476e-12,5.341476e-12,
0.500000,128,128,8192,ZGEMM3m,6.575619e-12,6.575619e-12,6.575619e-12,6.575619e-12,6.575619e-12,6.575619e-12,6.575619e-12,6.575619e-12,6.575619e-12,6.575619e-12,6.575619e-12,6.575619e-12,
0.500000,128,128,8192,OS1-7,2.043514e-11,2.043514e-11,2.043514e-11,2.043514e-11,2.043514e-11,2.043514e-11,2.043514e-11,2.043514e-11,2.043514e-11,2.043514e-11,2.043514e-11,2.043514e-11,
0.500000,128,128,8192,OS1-11,3.263317e-12,3.263317e-12,3.263317e-12,3.263317e-12,3.263317e-12,3.263317e-12,3.263317e-12,3.263317e-12,3.263317e-12,3.263317e-12,3.263317e-12,3.263317e-12,
0.500000,128,128,8192,OS2-i8-fast,9.224974e-03,6.356636e-04,2.056678e-04,3.606942e-06,3.438858e-07,5.515119e-08,6.281983e-10,1.639270e-10,8.058396e-12,3.044697e-13,6.786727e-15,8.829040e-15,
0.500000,128,128,8192,OS2-i8-accu,4.813366e-05,2.449263e-06,7.614797e-08,2.633020e-08,4.380492e-10,1.985683e-11,2.263249e-12,8.417700e-14,2.753996e-15,2.170382e-16,2.111400e-16,2.135134e-16,
0.500000,128,128,8192,OS2-f8-fast,2.365182e-04,3.606942e-06,3.438858e-07,2.633020e-08,4.379747e-10,1.859455e-11,6.078376e-13,9.416895e-14,3.913596e-14,9.699305e-14,2.258436e-14,6.479471e-14,
0.500000,128,128,8192,OS2-f8-accu,3.438858e-07,2.633020e-08,4.380493e-10,1.869724e-11,6.087153e-13,5.671626e-15,2.119354e-16,2.177014e-16,2.186138e-16,2.165711e-16,2.104914e-16,2.189521e-16,
0.500000,128,128,16384,ZGEMM,2.262363e-10,2.262363e-10,2.262363e-10,2.262363e-10,2.262363e-10,2.262363e-10,2.262363e-10,2.262363e-10,2.262363e-10,2.262363e-10,2.262363e-10,2.262363e-10,
0.500000,128,128,16384,ZGEMM3m,1.507341e-10,1.507341e-10,1.507341e-10,1.507341e-10,1.507341e-10,1.507341e-10,1.507341e-10,1.507341e-10,1.507341e-10,1.507341e-10,1.507341e-10,1.507341e-10,
0.500000,128,128,16384,OS1-7,2.614755e-10,2.614755e-10,2.614755e-10,2.614755e-10,2.614755e-10,2.614755e-10,2.614755e-10,2.614755e-10,2.614755e-10,2.614755e-10,2.614755e-10,2.614755e-10,
0.500000,128,128,16384,OS1-11,4.072056e-12,4.072056e-12,4.072056e-12,4.072056e-12,4.072056e-12,4.072056e-12,4.072056e-12,4.072056e-12,4.072056e-12,4.072056e-12,4.072056e-12,4.072056e-12,
0.500000,128,128,16384,OS2-i8-fast,7.202771e-02,3.138304e-02,8.078282e-03,2.944694e-04,4.446944e-06,5.795343e-07,6.010381e-08,4.233953e-09,3.027218e-10,1.683408e-11,6.230278e-13,3.870790e-13,
0.500000,128,128,16384,OS2-i8-accu,5.315179e-04,6.494505e-05,3.529555e-06,2.551036e-07,6.555551e-09,1.328800e-09,1.263835e-10,5.201575e-12,6.418356e-14,2.374511e-15,2.135089e-16,2.123895e-16,
0.500000,128,128,16384,OS2-f8-fast,1.064792e-02,2.944694e-04,4.446945e-06,3.140391e-07,2.525776e-08,1.548546e-09,3.838373e-11,5.601370e-12,3.492834e-12,1.507106e-11,2.855105e-12,4.362001e-13,
0.500000,128,128,16384,OS2-f8-accu,2.816116e-06,1.819823e-07,8.367944e-09,3.001986e-10,1.722375e-11,1.431026e-13,4.855142e-15,2.190475e-16,2.128058e-16,2.160711e-16,2.174165e-16,2.103577e-16,
0.500000,128,128,32768,ZGEMM,1.449438e-10,1.449438e-10,1.449438e-10,1.449438e-10,1.449438e-10,1.449438e-10,1.449438e-10,1.449438e-10,1.449438e-10,1.449438e-10,1.449438e-10,1.449438e-10,
0.500000,128,128,32768,ZGEMM3m,5.894144e-11,5.894144e-11,5.894144e-11,5.894144e-11,5.894144e-11,5.894144e-11,5.894144e-11,5.894144e-11,5.894144e-11,5.894144e-11,5.894144e-11,5.894144e-11,
0.500000,128,128,32768,OS1-7,4.006228e-11,4.006228e-11,4.006228e-11,4.006228e-11,4.006228e-11,4.006228e-11,4.006228e-11,4.006228e-11,4.006228e-11,4.006228e-11,4.006228e-11,4.006228e-11,
0.500000,128,128,32768,OS1-11,1.409210e-11,1.409210e-11,1.409210e-11,1.409210e-11,1.409210e-11,1.409210e-11,1.409210e-11,1.409210e-11,1.409210e-11,1.409210e-11,1.409210e-11,1.409210e-11,
0.500000,128,128,32768,OS2-i8-fast,3.491108e-01,2.371879e-02,4.435116e-03,1.194803e-04,9.836683e-06,4.684686e-07,3.087001e-08,2.418127e-09,2.585921e-10,2.845583e-11,4.293248e-13,6.280018e-13,
0.500000,128,128,32768,OS2-i8-accu,1.495245e-03,3.553699e-05,3.339712e-06,1.507941e-07,1.449783e-08,8.663097e-10,9.165178e-11,1.602908e-12,4.838458e-14,2.795047e-16,2.145740e-16,2.124141e-16,
0.500000,128,128,32768,OS2-f8-fast,6.195130e-03,1.194803e-04,9.836682e-06,3.006425e-07,2.081918e-08,8.654593e-10,9.105297e-11,3.019356e-12,1.115583e-11,2.069068e-12,4.565804e-12,3.709941e-12,
0.500000,128,128,32768,OS2-f8-accu,5.206106e-06,1.507941e-07,1.449783e-08,2.588075e-10,2.674447e-11,5.056831e-14,1.022440e-15,2.156752e-16,2.128025e-16,2.115832e-16,2.193390e-16,2.149549e-16,
0.500000,128,128,65536,ZGEMM,7.548678e-11,7.548678e-11,7.548678e-11,7.548678e-11,7.548678e-11,7.548678e-11,7.548678e-11,7.548678e-11,7.548678e-11,7.548678e-11,7.548678e-11,7.548678e-11,
0.500000,128,128,65536,ZGEMM3m,2.909550e-11,2.909550e-11,2.909550e-11,2.909550e-11,2.909550e-11,2.909550e-11,2.909550e-11,2.909550e-11,2.909550e-11,2.909550e-11,2.909550e-11,2.909550e-11,
0.500000,128,128,65536,OS1-7,4.210268e-11,4.210268e-11,4.210268e-11,4.210268e-11,4.210268e-11,4.210268e-11,4.210268e-11,4.210268e-11,4.210268e-11,4.210268e-11,4.210268e-11,4.210268e-11,
0.500000,128,128,65536,OS1-11,4.713169e-12,4.713169e-12,4.713169e-12,4.713169e-12,4.713169e-12,4.713169e-12,4.713169e-12,4.713169e-12,4.713169e-12,4.713169e-12,4.713169e-12,4.713169e-12,
0.500000,128,128,65536,OS2-i8-fast,1.264638e-01,1.341218e-02,2.463937e-03,1.387177e-04,5.313101e-06,5.843847e-07,3.396838e-08,5.795806e-09,1.724049e-10,1.387145e-11,6.310277e-13,2.441097e-13,
0.500000,128,128,65536,OS2-i8-accu,3.339458e-04,8.229665e-06,6.149010e-07,1.014879e-07,5.062789e-09,2.309532e-10,7.879362e-12,1.044080e-12,5.646501e-14,4.456002e-16,2.151651e-16,2.106173e-16,
0.500000,128,128,65536,OS2-f8-fast,5.110805e-03,1.387177e-04,5.313098e-06,1.448285e-07,1.025828e-08,4.595113e-10,9.922491e-12,1.527228e-11,5.305685e-12,6.833212e-11,1.077165e-11,2.024455e-11,
0.500000,128,128,65536,OS2-f8-accu,9.248471e-07,1.812440e-07,4.557207e-09,1.023498e-10,4.700619e-12,1.035904e-13,2.264412e-15,2.170997e-16,2.145070e-16,2.121561e-16,2.175904e-16,2.157590e-16,
1.000000,128,128,1024,ZGEMM,1.098846e-11,1.098846e-11,1.098846e-11,1.098846e-11,1.098846e-11,1.098846e-11,1.098846e-11,1.098846e-11,1.098846e-11,1.098846e-11,1.098846e-11,1.098846e-11,
1.000000,128,128,1024,ZGEMM3m,3.275751e-12,3.275751e-12,3.275751e-12,3.275751e-12,3.275751e-12,3.275751e-12,3.275751e-12,3.275751e-12,3.275751e-12,3.275751e-12,3.275751e-12,3.275751e-12,
1.000000,128,128,1024,OS1-7,2.709406e-11,2.709406e-11,2.709406e-11,2.709406e-11,2.709406e-11,2.709406e-11,2.709406e-11,2.709406e-11,2.709406e-11,2.709406e-11,2.709406e-11,2.709406e-11,
1.000000,128,128,1024,OS1-11,1.294610e-12,1.294610e-12,1.294610e-12,1.294610e-12,1.294610e-12,1.294610e-12,1.294610e-12,1.294610e-12,1.294610e-12,1.294610e-12,1.294610e-12,1.294610e-12,
1.000000,128,128,1024,OS2-i8-fast,6.060174e-02,1.296351e-03,1.098993e-04,1.108652e-05,8.713965e-07,3.245640e-08,2.098773e-09,1.975808e-10,7.423938e-12,3.114264e-13,5.214097e-14,3.888901e-14,
1.000000,128,128,1024,OS2-i8-accu,2.935445e-05,1.437056e-06,5.729246e-08,4.639419e-09,6.115414e-10,8.973925e-12,1.506785e-12,1.750970e-14,7.240298e-16,2.125992e-16,2.163701e-16,2.129566e-16,
1.000000,128,128,1024,OS2-f8-fast,1.818738e-04,1.169449e-05,8.713965e-07,2.426647e-08,1.296049e-09,1.048697e-11,9.100618e-13,4.402422e-13,3.271356e-13,1.788643e-13,1.648043e-13,1.234381e-13,
1.000000,128,128,1024,OS2-f8-accu,1.462399e-07,4.639419e-09,2.656234e-10,8.831765e-12,3.510688e-13,2.226130e-15,2.129566e-16,2.160425e-16,2.125757e-16,2.172601e-16,2.122322e-16,2.117075e-16,
1.000000,128,128,2048,ZGEMM,4.368516e-12,4.368516e-12,4.368516e-12,4.368516e-12,4.368516e-12,4.368516e-12,4.368516e-12,4.368516e-12,4.368516e-12,4.368516e-12,4.368516e-12,4.368516e-12,
1.000000,128,128,2048,ZGEMM3m,5.076750e-12,5.076750e-12,5.076750e-12,5.076750e-12,5.076750e-12,5.076750e-12,5.076750e-12,5.076750e-12,5.076750e-12,5.076750e-12,5.076750e-12,5.076750e-12,
1.000000,128,128,2048,OS1-7,2.428759e-11,2.428759e-11,2.428759e-11,2.428759e-11,2.428759e-11,2.428759e-11,2.428759e-11,2.428759e-11,2.428759e-11,2.428759e-11,2.428759e-11,2.428759e-11,
1.000000,128,128,2048,OS1-11,4.926950e-13,4.926950e-13,4.926950e-13,4.926950e-13,4.926950e-13,4.926950e-13,4.926950e-13,4.926950e-13,4.926950e-13,4.926950e-13,4.926950e-13,4.926950e-13,
1.000000,128,128,2048,OS2-i8-fast,1.878001e-02,3.004081e-03,1.998890e-04,4.858296e-06,2.262428e-07,7.986992e-08,6.042749e-09,1.740891e-10,3.911642e-11,2.279952e-12,8.954511e-14,9.247149e-14,
1.000000,128,128,2048,OS2-i8-accu,1.602313e-05,8.928707e-07,1.621433e-07,4.104274e-09,1.743943e-10,4.753050e-11,1.823473e-12,4.614504e-14,1.231938e-15,2.068353e-16,2.170218e-16,2.100641e-16,
1.000000,128,128,2048,OS2-f8-fast,1.123795e-04,4.858296e-06,2.262428e-07,4.137246e-08,2.496926e-09,5.841043e-11,3.549275e-12,1.002849e-12,1.485091e-12,1.020874e-12,4.083887e-13,1.027446e-12,
1.000000,128,128,2048,OS2-f8-accu,1.185311e-07,4.104274e-09,1.600980e-10,1.233269e-11,9.923013e-13,4.344294e-15,2.098287e-16,2.153567e-16,2.163951e-16,2.142848e-16,2.130770e-16,2.148461e-16,
1.000000,128,128,4096,ZGEMM,6.548251e-12,6.548251e-12,6.548251e-12,6.548251e-12,6.548251e-12,6.548251e-12,6.548251e-12,6.548251e-12,6.548251e-12,6.548251e-12,6.548251e-12,6.548251e-12,
1.000000,128,128,4096,ZGEMM3m,1.651702e-11,1.651702e-11,1.651702e-11,1.651702e-11,1.651702e-11,1.651702e-11,1.651702e-11,1.651702e-11,1.651702e-11,1.651702e-11,1.651702e-11,1.651702e-11,
1.000000,128,128,4096,OS1-7,2.373506e-10,2.373506e-10,2.373506e-10,2.373506e-10,2.373506e-10,2.373506e-10,2.373506e-10,2.373506e-10,2.373506e-10,2.373506e-10,2.373506e-10,2.373506e-10,
1.000000,128,128,4096,OS1-11,1.282363e-12,1.282363e-12,1.282363e-12,1.282363e-12,1.282363e-12,1.282363e-12,1.282363e-12,1.282363e-12,1.282363e-12,1.282363e-12,1.282363e-12,1.282363e-12,
1.000000,128,128,4096,OS2-i8-fast,1.601652e-01,8.893933e-03,7.097080e-04,9.069191e-05,1.010885e-05,4.931953e-07,3.494436e-08,1.070767e-09,2.317047e-10,2.247096e-11,1.150424e-12,2.514469e-12,
1.000000,128,128,4096,OS2-i8-accu,9.069191e-05,1.010885e-05,4.931940e-07,3.494434e-08,1.070696e-09,2.108840e-10,1.152318e-11,3.641150e-13,1.548402e-14,2.126257e-16,2.113999e-16,2.131960e-16,
1.000000,128,128,4096,OS2-f8-fast,2.809026e-03,9.069190e-05,1.010885e-05,2.269471e-07,1.492732e-08,1.568334e-10,4.683509e-11,1.529983e-11,9.924355e-12,3.889646e-11,1.358662e-11,8.390823e-12,
1.000000,128,128,4096,OS2-f8-accu,6.235705e-07,3.494434e-08,1.520787e-09,4.825299e-11,2.439427e-12,1.663335e-14,1.117357e-15,2.145543e-16,2.141940e-16,2.114475e-16,2.165876e-16,2.156282e-16,
1.000000,128,128,8192,ZGEMM,2.842345e-11,2.842345e-11,2.842345e-11,2.842345e-11,2.842345e-11,2.842345e-11,2.842345e-11,2.842345e-11,2.842345e-11,2.842345e-11,2.842345e-11,2.842345e-11,
1.000000,128,128,8192,ZGEMM3m,2.429859e-11,2.429859e-11,2.429859e-11,2.429859e-11,2.429859e-11,2.429859e-11,2.429859e-11,2.429859e-11,2.429859e-11,2.429859e-11,2.429859e-11,2.429859e-11,
1.000000,128,128,8192,OS1-7,1.254180e-10,1.254180e-10,1.254180e-10,1.254180e-10,1.254180e-10,1.254180e-10,1.254180e-10,1.254180e-10,1.254180e-10,1.254180e-10,1.254180e-10,1.254180e-10,
1.000000,128,128,8192,OS1-11,1.267367e-11,1.267367e-11,1.267367e-11,1.267367e-11,1.267367e-11,1.267367e-11,1.267367e-11,1.267367e-11,1.267367e-11,1.267367e-11,1.267367e-11,1.267367e-11,
1.000000,128,128,8192,OS2-i8-fast,3.640217e-01,1.309053e-01,5.180747e-03,2.622336e-04,3.719814e-05,5.016717e-07,3.724091e-08,8.779160e-09,6.386563e-10,3.086702e-11,6.132511e-12,1.882580e-11,
1.000000,128,128,8192,OS2-i8-accu,1.596607e-04,1.393336e-05,3.030819e-07,2.782708e-08,2.913460e-09,2.245815e-10,3.432494e-11,8.890561e-13,1.171145e-14,2.725473e-16,2.125438e-16,2.132101e-16,
1.000000,128,128,8192,OS2-f8-fast,6.931778e-03,2.622336e-04,3.719813e-05,3.030962e-07,2.790394e-08,9.100948e-10,1.673282e-10,6.809737e-11,1.023743e-10,2.993364e-11,2.581084e-11,3.316098e-11,
1.000000,128,128,8192,OS2-f8-accu,5.016694e-07,2.782708e-08,1.015219e-09,1.567378e-10,7.315253e-12,6.673027e-14,1.061437e-15,2.114142e-16,2.168426e-16,2.199710e-16,2.171624e-16,2.143491e-16,
1.000000,128,128,16384,ZGEMM,8.566790e-11,8.566790e-11,8.566790e-11,8.566790e-11,8.566790e-11,8.566790e-11,8.566790e-11,8.566790e-11,8.566790e-11,8.566790e-11,8.566790e-11,8.566790e-11,
1.000000,128,128,16384,ZGEMM3m,6.651601e-11,6.651601e-11,6.651601e-11,6.651601e-11,6.651601e-11,6.651601e-11,6.651601e-11,6.651601e-11,6.651601e-11,6.651601e-11,6.651601e-11,6.651601e-11,
1.000000,128,128,16384,OS1-7,3.857952e-10,3.857952e-10,3.857952e-10,3.857952e-10,3.857952e-10,3.857952e-10,3.857952e-10,3.857952e-10,3.857952e-10,3.857952e-10,3.857952e-10,3.857952e-10,
1.000000,128,128,16384,OS1-11,3.874036e-12,3.874036e-12,3.874036e-12,3.874036e-12,3.874036e-12,3.874036e-12,3.874036e-12,3.874036e-12,3.874036e-12,3.874036e-12,3.874036e-12,3.874036e-12,
1.000000,128,128,16384,OS2-i8-fast,3.159386e+00,4.181595e-01,2.127171e-02,8.814781e-04,5.922232e-05,4.534149e-06,1.385908e-07,4.271120e-08,1.873692e-09,7.636541e-11,9.410608e-11,8.832240e-11,
1.000000,128,128,16384,OS2-i8-accu,6.505915e-04,4.844247e-05,2.691820e-06,1.061618e-07,6.842802e-09,4.080045e-10,3.206106e-11,3.163409e-12,7.416608e-14,1.012946e-15,2.153487e-16,2.093875e-16,
1.000000,128,128,16384,OS2-f8-fast,6.165739e-02,8.814781e-04,5.922229e-05,2.691840e-06,1.060046e-07,2.831848e-09,1.735325e-10,1.547654e-10,4.458248e-10,3.343234e-10,8.407704e-11,1.909946e-09,
1.000000,128,128,16384,OS2-f8-accu,2.488383e-06,1.061618e-07,2.254245e-09,1.559689e-10,1.187160e-11,1.898779e-13,3.023511e-15,2.114886e-16,2.145580e-16,2.141702e-16,2.133413e-16,2.144600e-16,
1.000000,128,128,32768,ZGEMM,6.414120e-11,6.414120e-11,6.414120e-11,6.414120e-11,6.414120e-11,6.414120e-11,6.414120e-11,6.414120e-11,6.414120e-11,6.414120e-11,6.414120e-11,6.414120e-11,
1.000000,128,128,32768,ZGEMM3m,6.110219e-11,6.110219e-11,6.110219e-11,6.110219e-11,6.110219e-11,6.110219e-11,6.110219e-11,6.110219e-11,6.110219e-11,6.110219e-11,6.110219e-11,6.110219e-11,
1.000000,128,128,32768,OS1-7,1.802823e-09,1.802823e-09,1.802823e-09,1.802823e-09,1.802823e-09,1.802823e-09,1.802823e-09,1.802823e-09,1.802823e-09,1.802823e-09,1.802823e-09,1.802823e-09,
1.000000,128,128,32768,OS1-11,5.515656e-12,5.515656e-12,5.515656e-12,5.515656e-12,5.515656e-12,5.515656e-12,5.515656e-12,5.515656e-12,5.515656e-12,5.515656e-12,5.515656e-12,5.515656e-12,
1.000000,128,128,32768,OS2-i8-fast,6.443461e+00,9.703309e-01,5.111095e-02,1.688350e-03,7.541686e-05,1.342375e-05,9.427315e-07,8.795615e-08,3.883666e-09,3.963142e-10,3.679643e-11,1.790300e-10,
1.000000,128,128,32768,OS2-i8-accu,4.442757e-04,5.919411e-05,3.008833e-06,2.505122e-07,1.517029e-08,1.115640e-09,7.189451e-11,3.892488e-12,5.255602e-14,1.624391e-15,2.135234e-16,2.169327e-16,
1.000000,128,128,32768,OS2-f8-fast,1.799672e-01,1.688350e-03,7.541678e-05,4.786977e-06,4.276845e-07,8.022168e-09,1.493698e-09,6.423634e-10,3.003192e-10,1.389410e-09,5.299354e-10,4.514514e-09,
1.000000,128,128,32768,OS2-f8-accu,4.116699e-06,2.505122e-07,5.216195e-09,3.144006e-10,7.138017e-12,6.145629e-14,1.624391e-15,2.199006e-16,2.169175e-16,2.134135e-16,2.148953e-16,2.120172e-16,
1.000000,128,128,65536,ZGEMM,7.233940e-11,7.233940e-11,7.233940e-11,7.233940e-11,7.233940e-11,7.233940e-11,7.233940e-11,7.233940e-11,7.233940e-11,7.233940e-11,7.233940e-11,7.233940e-11,
1.000000,128,128,65536,ZGEMM3m,2.972285e-10,2.972285e-10,2.972285e-10,2.972285e-10,2.972285e-10,2.972285e-10,2.972285e-10,2.972285e-10,2.972285e-10,2.972285e-10,2.972285e-10,2.972285e-10,
1.000000,128,128,65536,OS1-7,1.563176e-09,1.563176e-09,1.563176e-09,1.563176e-09,1.563176e-09,1.563176e-09,1.563176e-09,1.563176e-09,1.563176e-09,1.563176e-09,1.563176e-09,1.563176e-09,
1.000000,128,128,65536,OS1-11,9.085095e-12,9.085095e-12,9.085095e-12,9.085095e-12,9.085095e-12,9.085095e-12,9.085095e-12,9.085095e-12,9.085095e-12,9.085095e-12,9.085095e-12,9.085095e-12,
1.000000,128,128,65536,OS2-i8-fast,7.227809e+01,1.775348e+00,1.306760e-01,5.118271e-03,4.074212e-04,1.620363e-05,2.609713e-06,1.689108e-07,1.504552e-08,5.579746e-10,6.342069e-10,7.636048e-10,
1.000000,128,128,65536,OS2-i8-accu,2.105620e-04,4.115292e-05,2.557704e-06,2.251719e-07,4.173807e-09,3.216178e-09,6.424677e-11,9.739682e-12,2.739497e-13,5.966434e-15,2.158815e-16,2.121465e-16,
1.000000,128,128,65536,OS2-f8-fast,1.768798e-01,5.118271e-03,4.074203e-04,1.534775e-05,6.953345e-07,7.790536e-09,4.767581e-09,1.895740e-08,1.097687e-09,8.724195e-09,1.455940e-09,3.710708e-09,
1.000000,128,128,65536,OS2-f8-accu,2.557704e-06,1.906671e-07,3.975637e-09,1.944148e-10,2.086771e-11,2.737397e-13,2.396123e-15,2.096899e-16,2.173326e-16,2.135496e-16,2.145500e-16,2.167452e-16,
2.000000,128,128,1024,ZGEMM,3.228627e-12,3.228627e-12,3.228627e-12,3.228627e-12,3.228627e-12,3.228627e-12,3.228627e-12,3.228627e-12,3.228627e-12,3.228627e-12,3.228627e-12,3.228627e-12,
2.000000,128,128,1024,ZGEMM3m,1.167605e-11,1.167605e-11,1.167605e-11,1.167605e-11,1.167605e-11,1.167605e-11,1.167605e-11,1.167605e-11,1.167605e-11,1.167605e-11,1.167605e-11,1.167605e-11,
2.000000,128,128,1024,OS1-7,1.327093e-10,1.327093e-10,1.327093e-10,1.327093e-10,1.327093e-10,1.327093e-10,1.327093e-10,1.327093e-10,1.327093e-10,1.327093e-10,1.327093e-10,1.327093e-10,
2.000000,128,128,1024,OS1-11,2.281547e-12,2.281547e-12,2.281547e-12,2.281547e-12,2.281547e-12,2.281547e-12,2.281547e-12,2.281547e-12,2.281547e-12,2.281547e-12,2.281547e-12,2.281547e-12,
2.000000,128,128,1024,OS2-i8-fast,3.855243e+02,8.399593e+01,1.333411e+01,1.861300e-01,9.524169e-03,8.777144e-04,3.615131e-05,1.035636e-05,5.111046e-07,2.159287e-07,7.400474e-07,3.077638e-07,
2.000000,128,128,1024,OS2-i8-accu,3.686179e-04,1.547701e-05,2.212603e-06,5.983028e-08,7.385354e-09,4.682729e-10,2.947739e-11,2.412263e-12,9.247250e-14,3.097008e-15,2.151268e-16,2.116752e-16,
2.000000,128,128,1024,OS2-f8-fast,2.275245e+01,1.861297e-01,9.523867e-03,8.953461e-04,6.742686e-05,7.572862e-07,1.797395e-06,1.179049e-05,1.401928e-06,5.252619e-06,1.024077e-06,1.718426e-06,
2.000000,128,128,1024,OS2-f8-accu,2.212603e-06,5.198010e-08,3.308581e-09,2.029086e-10,1.181083e-11,1.000965e-13,3.097008e-15,2.110876e-16,2.196663e-16,2.116752e-16,2.126448e-16,2.166580e-16,
2.000000,128,128,2048,ZGEMM,4.084063e-12,4.084063e-12,4.084063e-12,4.084063e-12,4.084063e-12,4.084063e-12,4.084063e-12,4.084063e-12,4.084063e-12,4.084063e-12,4.084063e-12,4.084063e-12,
2.000000,128,128,2048,ZGEMM3m,1.615889e-11,1.615889e-11,1.615889e-11,1.615889e-11,1.615889e-11,1.615889e-11,1.615889e-11,1.615889e-11,1.615889e-11,1.615889e-11,1.615889e-11,1.615889e-11,
2.000000,128,128,2048,OS1-7,1.308067e-09,1.308067e-09,1.308067e-09,1.308067e-09,1.308067e-09,1.308067e-09,1.308067e-09,1.308067e-09,1.308067e-09,1.308067e-09,1.308067e-09,1.308067e-09,
2.000000,128,128,2048,OS1-11,9.162598e-13,9.162598e-13,9.162598e-13,9.162598e-13,9.162598e-13,9.162598e-13,9.162598e-13,9.162598e-13,9.162598e-13,9.162598e-13,9.162598e-13,9.162598e-13,
2.000000,128,128,2048,OS2-i8-fast,4.189205e+02,5.544981e+01,2.610099e+00,4.538655e-01,1.286121e-02,7.682486e-04,2.950731e-05,4.706936e-06,2.397062e-06,2.158150e-06,1.710466e-06,2.411636e-06,
2.000000,128,128,2048,OS2-i8-accu,2.466753e-04,1.093208e-05,1.410632e-06,9.995032e-08,6.124291e-09,4.001322e-10,4.318636e-11,1.635090e-12,7.599668e-14,1.812512e-15,2.100959e-16,2.175900e-16,
2.000000,128,128,2048,OS2-f8-fast,6.739337e+00,4.538674e-01,1.286165e-02,4.270070e-04,4.562843e-05,5.553342e-06,1.294836e-05,1.439547e-05,2.174862e-05,5.831621e-05,6.912007e-06,2.563396e-05,
2.000000,128,128,2048,OS2-f8-accu,1.410632e-06,3.987782e-08,1.488190e-09,1.786765e-10,4.180010e-12,2.473351e-13,1.707909e-15,2.159646e-16,2.175900e-16,2.154185e-16,2.169999e-16,2.136256e-16,
2.000000,128,128,4096,ZGEMM,2.904037e-11,2.904037e-11,2.904037e-11,2.904037e-11,2.904037e-11,2.904037e-11,2.904037e-11,2.904037e-11,2.904037e-11,2.904037e-11,2.904037e-11,2.904037e-11,
2.000000,128,128,4096,ZGEMM3m,1.000206e-11,1.000206e-11,1.000206e-11,1.000206e-11,1.000206e-11,1.000206e-11,1.000206e-11,1.000206e-11,1.000206e-11,1.000206e-11,1.000206e-11,1.000206e-11,
2.000000,128,128,4096,OS1-7,9.954588e-10,9.954588e-10,9.954588e-10,9.954588e-10,9.954588e-10,9.954588e-10,9.954588e-10,9.954588e-10,9.954588e-10,9.954588e-10,9.954588e-10,9.954588e-10,
2.000000,128,128,4096,OS1-11,2.862689e-12,2.862689e-12,2.862689e-12,2.862689e-12,2.862689e-12,2.862689e-12,2.862689e-12,2.862689e-12,2.862689e-12,2.862689e-12,2.862689e-12,2.862689e-12,
2.000000,128,128,4096,OS2-i8-fast,9.675090e+01,3.981067e+01,2.855544e+00,2.641963e-01,2.990181e-02,1.418284e-03,1.871307e-04,2.316456e-05,6.951669e-06,5.135520e-06,7.038095e-06,6.475819e-05,
2.000000,128,128,4096,OS2-i8-accu,1.529768e-04,2.976689e-06,4.636704e-07,1.652501e-08,3.172498e-09,3.322252e-10,7.188811e-12,5.954656e-13,2.112007e-14,1.829552e-15,2.129615e-16,2.142003e-16,
2.000000,128,128,4096,OS2-f8-fast,6.148513e+00,2.641963e-01,2.988915e-02,6.154015e-04,2.453471e-04,1.269985e-04,4.067455e-05,1.076718e-04,8.043593e-05,2.134637e-04,2.804055e-05,6.151452e-05,
2.000000,128,128,4096,OS2-f8-accu,4.636704e-07,9.146812e-09,8.985134e-10,2.834221e-11,1.717504e-12,3.569172e-14,6.140795e-16,2.142003e-16,2.162400e-16,2.182376e-16,2.170756e-16,2.137245e-16,
2.000000,128,128,8192,ZGEMM,4.223041e-12,4.223041e-12,4.223041e-12,4.223041e-12,4.223041e-12,4.223041e-12,4.223041e-12,4.223041e-12,4.223041e-12,4.223041e-12,4.223041e-12,4.223041e-12,
2.000000,128,128,8192,ZGEMM3m,1.132275e-11,1.132275e-11,1.132275e-11,1.132275e-11,1.132275e-11,1.132275e-11,1.132275e-11,1.132275e-11,1.132275e-11,1.132275e-11,1.132275e-11,1.132275e-11,
2.000000,128,128,8192,OS1-7,2.514172e-10,2.514172e-10,2.514172e-10,2.514172e-10,2.514172e-10,2.514172e-10,2.514172e-10,2.514172e-10,2.514172e-10,2.514172e-10,2.514172e-10,2.514172e-10,
2.000000,128,128,8192,OS1-11,1.491993e-12,1.491993e-12,1.491993e-12,1.491993e-12,1.491993e-12,1.491993e-12,1.491993e-12,1.491993e-12,1.491993e-12,1.491993e-12,1.491993e-12,1.491993e-12,
2.000000,128,128,8192,OS2-i8-fast,9.065392e+02,7.902000e+01,7.475584e+00,3.701943e-01,3.408515e-02,1.842169e-03,2.484808e-04,1.609411e-05,1.016884e-04,2.935586e-04,1.207820e-04,3.339005e-04,
2.000000,128,128,8192,OS2-i8-accu,2.694054e-04,2.113258e-05,1.666343e-06,5.929794e-08,5.093727e-09,3.326865e-10,2.249579e-11,1.596192e-12,1.179682e-13,4.563502e-15,2.089583e-16,2.181318e-16,
2.000000,128,128,8192,OS2-f8-fast,1.764528e+01,3.700874e-01,3.421876e-02,1.029405e-03,3.060949e-04,2.207089e-04,2.524508e-04,3.428718e-04,1.331550e-03,1.494327e-03,4.501669e-04,2.686982e-04,
2.000000,128,128,8192,OS2-f8-accu,4.981120e-07,4.406443e-08,6.704521e-10,8.817173e-11,1.596192e-12,1.290461e-13,1.381626e-15,2.149253e-16,2.154461e-16,2.157714e-16,2.193354e-16,2.095478e-16,
2.000000,128,128,16384,ZGEMM,1.009605e-10,1.009605e-10,1.009605e-10,1.009605e-10,1.009605e-10,1.009605e-10,1.009605e-10,1.009605e-10,1.009605e-10,1.009605e-10,1.009605e-10,1.009605e-10,
2.000000,128,128,16384,ZGEMM3m,1.220920e-10,1.220920e-10,1.220920e-10,1.220920e-10,1.220920e-10,1.220920e-10,1.220920e-10,1.220920e-10,1.220920e-10,1.220920e-10,1.220920e-10,1.220920e-10,
2.000000,128,128,16384,OS1-7,5.987104e-09,5.987104e-09,5.987104e-09,5.987104e-09,5.987104e-09,5.987104e-09,5.987104e-09,5.987104e-09,5.987104e-09,5.987104e-09,5.987104e-09,5.987104e-09,
2.000000,128,128,16384,OS1-11,1.712581e-11,1.712581e-11,1.712581e-11,1.712581e-11,1.712581e-11,1.712581e-11,1.712581e-11,1.712581e-11,1.712581e-11,1.712581e-11,1.712581e-11,1.712581e-11,
2.000000,128,128,16384,OS2-i8-fast,1.954279e+04,5.409228e+02,3.592533e+01,7.479444e+00,2.357351e-01,1.553789e-02,1.082944e-03,9.652937e-04,2.032388e-04,2.602807e-04,3.880897e-04,7.135322e-04,
2.000000,128,128,16384,OS2-i8-accu,2.235766e-03,2.426896e-05,4.574110e-06,3.219274e-07,1.421430e-08,6.343012e-09,6.978112e-11,5.160149e-12,1.772067e-12,2.283742e-14,1.494836e-15,2.150691e-16,
2.000000,128,128,16384,OS2-f8-fast,1.052756e+02,7.479444e+00,2.356881e-01,6.840031e-03,3.891602e-03,6.713236e-03,1.126914e-02,5.356690e-03,5.269559e-03,7.624333e-03,2.505395e-03,1.086582e-02,
2.000000,128,128,16384,OS2-f8-accu,1.427447e-06,4.285653e-08,8.487382e-09,6.978112e-11,2.916190e-12,2.332335e-13,5.171878e-15,2.201070e-16,2.097887e-16,2.154097e-16,2.155149e-16,2.154097e-16,
2.000000,128,128,32768,ZGEMM,1.607611e-11,1.607611e-11,1.607611e-11,1.607611e-11,1.607611e-11,1.607611e-11,1.607611e-11,1.607611e-11,1.607611e-11,1.607611e-11,1.607611e-11,1.607611e-11,
2.000000,128,128,32768,ZGEMM3m,2.729284e-11,2.729284e-11,2.729284e-11,2.729284e-11,2.729284e-11,2.729284e-11,2.729284e-11,2.729284e-11,2.729284e-11,2.729284e-11,2.729284e-11,2.729284e-11,
2.000000,128,128,32768,OS1-7,1.407289e-09,1.407289e-09,1.407289e-09,1.407289e-09,1.407289e-09,1.407289e-09,1.407289e-09,1.407289e-09,1.407289e-09,1.407289e-09,1.407289e-09,1.407289e-09,
2.000000,128,128,32768,OS1-11,9.005473e-13,9.005473e-13,9.005473e-13,9.005473e-13,9.005473e-13,9.005473e-13,9.005473e-13,9.005473e-13,9.005473e-13,9.005473e-13,9.005473e-13,9.005473e-13,
2.000000,128,128,32768,OS2-i8-fast,3.500997e+03,6.926300e+02,6.328375e+01,5.155662e+00,3.006379e-01,1.369074e-02,1.322920e-03,3.812854e-04,4.087455e-04,1.776830e-03,4.936644e-04,6.955159e-04,
2.000000,128,128,32768,OS2-i8-accu,1.076768e-03,1.424810e-04,1.471316e-05,2.898258e-07,4.846706e-08,2.426206e-09,1.432355e-10,6.803523e-12,8.432634e-13,1.590592e-14,4.289229e-16,2.180292e-16,
2.000000,128,128,32768,OS2-f8-fast,1.731110e+02,5.155662e+00,3.000350e-01,9.848255e-03,6.225997e-03,5.430321e-03,3.738937e-03,2.086614e-03,1.220879e-02,5.313181e-03,1.172968e-03,5.548046e-03,
2.000000,128,128,32768,OS2-f8-accu,7.131833e-07,1.113695e-07,2.426206e-09,1.432355e-10,4.262173e-12,2.645800e-13,4.107329e-16,2.104844e-16,2.122923e-16,2.088355e-16,2.132552e-16,2.146203e-16,
2.000000,128,128,65536,ZGEMM,1.873232e-11,1.873232e-11,1.873232e-11,1.873232e-11,1.873232e-11,1.873232e-11,1.873232e-11,1.873232e-11,1.873232e-11,1.873232e-11,1.873232e-11,1.873232e-11,
2.000000,128,128,65536,ZGEMM3m,1.641889e-11,1.641889e-11,1.641889e-11,1.641889e-11,1.641889e-11,1.641889e-11,1.641889e-11,1.641889e-11,1.641889e-11,1.641889e-11,1.641889e-11,1.641889e-11,
2.000000,128,128,65536,OS1-7,9.354143e-10,9.354143e-10,9.354143e-10,9.354143e-10,9.354143e-10,9.354143e-10,9.354143e-10,9.354143e-10,9.354143e-10,9.354143e-10,9.354143e-10,9.354143e-10,
2.000000,128,128,65536,OS1-11,8.739169e-13,8.739169e-13,8.739169e-13,8.739169e-13,8.739169e-13,8.739169e-13,8.739169e-13,8.739169e-13,8.739169e-13,8.739169e-13,8.739169e-13,8.739169e-13,
2.000000,128,128,65536,OS2-i8-fast,6.804898e+02,1.370635e+03,2.085342e+02,1.563878e+01,1.471624e+00,1.087337e-01,4.823436e-03,1.071919e-02,2.879763e-03,1.346046e-02,3.257262e-03,2.254241e-02,
2.000000,128,128,65536,OS2-i8-accu,2.471270e-03,1.718580e-04,1.050841e-05,4.149774e-07,2.487443e-08,4.886806e-09,6.238096e-10,3.694277e-11,2.559329e-12,1.322802e-13,1.346952e-14,2.121525e-16,
2.000000,128,128,65536,OS2-f8-fast,2.172147e+02,1.564138e+01,1.476184e+00,3.980381e-02,6.205898e-02,5.906020e-03,2.872317e-02,2.492425e-02,6.226686e-02,7.435759e-02,3.146812e-02,6.667198e-02,
2.000000,128,128,65536,OS2-f8-accu,2.659730e-06,2.487443e-08,4.886806e-09,9.487675e-11,1.262883e-11,2.207972e-13,1.346952e-14,2.140056e-16,2.113057e-16,2.165580e-16,2.143813e-16,2.118157e-16,
4.000000,128,128,1024,ZGEMM,8.920979e-12,8.920979e-12,8.920979e-12,8.920979e-12,8.920979e-12,8.920979e-12,8.920979e-12,8.920979e-12,8.920979e-12,8.920979e-12,8.920979e-12,8.920979e-12,
4.000000,128,128,1024,ZGEMM3m,1.853785e-10,1.853785e-10,1.853785e-10,1.853785e-10,1.853785e-10,1.853785e-10,1.853785e-10,1.853785e-10,1.853785e-10,1.853785e-10,1.853785e-10,1.853785e-10,
4.000000,128,128,1024,OS1-7,1.883502e-08,1.883502e-08,1.883502e-08,1.883502e-08,1.883502e-08,1.883502e-08,1.883502e-08,1.883502e-08,1.883502e-08,1.883502e-08,1.883502e-08,1.883502e-08,
4.000000,128,128,1024,OS1-11,2.638230e-12,2.638230e-12,2.638230e-12,2.638230e-12,2.638230e-12,2.638230e-12,2.638230e-12,2.638230e-12,2.638230e-12,2.638230e-12,2.638230e-12,2.638230e-12,
4.000000,128,128,1024,OS2-i8-fast,1.000000e+00,2.010380e+02,8.680228e+02,5.747796e+03,1.686240e+06,6.505091e+07,4.349486e+09,7.209587e+10,1.332175e+11,1.429681e+11,6.348602e+11,9.994224e+11,
4.000000,128,128,1024,OS2-i8-accu,5.294658e-02,1.965619e-03,9.807050e-05,1.357796e-05,1.714607e-06,8.045030e-08,1.828769e-09,2.978531e-10,8.832225e-12,2.031562e-12,1.924825e-13,4.709229e-15,
4.000000,128,128,1024,OS2-f8-fast,5.628103e+02,8.187769e+02,9.924006e+05,3.190977e+08,8.526520e+09,6.972690e+11,1.160409e+12,3.186188e+12,9.008113e+11,3.160873e+12,9.514959e+11,1.675761e+13,
4.000000,128,128,1024,OS2-f8-accu,1.649107e-04,1.412905e-05,4.589785e-07,9.837538e-09,1.579756e-09,2.556066e-11,2.031012e-12,1.364253e-13,9.231391e-16,2.109944e-16,2.136951e-16,2.094497e-16,
4.000000,128,128,2048,ZGEMM,1.368854e-12,1.368854e-12,1.368854e-12,1.368854e-12,1.368854e-12,1.368854e-12,1.368854e-12,1.368854e-12,1.368854e-12,1.368854e-12,1.368854e-12,1.368854e-12,
4.000000,128,128,2048,ZGEMM3m,4.784566e-10,4.784566e-10,4.784566e-10,4.784566e-10,4.784566e-10,4.784566e-10,4.784566e-10,4.784566e-10,4.784566e-10,4.784566e-10,4.784566e-10,4.784566e-10,
4.000000,128,128,2048,OS1-7,3.829042e-08,3.829042e-08,3.829042e-08,3.829042e-08,3.829042e-08,3.829042e-08,3.829042e-08,3.829042e-08,3.829042e-08,3.829042e-08,3.829042e-08,3.829042e-08,
4.000000,128,128,2048,OS1-11,3.175253e-13,3.175253e-13,3.175253e-13,3.175253e-13,3.175253e-13,3.175253e-13,3.175253e-13,3.175253e-13,3.175253e-13,3.175253e-13,3.175253e-13,3.175253e-13,
4.000000,128,128,2048,OS2-i8-fast,1.000000e+00,2.224581e+00,5.851407e+02,1.076040e+03,2.859290e+06,3.031736e+07,4.954416e+09,6.520361e+10,1.478801e+12,9.726620e+12,2.017916e+12,1.962507e+13,
4.000000,128,128,2048,OS2-i8-accu,1.235875e-02,6.447646e-04,6.885686e-05,6.269480e-06,3.082024e-07,2.473327e-08,1.262481e-09,9.727437e-11,1.189434e-11,7.083874e-13,4.966054e-14,3.260669e-15,
4.000000,128,128,2048,OS2-f8-fast,4.877840e+02,3.203615e+02,2.638749e+06,3.489326e+08,3.567701e+10,7.443865e+11,1.083018e+14,2.139978e+14,4.765524e+13,2.462493e+14,5.416461e+13,7.959682e+13,
4.000000,128,128,2048,OS2-f8-accu,4.148092e-05,1.403071e-06,5.122634e-08,2.434876e-09,1.063825e-10,7.094268e-12,4.718164e-13,9.863493e-15,4.917429e-16,2.174673e-16,2.163351e-16,2.095394e-16,
4.000000,128,128,4096,ZGEMM,3.510038e-11,3.510038e-11,3.510038e-11,3.510038e-11,3.510038e-11,3.510038e-11,3.510038e-11,3.510038e-11,3.510038e-11,3.510038e-11,3.510038e-11,3.510038e-11,
4.000000,128,128,4096,ZGEMM3m,3.694576e-09,3.694576e-09,3.694576e-09,3.694576e-09,3.694576e-09,3.694576e-09,3.694576e-09,3.694576e-09,3.694576e-09,3.694576e-09,3.694576e-09,3.694576e-09,
4.000000,128,128,4096,OS1-7,2.737166e-08,2.737166e-08,2.737166e-08,2.737166e-08,2.737166e-08,2.737166e-08,2.737166e-08,2.737166e-08,2.737166e-08,2.737166e-08,2.737166e-08,2.737166e-08,
4.000000,128,128,4096,OS1-11,2.007034e-12,2.007034e-12,2.007034e-12,2.007034e-12,2.007034e-12,2.007034e-12,2.007034e-12,2.007034e-12,2.007034e-12,2.007034e-12,2.007034e-12,2.007034e-12,
4.000000,128,128,4096,OS2-i8-fast,1.000000e+00,1.000000e+00,3.385474e+00,1.493898e+02,7.340601e+06,1.831670e+08,6.166388e+09,1.662382e+12,1.403253e+13,1.035641e+14,9.413564e+15,1.249116e+16,
4.000000,128,128,4096,OS2-i8-accu,5.925864e-01,3.743426e-02,6.544496e-03,4.043826e-04,3.190417e-05,4.224113e-06,2.039077e-07,3.880027e-09,5.993098e-10,5.280949e-11,4.234502e-12,2.054630e-13,
4.000000,128,128,4096,OS2-f8-fast,4.180632e+00,2.796399e+00,9.787465e+06,4.472964e+10,1.343535e+11,1.292292e+14,1.750164e+15,1.429679e+17,8.165764e+15,1.684514e+17,1.984389e+16,3.633578e+16,
4.000000,128,128,4096,OS2-f8-accu,5.776606e-03,1.642960e-04,1.551463e-05,5.897102e-07,3.836947e-09,6.477944e-10,1.769063e-11,8.655314e-13,6.744754e-14,3.757833e-15,4.206171e-16,1.306955e-15,
4.000000,128,128,8192,ZGEMM,9.247267e-11,9.247267e-11,9.247267e-11,9.247267e-11,9.247267e-11,9.247267e-11,9.247267e-11,9.247267e-11,9.247267e-11,9.247267e-11,9.247267e-11,9.247267e-11,
4.000000,128,128,8192,ZGEMM3m,4.892613e-10,4.892613e-10,4.892613e-10,4.892613e-10,4.892613e-10,4.892613e-10,4.892613e-10,4.892613e-10,4.892613e-10,4.892613e-10,4.892613e-10,4.892613e-10,
4.000000,128,128,8192,OS1-7,6.971506e-08,6.971506e-08,6.971506e-08,6.971506e-08,6.971506e-08,6.971506e-08,6.971506e-08,6.971506e-08,6.971506e-08,6.971506e-08,6.971506e-08,6.971506e-08,
4.000000,128,128,8192,OS1-11,1.293713e-11,1.293713e-11,1.293713e-11,1.293713e-11,1.293713e-11,1.293713e-11,1.293713e-11,1.293713e-11,1.293713e-11,1.293713e-11,1.293713e-11,1.293713e-11,
4.000000,128,128,8192,OS2-i8-fast,1.000000e+00,1.000000e+00,1.000000e+00,1.407815e+01,7.951987e+05,2.157373e+09,2.815213e+11,6.653799e+11,4.314737e+12,5.874787e+14,5.963045e+15,9.295828e+15,
4.000000,128,128,8192,OS2-i8-accu,8.492710e-02,1.638901e-02,1.023103e-03,1.451748e-04,5.430471e-06,1.606568e-07,2.301155e-08,9.513569e-10,2.154984e-10,7.605184e-12,5.815777e-13,1.162422e-14,
4.000000,128,128,8192,OS2-f8-fast,1.000000e+00,1.000000e+00,3.786657e+06,1.407614e+10,1.617248e+13,1.407556e+13,1.949015e+15,4.472019e+16,1.035279e+17,3.160676e+16,5.452208e+16,1.154896e+17,
4.000000,128,128,8192,OS2-f8-accu,1.294034e-04,5.911192e-06,1.257016e-07,2.301155e-08,2.711976e-10,4.938154e-11,1.002557e-12,1.448584e-14,1.178015e-15,2.145688e-16,2.129914e-16,2.134302e-16,
4.000000,128,128,16384,ZGEMM,3.839878e-12,3.839878e-12,3.839878e-12,3.839878e-12,3.839878e-12,3.839878e-12,3.839878e-12,3.839878e-12,3.839878e-12,3.839878e-12,3.839878e-12,3.839878e-12,
4.000000,128,128,16384,ZGEMM3m,5.902725e-10,5.902725e-10,5.902725e-10,5.902725e-10,5.902725e-10,5.902725e-10,5.902725e-10,5.902725e-10,5.902725e-10,5.902725e-10,5.902725e-10,5.902725e-10,
4.000000,128,128,16384,OS1-7,1.752748e-06,1.752748e-06,1.752748e-06,1.752748e-06,1.752748e-06,1.752748e-06,1.752748e-06,1.752748e-06,1.752748e-06,1.752748e-06,1.752748e-06,1.752748e-06,
4.000000,128,128,16384,OS1-11,5.359420e-13,5.359420e-13,5.359420e-13,5.359420e-13,5.359420e-13,5.359420e-13,5.359420e-13,5.359420e-13,5.359420e-13,5.359420e-13,5.359420e-13,5.359420e-13,
4.000000,128,128,16384,OS2-i8-fast,1.000000e+00,1.000000e+00,1.000000e+00,1.396148e+01,1.762824e+05,1.679057e+08,4.162109e+10,5.647667e+12,5.665129e+13,1.107784e+16,2.888791e+17,1.654039e+19,
4.000000,128,128,16384,OS2-i8-accu,5.548995e-01,3.525527e-02,1.485671e-03,1.234461e-04,9.420785e-06,6.288616e-07,9.301963e-08,3.612530e-09,3.380657e-10,9.352648e-12,2.164197e-12,1.258085e-13,
4.000000,128,128,16384,OS2-f8-fast,1.000000e+00,1.000000e+00,1.604697e+05,1.121912e+09,4.279226e+11,1.287485e+14,9.163708e+15,1.468667e+18,1.474843e+20,3.357835e+20,1.399635e+20,2.264249e+21,
4.000000,128,128,16384,OS2-f8-accu,5.619782e-04,1.993996e-05,9.542725e-07,1.474845e-08,2.260372e-09,2.614803e-11,2.581362e-12,8.898888e-14,3.956487e-15,2.147087e-16,2.119082e-16,2.127857e-16,
4.000000,128,128,32768,ZGEMM,2.491304e-11,2.491304e-11,2.491304e-11,2.491304e-11,2.491304e-11,2.491304e-11,2.491304e-11,2.491304e-11,2.491304e-11,2.491304e-11,2.491304e-11,2.491304e-11,
4.000000,128,128,32768,ZGEMM3m,1.261169e-10,1.261169e-10,1.261169e-10,1.261169e-10,1.261169e-10,1.261169e-10,1.261169e-10,1.261169e-10,1.261169e-10,1.261169e-10,1.261169e-10,1.261169e-10,
4.000000,128,128,32768,OS1-7,2.510676e-07,2.510676e-07,2.510676e-07,2.510676e-07,2.510676e-07,2.510676e-07,2.510676e-07,2.510676e-07,2.510676e-07,2.510676e-07,2.510676e-07,2.510676e-07,
4.000000,128,128,32768,OS1-11,3.756063e-12,3.756063e-12,3.756063e-12,3.756063e-12,3.756063e-12,3.756063e-12,3.756063e-12,3.756063e-12,3.756063e-12,3.756063e-12,3.756063e-12,3.756063e-12,
4.000000,128,128,32768,OS2-i8-fast,1.000000e+00,1.000000e+00,1.000000e+00,1.000000e+00,4.753665e+03,3.108854e+08,1.059962e+12,1.805030e+13,1.218616e+15,6.720535e+16,8.664984e+17,5.532478e+19,
4.000000,128,128,32768,OS2-i8-accu,3.437752e-01,3.651088e-02,1.811795e-03,3.100974e-04,1.883839e-05,8.405220e-07,6.683293e-08,8.894089e-09,4.204205e-10,3.934905e-11,1.736782e-12,2.863353e-13,
4.000000,128,128,32768,OS2-f8-fast,1.000000e+00,1.000000e+00,6.335887e+03,2.716198e+09,5.255508e+12,4.209165e+14,2.705230e+16,4.207981e+18,7.173944e+19,9.704272e+20,2.055443e+20,1.247677e+21,
4.000000,128,128,32768,OS2-f8-accu,2.281609e-04,5.357249e-06,4.144689e-07,1.085566e-08,1.041560e-09,6.579238e-11,1.115617e-12,5.124028e-14,1.122486e-15,2.162688e-16,2.171750e-16,2.116963e-16,
4.000000,128,128,65536,ZGEMM,5.354943e-11,5.354943e-11,5.354943e-11,5.354943e-11,5.354943e-11,5.354943e-11,5.354943e-11,5.354943e-11,5.354943e-11,5.354943e-11,5.354943e-11,5.354943e-11,
4.000000,128,128,65536,ZGEMM3m,7.789677e-10,7.789677e-10,7.789677e-10,7.789677e-10,7.789677e-10,7.789677e-10,7.789677e-10,7.789677e-10,7.789677e-10,7.789677e-10,7.789677e-10,7.789677e-10,
4.000000,128,128,65536,OS1-7,4.226960e-06,4.226960e-06,4.226960e-06,4.226960e-06,4.226960e-06,4.226960e-06,4.226960e-06,4.226960e-06,4.226960e-06,4.226960e-06,4.226960e-06,4.226960e-06,
4.000000,128,128,65536,OS1-11,1.454866e-12,1.454866e-12,1.454866e-12,1.454866e-12,1.454866e-12,1.454866e-12,1.454866e-12,1.454866e-12,1.454866e-12,1.454866e-12,1.454866e-12,1.454866e-12,
4.000000,128,128,65536,OS2-i8-fast,1.000000e+00,1.000000e+00,1.000000e+00,1.000000e+00,3.011438e+03,3.520575e+07,1.348981e+11,1.543470e+13,1.406019e+15,2.953850e+17,2.151220e+18,3.124862e+19,
4.000000,128,128,65536,OS2-i8-accu,3.078579e+01,2.041913e+00,1.221658e-01,2.065712e-02,7.558463e-05,5.344584e-05,5.790748e-06,4.038043e-07,2.860445e-08,2.344855e-10,8.565467e-11,1.208479e-11,
4.000000,128,128,65536,OS2-f8-fast,1.000000e+00,1.000000e+00,4.715306e+03,9.364640e+08,5.767614e+12,5.465277e+14,3.796962e+17,3.720784e+18,4.099272e+20,4.572432e+20,9.390230e+19,2.721661e+20,
4.000000,128,128,65536,OS2-f8-accu,6.643840e-03,1.261290e-04,1.272057e-05,4.600567e-07,1.974178e-08,3.250377e-10,2.037317e-11,1.509052e-12,1.034181e-13,4.172614e-15,2.105428e-16,2.159504e-16,
