phi,m,n,k,function,TFLOPS,total_time[sec],scaling,low_prec_gemm,mod_hi2mid,undo_scaling
-1,1024,1024,1024,OS2-i8-fast-12,19 ,4.58E-04,6.92E-05,2.75E-04,7.25E-05,1.64E-05
-1,1024,1024,1024,OS2-i8-fast-13,18 ,4.67E-04,7.24E-05,2.79E-04,7.44E-05,1.64E-05
-1,1024,1024,1024,OS2-i8-fast-14,18 ,4.77E-04,7.61E-05,2.82E-04,7.73E-05,1.64E-05
-1,1024,1024,1024,OS2-i8-fast-15,16 ,5.22E-04,7.94E-05,3.11E-04,8.58E-05,1.85E-05
-1,1024,1024,1024,OS2-i8-fast-16,16 ,5.40E-04,9.48E-05,3.12E-04,8.72E-05,1.84E-05
-1,1024,1024,1024,OS2-i8-accu-12,17 ,5.08E-04,1.18E-04,2.76E-04,7.18E-05,1.64E-05
-1,1024,1024,1024,OS2-i8-accu-13,17 ,5.16E-04,1.21E-04,2.79E-04,7.41E-05,1.64E-05
-1,1024,1024,1024,OS2-i8-accu-14,16 ,5.26E-04,1.25E-04,2.81E-04,7.66E-05,1.64E-05
-1,1024,1024,1024,OS2-i8-accu-15,15 ,5.69E-04,1.29E-04,3.11E-04,8.43E-05,1.85E-05
-1,1024,1024,1024,OS2-i8-accu-16,15 ,5.89E-04,1.46E-04,3.11E-04,8.59E-05,1.84E-05
-1,1024,1024,1024,OS2-f8-fast-12,17 ,5.20E-04,1.36E-04,2.29E-04,1.14E-04,1.64E-05
-1,1024,1024,1024,OS2-f8-fast-13,14 ,6.02E-04,1.83E-04,2.52E-04,1.25E-04,1.64E-05
-1,1024,1024,1024,OS2-f8-fast-14,14 ,6.34E-04,1.96E-04,2.61E-04,1.32E-04,1.84E-05
-1,1024,1024,1024,OS2-f8-fast-15,13 ,6.80E-04,2.10E-04,2.82E-04,1.41E-04,1.84E-05
-1,1024,1024,1024,OS2-f8-fast-16,12 ,7.11E-04,2.24E-04,2.91E-04,1.47E-04,2.05E-05
-1,1024,1024,1024,OS2-f8-accu-12,16 ,5.35E-04,1.50E-04,2.30E-04,1.14E-04,1.64E-05
-1,1024,1024,1024,OS2-f8-accu-13,14 ,6.08E-04,1.88E-04,2.52E-04,1.25E-04,1.64E-05
-1,1024,1024,1024,OS2-f8-accu-14,14 ,6.34E-04,1.98E-04,2.60E-04,1.30E-04,1.84E-05
-1,1024,1024,1024,OS2-f8-accu-15,13 ,6.79E-04,2.10E-04,2.83E-04,1.41E-04,1.84E-05
-1,1024,1024,1024,OS2-f8-accu-16,12 ,7.08E-04,2.24E-04,2.90E-04,1.47E-04,2.05E-05
-1,1024,1024,1024,OS1-7,36 ,2.38E-04,,,,
-1,1024,1024,1024,OS1-11,25 ,3.46E-04,,,,
-1,1024,1024,1024,ZGEMM,33 ,2.58E-04,,,,
-1,1024,1024,1024,ZGEMM3m,42 ,2.07E-04,,,,
-1,1024,1024,2048,OS2-i8-fast-12,30 ,5.69E-04,1.22E-04,3.35E-04,7.13E-05,1.64E-05
-1,1024,1024,2048,OS2-i8-fast-13,30 ,5.80E-04,1.28E-04,3.38E-04,7.27E-05,1.64E-05
-1,1024,1024,2048,OS2-i8-fast-14,29 ,5.95E-04,1.35E-04,3.40E-04,7.72E-05,1.64E-05
-1,1024,1024,2048,OS2-i8-fast-15,27 ,6.48E-04,1.42E-04,3.76E-04,8.40E-05,1.84E-05
-1,1024,1024,2048,OS2-i8-fast-16,25 ,6.89E-04,1.79E-04,3.78E-04,8.57E-05,1.84E-05
-1,1024,1024,2048,OS2-i8-accu-12,27 ,6.25E-04,1.79E-04,3.36E-04,6.94E-05,1.64E-05
-1,1024,1024,2048,OS2-i8-accu-13,27 ,6.38E-04,1.86E-04,3.38E-04,7.28E-05,1.64E-05
-1,1024,1024,2048,OS2-i8-accu-14,26 ,6.51E-04,1.91E-04,3.39E-04,7.73E-05,1.64E-05
-1,1024,1024,2048,OS2-i8-accu-15,24 ,7.04E-04,1.98E-04,3.76E-04,8.39E-05,1.85E-05
-1,1024,1024,2048,OS2-i8-accu-16,23 ,7.47E-04,2.37E-04,3.77E-04,8.64E-05,1.84E-05
-1,1024,1024,2048,OS2-f8-fast-12,25 ,6.80E-04,2.44E-04,2.75E-04,1.20E-04,1.64E-05
-1,1024,1024,2048,OS2-f8-fast-13,21 ,8.04E-04,3.28E-04,3.02E-04,1.32E-04,1.64E-05
-1,1024,1024,2048,OS2-f8-fast-14,20 ,8.54E-04,3.51E-04,3.17E-04,1.41E-04,1.84E-05
-1,1024,1024,2048,OS2-f8-fast-15,19 ,9.13E-04,3.75E-04,3.40E-04,1.52E-04,1.84E-05
-1,1024,1024,2048,OS2-f8-fast-16,18 ,9.62E-04,4.00E-04,3.54E-04,1.59E-04,2.05E-05
-1,1024,1024,2048,OS2-f8-accu-12,25 ,6.84E-04,2.49E-04,2.74E-04,1.19E-04,1.64E-05
-1,1024,1024,2048,OS2-f8-accu-13,21 ,8.02E-04,3.26E-04,3.01E-04,1.32E-04,1.64E-05
-1,1024,1024,2048,OS2-f8-accu-14,20 ,8.47E-04,3.46E-04,3.16E-04,1.40E-04,1.84E-05
-1,1024,1024,2048,OS2-f8-accu-15,19 ,9.01E-04,3.67E-04,3.38E-04,1.50E-04,1.84E-05
-1,1024,1024,2048,OS2-f8-accu-16,18 ,9.47E-04,3.87E-04,3.52E-04,1.58E-04,2.05E-05
-1,1024,1024,2048,OS1-7,43 ,3.95E-04,,,,
-1,1024,1024,2048,OS1-11,28 ,6.10E-04,,,,
-1,1024,1024,2048,ZGEMM,37 ,4.66E-04,,,,
-1,1024,1024,2048,ZGEMM3m,43 ,4.00E-04,,,,
-1,1024,1024,4096,OS2-i8-fast-12,44 ,7.83E-04,2.20E-04,4.50E-04,7.13E-05,1.64E-05
-1,1024,1024,4096,OS2-i8-fast-13,43 ,7.99E-04,2.31E-04,4.52E-04,7.41E-05,1.64E-05
-1,1024,1024,4096,OS2-i8-fast-14,42 ,8.21E-04,2.44E-04,4.55E-04,7.84E-05,1.64E-05
-1,1024,1024,4096,OS2-i8-fast-15,39 ,8.90E-04,2.56E-04,5.03E-04,8.53E-05,1.84E-05
-1,1024,1024,4096,OS2-i8-fast-16,36 ,9.61E-04,3.20E-04,5.07E-04,8.81E-05,1.84E-05
-1,1024,1024,4096,OS2-i8-accu-12,41 ,8.48E-04,2.87E-04,4.48E-04,7.02E-05,1.64E-05
-1,1024,1024,4096,OS2-i8-accu-13,40 ,8.66E-04,2.99E-04,4.51E-04,7.33E-05,1.64E-05
-1,1024,1024,4096,OS2-i8-accu-14,39 ,8.84E-04,3.10E-04,4.53E-04,7.75E-05,1.64E-05
-1,1024,1024,4096,OS2-i8-accu-15,36 ,9.54E-04,3.22E-04,5.02E-04,8.41E-05,1.85E-05
-1,1024,1024,4096,OS2-i8-accu-16,33 ,1.03E-03,3.92E-04,5.05E-04,8.71E-05,1.84E-05
-1,1024,1024,4096,OS2-f8-fast-12,33 ,1.03E-03,4.53E-04,4.07E-04,1.28E-04,1.64E-05
-1,1024,1024,4096,OS2-f8-fast-13,28 ,1.23E-03,6.08E-04,4.44E-04,1.39E-04,1.64E-05
-1,1024,1024,4096,OS2-f8-fast-14,26 ,1.31E-03,6.50E-04,4.69E-04,1.49E-04,1.84E-05
-1,1024,1024,4096,OS2-f8-fast-15,24 ,1.40E-03,6.93E-04,5.05E-04,1.61E-04,1.84E-05
-1,1024,1024,4096,OS2-f8-fast-16,23 ,1.49E-03,7.43E-04,5.27E-04,1.70E-04,2.05E-05
-1,1024,1024,4096,OS2-f8-accu-12,34 ,1.02E-03,4.41E-04,4.06E-04,1.28E-04,1.64E-05
-1,1024,1024,4096,OS2-f8-accu-13,28 ,1.22E-03,5.93E-04,4.44E-04,1.39E-04,1.64E-05
-1,1024,1024,4096,OS2-f8-accu-14,27 ,1.29E-03,6.32E-04,4.67E-04,1.49E-04,1.84E-05
-1,1024,1024,4096,OS2-f8-accu-15,25 ,1.38E-03,6.73E-04,5.03E-04,1.59E-04,1.84E-05
-1,1024,1024,4096,OS2-f8-accu-16,24 ,1.46E-03,7.14E-04,5.24E-04,1.68E-04,2.05E-05
-1,1024,1024,4096,OS1-7,44 ,7.86E-04,,,,
-1,1024,1024,4096,OS1-11,27 ,1.26E-03,,,,
-1,1024,1024,4096,ZGEMM,37 ,9.20E-04,,,,
-1,1024,1024,4096,ZGEMM3m,43 ,7.92E-04,,,,
-1,1024,1024,8192,OS2-i8-fast-12,58 ,1.19E-03,4.09E-04,6.73E-04,7.16E-05,1.64E-05
-1,1024,1024,8192,OS2-i8-fast-13,56 ,1.23E-03,4.32E-04,6.79E-04,7.50E-05,1.64E-05
-1,1024,1024,8192,OS2-i8-fast-14,55 ,1.26E-03,4.55E-04,6.82E-04,7.91E-05,1.64E-05
-1,1024,1024,8192,OS2-i8-fast-15,50 ,1.37E-03,4.81E-04,7.57E-04,8.53E-05,1.84E-05
-1,1024,1024,8192,OS2-i8-fast-16,45 ,1.52E-03,6.21E-04,7.62E-04,9.04E-05,1.84E-05
-1,1024,1024,8192,OS2-i8-accu-12,53 ,1.30E-03,5.10E-04,6.72E-04,7.08E-05,1.64E-05
-1,1024,1024,8192,OS2-i8-accu-13,52 ,1.33E-03,5.32E-04,6.77E-04,7.54E-05,1.64E-05
-1,1024,1024,8192,OS2-i8-accu-14,51 ,1.36E-03,5.53E-04,6.80E-04,7.95E-05,1.64E-05
-1,1024,1024,8192,OS2-i8-accu-15,47 ,1.46E-03,5.77E-04,7.55E-04,8.64E-05,1.84E-05
-1,1024,1024,8192,OS2-i8-accu-16,43 ,1.61E-03,7.12E-04,7.59E-04,9.10E-05,1.84E-05
-1,1024,1024,8192,OS2-f8-fast-12,40 ,1.72E-03,8.82E-04,6.65E-04,1.33E-04,1.64E-05
-1,1024,1024,8192,OS2-f8-fast-13,33 ,2.09E-03,1.18E-03,7.24E-04,1.46E-04,1.64E-05
-1,1024,1024,8192,OS2-f8-fast-14,31 ,2.25E-03,1.27E-03,7.74E-04,1.57E-04,1.84E-05
-1,1024,1024,8192,OS2-f8-fast-15,29 ,2.41E-03,1.36E-03,8.30E-04,1.71E-04,1.84E-05
-1,1024,1024,8192,OS2-f8-fast-16,27 ,2.57E-03,1.46E-03,8.78E-04,1.81E-04,1.84E-05
-1,1024,1024,8192,OS2-f8-accu-12,41 ,1.66E-03,8.25E-04,6.62E-04,1.34E-04,1.64E-05
-1,1024,1024,8192,OS2-f8-accu-13,34 ,2.01E-03,1.12E-03,7.02E-04,1.42E-04,1.64E-05
-1,1024,1024,8192,OS2-f8-accu-14,32 ,2.15E-03,1.20E-03,7.47E-04,1.53E-04,1.66E-05
-1,1024,1024,8192,OS2-f8-accu-15,30 ,2.33E-03,1.29E-03,8.22E-04,1.70E-04,1.84E-05
-1,1024,1024,8192,OS2-f8-accu-16,28 ,2.47E-03,1.37E-03,8.69E-04,1.81E-04,1.84E-05
-1,1024,1024,8192,OS1-7,42 ,1.63E-03,,,,
-1,1024,1024,8192,OS1-11,27 ,2.57E-03,,,,
-1,1024,1024,8192,ZGEMM,38 ,1.82E-03,,,,
-1,1024,1024,8192,ZGEMM3m,44 ,1.57E-03,,,,
-1,1024,1024,16384,OS2-i8-fast-12,68 ,2.03E-03,8.01E-04,1.12E-03,7.21E-05,1.64E-05
-1,1024,1024,16384,OS2-i8-fast-13,66 ,2.09E-03,8.47E-04,1.13E-03,7.64E-05,1.64E-05
-1,1024,1024,16384,OS2-i8-fast-14,64 ,2.15E-03,8.92E-04,1.13E-03,8.02E-05,1.64E-05
-1,1024,1024,16384,OS2-i8-fast-15,59 ,2.34E-03,9.50E-04,1.26E-03,8.67E-05,1.84E-05
-1,1024,1024,16384,OS2-i8-fast-16,52 ,2.63E-03,1.23E-03,1.26E-03,9.19E-05,1.84E-05
-1,1024,1024,16384,OS2-i8-accu-12,63 ,2.18E-03,9.44E-04,1.12E-03,7.28E-05,1.64E-05
-1,1024,1024,16384,OS2-i8-accu-13,62 ,2.23E-03,9.85E-04,1.13E-03,7.69E-05,1.64E-05
-1,1024,1024,16384,OS2-i8-accu-14,60 ,2.28E-03,1.03E-03,1.13E-03,8.07E-05,1.64E-05
-1,1024,1024,16384,OS2-i8-accu-15,56 ,2.46E-03,1.07E-03,1.25E-03,8.74E-05,1.84E-05
-1,1024,1024,16384,OS2-i8-accu-16,50 ,2.74E-03,1.34E-03,1.26E-03,9.26E-05,1.84E-05
-1,1024,1024,16384,OS2-f8-fast-12,43 ,3.21E-03,1.82E-03,1.22E-03,1.23E-04,1.64E-05
-1,1024,1024,16384,OS2-f8-fast-13,35 ,3.88E-03,2.38E-03,1.33E-03,1.34E-04,1.64E-05
-1,1024,1024,16384,OS2-f8-fast-14,33 ,4.17E-03,2.57E-03,1.42E-03,1.42E-04,1.85E-05
-1,1024,1024,16384,OS2-f8-fast-15,30 ,4.51E-03,2.78E-03,1.53E-03,1.52E-04,1.84E-05
-1,1024,1024,16384,OS2-f8-fast-16,29 ,4.82E-03,2.99E-03,1.62E-03,1.61E-04,2.05E-05
-1,1024,1024,16384,OS2-f8-accu-12,47 ,2.95E-03,1.61E-03,1.18E-03,1.23E-04,1.64E-05
-1,1024,1024,16384,OS2-f8-accu-13,38 ,3.65E-03,2.19E-03,1.28E-03,1.34E-04,1.64E-05
-1,1024,1024,16384,OS2-f8-accu-14,35 ,3.98E-03,2.36E-03,1.43E-03,1.43E-04,1.84E-05
-1,1024,1024,16384,OS2-f8-accu-15,32 ,4.28E-03,2.55E-03,1.53E-03,1.54E-04,1.84E-05
-1,1024,1024,16384,OS2-f8-accu-16,31 ,4.50E-03,2.73E-03,1.57E-03,1.61E-04,2.05E-05
-1,1024,1024,16384,OS1-7,58 ,2.38E-03,,,,
-1,1024,1024,16384,OS1-11,32 ,4.33E-03,,,,
-1,1024,1024,16384,ZGEMM,38 ,3.63E-03,,,,
-1,1024,1024,16384,ZGEMM3m,45 ,3.08E-03,,,,
-1,1024,1024,32768,OS2-i8-fast-12,74 ,3.69E-03,1.56E-03,2.01E-03,7.91E-05,1.64E-05
-1,1024,1024,32768,OS2-i8-fast-13,72 ,3.81E-03,1.66E-03,2.02E-03,8.40E-05,1.64E-05
-1,1024,1024,32768,OS2-i8-fast-14,70 ,3.90E-03,1.74E-03,2.03E-03,8.71E-05,1.64E-05
-1,1024,1024,32768,OS2-i8-fast-15,65 ,4.26E-03,1.87E-03,2.25E-03,9.31E-05,1.84E-05
-1,1024,1024,32768,OS2-i8-fast-16,57 ,4.82E-03,2.41E-03,2.26E-03,9.93E-05,1.84E-05
-1,1024,1024,32768,OS2-i8-accu-12,70 ,3.93E-03,1.81E-03,2.00E-03,7.84E-05,1.64E-05
-1,1024,1024,32768,OS2-i8-accu-13,68 ,4.04E-03,1.89E-03,2.02E-03,8.44E-05,1.64E-05
-1,1024,1024,32768,OS2-i8-accu-14,67 ,4.13E-03,1.97E-03,2.02E-03,8.61E-05,1.64E-05
-1,1024,1024,32768,OS2-i8-accu-15,62 ,4.46E-03,2.07E-03,2.24E-03,9.38E-05,1.84E-05
-1,1024,1024,32768,OS2-i8-accu-16,55 ,5.00E-03,2.59E-03,2.26E-03,9.97E-05,1.84E-05
-1,1024,1024,32768,OS2-f8-fast-12,44 ,6.19E-03,3.76E-03,2.25E-03,1.24E-04,1.64E-05
-1,1024,1024,32768,OS2-f8-fast-13,37 ,7.37E-03,4.75E-03,2.44E-03,1.34E-04,1.64E-05
-1,1024,1024,32768,OS2-f8-fast-14,34 ,8.01E-03,5.20E-03,2.62E-03,1.43E-04,1.85E-05
-1,1024,1024,32768,OS2-f8-fast-15,32 ,8.64E-03,5.62E-03,2.82E-03,1.53E-04,1.84E-05
-1,1024,1024,32768,OS2-f8-fast-16,30 ,9.20E-03,6.01E-03,2.99E-03,1.62E-04,1.84E-05
-1,1024,1024,32768,OS2-f8-accu-12,49 ,5.57E-03,3.23E-03,2.18E-03,1.23E-04,1.64E-05
-1,1024,1024,32768,OS2-f8-accu-13,40 ,6.85E-03,4.30E-03,2.37E-03,1.33E-04,1.64E-05
-1,1024,1024,32768,OS2-f8-accu-14,37 ,7.42E-03,4.70E-03,2.53E-03,1.43E-04,1.84E-05
-1,1024,1024,32768,OS2-f8-accu-15,34 ,7.97E-03,5.07E-03,2.71E-03,1.53E-04,1.84E-05
-1,1024,1024,32768,OS2-f8-accu-16,32 ,8.50E-03,5.42E-03,2.88E-03,1.61E-04,1.84E-05
-1,1024,1024,32768,OS1-7,64 ,4.30E-03,,,,
-1,1024,1024,32768,OS1-11,33 ,8.43E-03,,,,
-1,1024,1024,32768,ZGEMM,38 ,7.23E-03,,,,
-1,1024,1024,32768,ZGEMM3m,45 ,6.11E-03,,,,
-1,1024,1024,65536,OS2-i8-fast-12,79 ,6.98E-03,3.07E-03,3.79E-03,8.22E-05,1.64E-05
-1,1024,1024,65536,OS2-i8-fast-13,76 ,7.20E-03,3.26E-03,3.81E-03,8.58E-05,1.64E-05
-1,1024,1024,65536,OS2-i8-fast-14,74 ,7.38E-03,3.43E-03,3.82E-03,8.68E-05,1.64E-05
-1,1024,1024,65536,OS2-i8-fast-15,68 ,8.08E-03,3.70E-03,4.24E-03,9.80E-05,1.84E-05
-1,1024,1024,65536,OS2-i8-fast-16,60 ,9.18E-03,4.77E-03,4.26E-03,1.01E-04,1.84E-05
-1,1024,1024,65536,OS2-i8-accu-12,74 ,7.44E-03,3.54E-03,3.78E-03,8.33E-05,1.64E-05
-1,1024,1024,65536,OS2-i8-accu-13,72 ,7.64E-03,3.71E-03,3.81E-03,8.59E-05,1.64E-05
-1,1024,1024,65536,OS2-i8-accu-14,70 ,7.82E-03,3.87E-03,3.82E-03,8.77E-05,1.64E-05
-1,1024,1024,65536,OS2-i8-accu-15,65 ,8.44E-03,4.06E-03,4.23E-03,9.65E-05,1.84E-05
-1,1024,1024,65536,OS2-i8-accu-16,58 ,9.50E-03,5.10E-03,4.25E-03,1.01E-04,1.84E-05
-1,1024,1024,65536,OS2-f8-fast-12,46 ,1.20E-02,7.59E-03,4.25E-03,1.25E-04,1.64E-05
-1,1024,1024,65536,OS2-f8-fast-13,39 ,1.42E-02,9.41E-03,4.63E-03,1.35E-04,1.64E-05
-1,1024,1024,65536,OS2-f8-fast-14,36 ,1.55E-02,1.04E-02,4.92E-03,1.44E-04,1.84E-05
-1,1024,1024,65536,OS2-f8-fast-15,33 ,1.67E-02,1.12E-02,5.36E-03,1.56E-04,1.85E-05
-1,1024,1024,65536,OS2-f8-fast-16,31 ,1.78E-02,1.19E-02,5.65E-03,1.63E-04,1.84E-05
-1,1024,1024,65536,OS2-f8-accu-12,51 ,1.09E-02,6.47E-03,4.21E-03,1.24E-04,1.64E-05
-1,1024,1024,65536,OS2-f8-accu-13,42 ,1.32E-02,8.53E-03,4.52E-03,1.35E-04,1.64E-05
-1,1024,1024,65536,OS2-f8-accu-14,38 ,1.44E-02,9.37E-03,4.83E-03,1.43E-04,1.85E-05
-1,1024,1024,65536,OS2-f8-accu-15,36 ,1.54E-02,1.01E-02,5.16E-03,1.53E-04,1.85E-05
-1,1024,1024,65536,OS2-f8-accu-16,33 ,1.65E-02,1.08E-02,5.49E-03,1.62E-04,1.84E-05
-1,1024,1024,65536,OS1-7,66 ,8.29E-03,,,,
-1,1024,1024,65536,OS1-11,34 ,1.63E-02,,,,
-1,1024,1024,65536,ZGEMM,38 ,1.44E-02,,,,
-1,1024,1024,65536,ZGEMM3m,45 ,1.22E-02,,,,
-1,2048,2048,1024,OS2-i8-fast-12,52 ,6.65E-04,1.24E-04,3.35E-04,1.35E-04,4.51E-05
-1,2048,2048,1024,OS2-i8-fast-13,49 ,6.97E-04,1.30E-04,3.44E-04,1.50E-04,4.71E-05
-1,2048,2048,1024,OS2-i8-fast-14,47 ,7.28E-04,1.36E-04,3.57E-04,1.59E-04,4.92E-05
-1,2048,2048,1024,OS2-i8-fast-15,44 ,7.87E-04,1.44E-04,3.91E-04,1.73E-04,5.12E-05
-1,2048,2048,1024,OS2-i8-fast-16,41 ,8.45E-04,1.79E-04,4.01E-04,1.83E-04,5.32E-05
-1,2048,2048,1024,OS2-i8-accu-12,47 ,7.31E-04,1.92E-04,3.34E-04,1.35E-04,4.51E-05
-1,2048,2048,1024,OS2-i8-accu-13,45 ,7.64E-04,1.99E-04,3.42E-04,1.49E-04,4.71E-05
-1,2048,2048,1024,OS2-i8-accu-14,43 ,7.96E-04,2.04E-04,3.58E-04,1.59E-04,4.92E-05
-1,2048,2048,1024,OS2-i8-accu-15,40 ,8.51E-04,2.10E-04,3.89E-04,1.72E-04,5.12E-05
-1,2048,2048,1024,OS2-i8-accu-16,37 ,9.19E-04,2.52E-04,4.01E-04,1.83E-04,5.32E-05
-1,2048,2048,1024,OS2-f8-fast-12,28 ,1.23E-03,2.55E-04,5.32E-04,3.71E-04,4.71E-05
-1,2048,2048,1024,OS2-f8-fast-13,25 ,1.40E-03,3.38E-04,5.79E-04,4.04E-04,4.92E-05
-1,2048,2048,1024,OS2-f8-fast-14,23 ,1.49E-03,3.61E-04,6.11E-04,4.38E-04,4.91E-05
-1,2048,2048,1024,OS2-f8-fast-15,22 ,1.59E-03,3.86E-04,6.59E-04,4.69E-04,5.13E-05
-1,2048,2048,1024,OS2-f8-fast-16,20 ,1.69E-03,4.12E-04,6.90E-04,5.01E-04,5.53E-05
-1,2048,2048,1024,OS2-f8-accu-12,28 ,1.24E-03,2.68E-04,5.29E-04,3.72E-04,4.71E-05
-1,2048,2048,1024,OS2-f8-accu-13,25 ,1.40E-03,3.47E-04,5.76E-04,4.04E-04,4.86E-05
-1,2048,2048,1024,OS2-f8-accu-14,23 ,1.49E-03,3.67E-04,6.09E-04,4.38E-04,4.91E-05
-1,2048,2048,1024,OS2-f8-accu-15,22 ,1.59E-03,3.88E-04,6.55E-04,4.70E-04,5.13E-05
-1,2048,2048,1024,OS2-f8-accu-16,20 ,1.68E-03,4.09E-04,6.87E-04,5.01E-04,5.53E-05
-1,2048,2048,1024,OS1-7,55 ,6.21E-04,,,,
-1,2048,2048,1024,OS1-11,34 ,1.02E-03,,,,
-1,2048,2048,1024,ZGEMM,37 ,9.20E-04,,,,
-1,2048,2048,1024,ZGEMM3m,44 ,7.83E-04,,,,
-1,2048,2048,2048,OS2-i8-fast-12,80 ,8.57E-04,2.23E-04,4.24E-04,1.41E-04,4.51E-05
-1,2048,2048,2048,OS2-i8-fast-13,77 ,8.98E-04,2.34E-04,4.43E-04,1.48E-04,4.71E-05
-1,2048,2048,2048,OS2-i8-fast-14,73 ,9.45E-04,2.46E-04,4.62E-04,1.62E-04,4.92E-05
-1,2048,2048,2048,OS2-i8-fast-15,68 ,1.01E-03,2.57E-04,5.00E-04,1.75E-04,5.12E-05
-1,2048,2048,2048,OS2-i8-fast-16,62 ,1.11E-03,3.20E-04,5.20E-04,1.87E-04,5.53E-05
-1,2048,2048,2048,OS2-i8-accu-12,74 ,9.26E-04,2.96E-04,4.21E-04,1.39E-04,4.51E-05
-1,2048,2048,2048,OS2-i8-accu-13,71 ,9.73E-04,3.09E-04,4.43E-04,1.49E-04,4.71E-05
-1,2048,2048,2048,OS2-i8-accu-14,68 ,1.01E-03,3.17E-04,4.58E-04,1.62E-04,4.92E-05
-1,2048,2048,2048,OS2-i8-accu-15,64 ,1.08E-03,3.30E-04,4.98E-04,1.74E-04,5.12E-05
-1,2048,2048,2048,OS2-i8-accu-16,58 ,1.19E-03,4.00E-04,5.18E-04,1.87E-04,5.53E-05
-1,2048,2048,2048,OS2-f8-fast-12,42 ,1.62E-03,4.66E-04,7.06E-04,3.80E-04,4.50E-05
-1,2048,2048,2048,OS2-f8-fast-13,37 ,1.87E-03,6.20E-04,7.65E-04,4.10E-04,4.71E-05
-1,2048,2048,2048,OS2-f8-fast-14,34 ,2.00E-03,6.61E-04,8.18E-04,4.43E-04,4.92E-05
-1,2048,2048,2048,OS2-f8-fast-15,32 ,2.14E-03,7.05E-04,8.78E-04,4.78E-04,5.12E-05
-1,2048,2048,2048,OS2-f8-fast-16,30 ,2.26E-03,7.51E-04,9.27E-04,5.03E-04,5.53E-05
-1,2048,2048,2048,OS2-f8-accu-12,43 ,1.61E-03,4.62E-04,6.99E-04,3.80E-04,4.51E-05
-1,2048,2048,2048,OS2-f8-accu-13,37 ,1.84E-03,6.11E-04,7.48E-04,4.08E-04,4.71E-05
-1,2048,2048,2048,OS2-f8-accu-14,35 ,1.96E-03,6.49E-04,7.96E-04,4.41E-04,4.92E-05
-1,2048,2048,2048,OS2-f8-accu-15,33 ,2.10E-03,6.91E-04,8.52E-04,4.76E-04,5.12E-05
-1,2048,2048,2048,OS2-f8-accu-16,31 ,2.22E-03,7.32E-04,9.05E-04,5.02E-04,5.33E-05
-1,2048,2048,2048,OS1-7,68 ,1.02E-03,,,,
-1,2048,2048,2048,OS1-11,37 ,1.88E-03,,,,
-1,2048,2048,2048,ZGEMM,38 ,1.82E-03,,,,
-1,2048,2048,2048,ZGEMM3m,45 ,1.54E-03,,,,
-1,2048,2048,4096,OS2-i8-fast-12,113 ,1.22E-03,4.07E-04,5.95E-04,1.45E-04,4.51E-05
-1,2048,2048,4096,OS2-i8-fast-13,107 ,1.29E-03,4.27E-04,6.31E-04,1.56E-04,4.71E-05
-1,2048,2048,4096,OS2-i8-fast-14,101 ,1.36E-03,4.50E-04,6.64E-04,1.67E-04,4.71E-05
-1,2048,2048,4096,OS2-i8-fast-15,95 ,1.45E-03,4.73E-04,7.19E-04,1.79E-04,5.12E-05
-1,2048,2048,4096,OS2-i8-fast-16,84 ,1.63E-03,6.02E-04,7.51E-04,1.94E-04,5.32E-05
-1,2048,2048,4096,OS2-i8-accu-12,105 ,1.31E-03,5.05E-04,5.92E-04,1.44E-04,4.51E-05
-1,2048,2048,4096,OS2-i8-accu-13,99 ,1.38E-03,5.26E-04,6.27E-04,1.57E-04,4.71E-05
-1,2048,2048,4096,OS2-i8-accu-14,95 ,1.45E-03,5.45E-04,6.60E-04,1.67E-04,4.71E-05
-1,2048,2048,4096,OS2-i8-accu-15,89 ,1.54E-03,5.70E-04,7.15E-04,1.79E-04,5.12E-05
-1,2048,2048,4096,OS2-i8-accu-16,80 ,1.73E-03,7.05E-04,7.47E-04,1.94E-04,5.32E-05
-1,2048,2048,4096,OS2-f8-fast-12,54 ,2.52E-03,8.86E-04,1.19E-03,3.77E-04,4.50E-05
-1,2048,2048,4096,OS2-f8-fast-13,47 ,2.92E-03,1.17E-03,1.27E-03,4.07E-04,4.71E-05
-1,2048,2048,4096,OS2-f8-fast-14,44 ,3.13E-03,1.25E-03,1.36E-03,4.39E-04,4.92E-05
-1,2048,2048,4096,OS2-f8-fast-15,41 ,3.35E-03,1.33E-03,1.47E-03,4.71E-04,5.12E-05
-1,2048,2048,4096,OS2-f8-fast-16,39 ,3.56E-03,1.43E-03,1.55E-03,5.00E-04,5.32E-05
-1,2048,2048,4096,OS2-f8-accu-12,54 ,2.56E-03,8.85E-04,1.23E-03,3.80E-04,4.50E-05
-1,2048,2048,4096,OS2-f8-accu-13,47 ,2.93E-03,1.16E-03,1.29E-03,4.08E-04,4.71E-05
-1,2048,2048,4096,OS2-f8-accu-14,44 ,3.12E-03,1.23E-03,1.38E-03,4.39E-04,4.92E-05
-1,2048,2048,4096,OS2-f8-accu-15,41 ,3.32E-03,1.31E-03,1.46E-03,4.71E-04,5.12E-05
-1,2048,2048,4096,OS2-f8-accu-16,39 ,3.51E-03,1.38E-03,1.55E-03,5.00E-04,5.32E-05
-1,2048,2048,4096,OS1-7,71 ,1.94E-03,,,,
-1,2048,2048,4096,OS1-11,37 ,3.73E-03,,,,
-1,2048,2048,4096,ZGEMM,39 ,3.56E-03,,,,
-1,2048,2048,4096,ZGEMM3m,45 ,3.05E-03,,,,
-1,2048,2048,8192,OS2-i8-fast-12,143 ,1.92E-03,7.73E-04,9.37E-04,1.44E-04,4.30E-05
-1,2048,2048,8192,OS2-i8-fast-13,134 ,2.05E-03,8.20E-04,1.00E-03,1.57E-04,4.51E-05
-1,2048,2048,8192,OS2-i8-fast-14,126 ,2.17E-03,8.65E-04,1.07E-03,1.68E-04,4.71E-05
-1,2048,2048,8192,OS2-i8-fast-15,118 ,2.32E-03,9.18E-04,1.15E-03,1.81E-04,4.92E-05
-1,2048,2048,8192,OS2-i8-fast-16,103 ,2.67E-03,1.18E-03,1.22E-03,1.94E-04,5.33E-05
-1,2048,2048,8192,OS2-i8-accu-12,133 ,2.06E-03,9.17E-04,9.29E-04,1.45E-04,4.30E-05
-1,2048,2048,8192,OS2-i8-accu-13,127 ,2.16E-03,9.56E-04,9.73E-04,1.57E-04,4.51E-05
-1,2048,2048,8192,OS2-i8-accu-14,121 ,2.27E-03,9.98E-04,1.03E-03,1.68E-04,4.71E-05
-1,2048,2048,8192,OS2-i8-accu-15,114 ,2.42E-03,1.05E-03,1.11E-03,1.80E-04,4.92E-05
-1,2048,2048,8192,OS2-i8-accu-16,100 ,2.76E-03,1.31E-03,1.18E-03,1.93E-04,5.12E-05
-1,2048,2048,8192,OS2-f8-fast-12,62 ,4.46E-03,1.79E-03,2.24E-03,3.69E-04,4.51E-05
-1,2048,2048,8192,OS2-f8-fast-13,53 ,5.17E-03,2.32E-03,2.37E-03,4.00E-04,4.71E-05
-1,2048,2048,8192,OS2-f8-fast-14,49 ,5.60E-03,2.53E-03,2.56E-03,4.27E-04,4.91E-05
-1,2048,2048,8192,OS2-f8-fast-15,46 ,6.00E-03,2.71E-03,2.75E-03,4.58E-04,4.92E-05
-1,2048,2048,8192,OS2-f8-fast-16,43 ,6.44E-03,2.94E-03,2.93E-03,4.86E-04,5.32E-05
-1,2048,2048,8192,OS2-f8-accu-12,60 ,4.55E-03,1.81E-03,2.30E-03,3.73E-04,4.71E-05
-1,2048,2048,8192,OS2-f8-accu-13,53 ,5.20E-03,2.29E-03,2.43E-03,4.01E-04,4.71E-05
-1,2048,2048,8192,OS2-f8-accu-14,50 ,5.54E-03,2.46E-03,2.59E-03,4.29E-04,4.92E-05
-1,2048,2048,8192,OS2-f8-accu-15,46 ,5.93E-03,2.63E-03,2.76E-03,4.60E-04,5.12E-05
-1,2048,2048,8192,OS2-f8-accu-16,44 ,6.26E-03,2.77E-03,2.92E-03,4.86E-04,5.32E-05
-1,2048,2048,8192,OS1-7,73 ,3.76E-03,,,,
-1,2048,2048,8192,OS1-11,36 ,7.56E-03,,,,
-1,2048,2048,8192,ZGEMM,39 ,7.07E-03,,,,
-1,2048,2048,8192,ZGEMM3m,46 ,5.96E-03,,,,
-1,2048,2048,16384,OS2-i8-fast-12,165 ,3.33E-03,1.53E-03,1.59E-03,1.45E-04,4.30E-05
-1,2048,2048,16384,OS2-i8-fast-13,154 ,3.57E-03,1.63E-03,1.72E-03,1.57E-04,4.51E-05
-1,2048,2048,16384,OS2-i8-fast-14,144 ,3.81E-03,1.71E-03,1.86E-03,1.68E-04,4.71E-05
-1,2048,2048,16384,OS2-i8-fast-15,135 ,4.06E-03,1.82E-03,1.98E-03,1.81E-04,4.92E-05
-1,2048,2048,16384,OS2-i8-fast-16,116 ,4.74E-03,2.36E-03,2.10E-03,1.93E-04,5.12E-05
-1,2048,2048,16384,OS2-i8-accu-12,154 ,3.57E-03,1.75E-03,1.60E-03,1.48E-04,4.30E-05
-1,2048,2048,16384,OS2-i8-accu-13,144 ,3.81E-03,1.84E-03,1.75E-03,1.58E-04,4.51E-05
-1,2048,2048,16384,OS2-i8-accu-14,134 ,4.10E-03,1.95E-03,1.91E-03,1.70E-04,4.91E-05
-1,2048,2048,16384,OS2-i8-accu-15,128 ,4.29E-03,2.02E-03,2.01E-03,1.83E-04,4.92E-05
-1,2048,2048,16384,OS2-i8-accu-16,112 ,4.90E-03,2.52E-03,2.10E-03,1.94E-04,5.12E-05
-1,2048,2048,16384,OS2-f8-fast-12,65 ,8.46E-03,3.72E-03,4.29E-03,3.64E-04,4.50E-05
-1,2048,2048,16384,OS2-f8-fast-13,55 ,9.94E-03,4.78E-03,4.66E-03,3.96E-04,4.71E-05
-1,2048,2048,16384,OS2-f8-fast-14,52 ,1.05E-02,5.10E-03,4.91E-03,4.25E-04,4.92E-05
-1,2048,2048,16384,OS2-f8-fast-15,48 ,1.14E-02,5.57E-03,5.29E-03,4.57E-04,5.12E-05
-1,2048,2048,16384,OS2-f8-fast-16,45 ,1.22E-02,5.96E-03,5.63E-03,4.84E-04,5.32E-05
-1,2048,2048,16384,OS2-f8-accu-12,66 ,8.36E-03,3.54E-03,4.39E-03,3.67E-04,4.71E-05
-1,2048,2048,16384,OS2-f8-accu-13,57 ,9.70E-03,4.57E-03,4.67E-03,3.97E-04,4.71E-05
-1,2048,2048,16384,OS2-f8-accu-14,54 ,1.02E-02,4.74E-03,4.94E-03,4.26E-04,4.92E-05
-1,2048,2048,16384,OS2-f8-accu-15,50 ,1.10E-02,5.19E-03,5.29E-03,4.58E-04,5.12E-05
-1,2048,2048,16384,OS2-f8-accu-16,47 ,1.17E-02,5.53E-03,5.62E-03,4.85E-04,5.32E-05
-1,2048,2048,16384,OS1-7,79 ,6.99E-03,,,,
-1,2048,2048,16384,OS1-11,39 ,1.42E-02,,,,
-1,2048,2048,16384,ZGEMM,40 ,1.39E-02,,,,
-1,2048,2048,16384,ZGEMM3m,47 ,1.18E-02,,,,
-1,2048,2048,32768,OS2-i8-fast-12,176 ,6.24E-03,3.05E-03,2.98E-03,1.47E-04,4.30E-05
-1,2048,2048,32768,OS2-i8-fast-13,165 ,6.66E-03,3.23E-03,3.21E-03,1.57E-04,4.51E-05
-1,2048,2048,32768,OS2-i8-fast-14,153 ,7.17E-03,3.42E-03,3.50E-03,1.68E-04,4.71E-05
-1,2048,2048,32768,OS2-i8-fast-15,144 ,7.63E-03,3.65E-03,3.73E-03,1.81E-04,5.12E-05
-1,2048,2048,32768,OS2-i8-fast-16,124 ,8.87E-03,4.70E-03,3.91E-03,1.91E-04,5.12E-05
-1,2048,2048,32768,OS2-i8-accu-12,166 ,6.64E-03,3.43E-03,3.00E-03,1.48E-04,4.30E-05
-1,2048,2048,32768,OS2-i8-accu-13,154 ,7.16E-03,3.64E-03,3.28E-03,1.59E-04,4.71E-05
-1,2048,2048,32768,OS2-i8-accu-14,143 ,7.67E-03,3.87E-03,3.55E-03,1.70E-04,4.92E-05
-1,2048,2048,32768,OS2-i8-accu-15,136 ,8.07E-03,4.02E-03,3.79E-03,1.82E-04,5.12E-05
-1,2048,2048,32768,OS2-i8-accu-16,120 ,9.14E-03,4.95E-03,3.92E-03,1.91E-04,5.12E-05
-1,2048,2048,32768,OS2-f8-fast-12,68 ,1.62E-02,7.61E-03,8.16E-03,3.64E-04,4.51E-05
-1,2048,2048,32768,OS2-f8-fast-13,55 ,2.00E-02,1.06E-02,8.95E-03,4.01E-04,4.92E-05
-1,2048,2048,32768,OS2-f8-fast-14,54 ,2.04E-02,1.04E-02,9.48E-03,4.26E-04,4.71E-05
-1,2048,2048,32768,OS2-f8-fast-15,50 ,2.20E-02,1.13E-02,1.02E-02,4.58E-04,5.12E-05
-1,2048,2048,32768,OS2-f8-fast-16,47 ,2.34E-02,1.20E-02,1.08E-02,4.84E-04,5.32E-05
-1,2048,2048,32768,OS2-f8-accu-12,68 ,1.61E-02,7.32E-03,8.33E-03,3.69E-04,4.71E-05
-1,2048,2048,32768,OS2-f8-accu-13,56 ,1.98E-02,1.02E-02,9.07E-03,4.04E-04,4.92E-05
-1,2048,2048,32768,OS2-f8-accu-14,55 ,2.00E-02,9.96E-03,9.47E-03,4.27E-04,4.92E-05
-1,2048,2048,32768,OS2-f8-accu-15,52 ,2.10E-02,1.03E-02,1.01E-02,4.57E-04,5.12E-05
-1,2048,2048,32768,OS2-f8-accu-16,49 ,2.25E-02,1.11E-02,1.08E-02,4.87E-04,5.32E-05
-1,2048,2048,32768,OS1-7,78 ,1.42E-02,,,,
-1,2048,2048,32768,OS1-11,38 ,2.90E-02,,,,
-1,2048,2048,32768,ZGEMM,40 ,2.78E-02,,,,
-1,2048,2048,32768,ZGEMM3m,47 ,2.34E-02,,,,
-1,2048,2048,65536,OS2-i8-fast-12,183 ,1.20E-02,6.05E-03,5.68E-03,1.47E-04,4.30E-05
-1,2048,2048,65536,OS2-i8-fast-13,169 ,1.30E-02,6.49E-03,6.25E-03,1.57E-04,4.71E-05
-1,2048,2048,65536,OS2-i8-fast-14,158 ,1.39E-02,6.87E-03,6.76E-03,1.68E-04,4.92E-05
-1,2048,2048,65536,OS2-i8-fast-15,147 ,1.49E-02,7.41E-03,7.24E-03,1.82E-04,5.12E-05
-1,2048,2048,65536,OS2-i8-fast-16,128 ,1.72E-02,9.34E-03,7.54E-03,1.90E-04,5.12E-05
-1,2048,2048,65536,OS2-i8-accu-12,169 ,1.30E-02,7.02E-03,5.85E-03,1.50E-04,4.51E-05
-1,2048,2048,65536,OS2-i8-accu-13,157 ,1.40E-02,7.37E-03,6.38E-03,1.60E-04,4.91E-05
-1,2048,2048,65536,OS2-i8-accu-14,149 ,1.48E-02,7.69E-03,6.78E-03,1.69E-04,4.92E-05
-1,2048,2048,65536,OS2-i8-accu-15,138 ,1.60E-02,8.26E-03,7.37E-03,1.84E-04,5.32E-05
-1,2048,2048,65536,OS2-i8-accu-16,124 ,1.78E-02,9.88E-03,7.61E-03,1.91E-04,5.33E-05
-1,2048,2048,65536,OS2-f8-fast-12,69 ,3.20E-02,1.55E-02,1.61E-02,3.67E-04,4.51E-05
-1,2048,2048,65536,OS2-f8-fast-13,57 ,3.85E-02,2.08E-02,1.74E-02,3.97E-04,4.71E-05
-1,2048,2048,65536,OS2-f8-fast-14,53 ,4.12E-02,2.19E-02,1.87E-02,4.27E-04,4.92E-05
-1,2048,2048,65536,OS2-f8-fast-15,48 ,4.56E-02,2.48E-02,2.01E-02,4.57E-04,5.12E-05
-1,2048,2048,65536,OS2-f8-fast-16,44 ,4.96E-02,2.70E-02,2.15E-02,4.85E-04,5.32E-05
-1,2048,2048,65536,OS2-f8-accu-12,69 ,3.16E-02,1.46E-02,1.64E-02,3.72E-04,4.71E-05
-1,2048,2048,65536,OS2-f8-accu-13,60 ,3.67E-02,1.89E-02,1.75E-02,4.00E-04,4.71E-05
-1,2048,2048,65536,OS2-f8-accu-14,55 ,4.00E-02,2.09E-02,1.86E-02,4.26E-04,4.92E-05
-1,2048,2048,65536,OS2-f8-accu-15,51 ,4.33E-02,2.25E-02,2.00E-02,4.59E-04,5.12E-05
-1,2048,2048,65536,OS2-f8-accu-16,47 ,4.71E-02,2.51E-02,2.15E-02,4.86E-04,5.32E-05
-1,2048,2048,65536,OS1-7,77 ,2.84E-02,,,,
-1,2048,2048,65536,OS1-11,37 ,5.90E-02,,,,
-1,2048,2048,65536,ZGEMM,40 ,5.55E-02,,,,
-1,2048,2048,65536,ZGEMM3m,47 ,4.67E-02,,,,
-1,4096,4096,1024,OS2-i8-fast-12,86 ,1.60E-03,2.25E-04,7.29E-04,4.72E-04,1.54E-04
-1,4096,4096,1024,OS2-i8-fast-13,79 ,1.73E-03,2.37E-04,7.97E-04,5.12E-04,1.62E-04
-1,4096,4096,1024,OS2-i8-fast-14,75 ,1.83E-03,2.48E-04,8.37E-04,5.54E-04,1.68E-04
-1,4096,4096,1024,OS2-i8-fast-15,71 ,1.93E-03,2.60E-04,8.79E-04,5.87E-04,1.78E-04
-1,4096,4096,1024,OS2-i8-fast-16,65 ,2.11E-03,3.18E-04,9.50E-04,6.25E-04,1.86E-04
-1,4096,4096,1024,OS2-i8-accu-12,78 ,1.76E-03,3.86E-04,7.27E-04,4.71E-04,1.54E-04
-1,4096,4096,1024,OS2-i8-accu-13,73 ,1.89E-03,3.96E-04,7.94E-04,5.12E-04,1.62E-04
-1,4096,4096,1024,OS2-i8-accu-14,69 ,1.99E-03,4.07E-04,8.34E-04,5.53E-04,1.68E-04
-1,4096,4096,1024,OS2-i8-accu-15,66 ,2.09E-03,4.20E-04,8.76E-04,5.86E-04,1.78E-04
-1,4096,4096,1024,OS2-i8-accu-16,60 ,2.28E-03,4.91E-04,9.45E-04,6.26E-04,1.87E-04
-1,4096,4096,1024,OS2-f8-fast-12,37 ,3.67E-03,4.89E-04,1.72E-03,1.27E-03,1.60E-04
-1,4096,4096,1024,OS2-f8-fast-13,34 ,4.04E-03,6.29E-04,1.85E-03,1.37E-03,1.68E-04
-1,4096,4096,1024,OS2-f8-fast-14,32 ,4.34E-03,6.71E-04,1.99E-03,1.48E-03,1.74E-04
-1,4096,4096,1024,OS2-f8-fast-15,30 ,4.62E-03,7.22E-04,2.11E-03,1.57E-03,1.82E-04
-1,4096,4096,1024,OS2-f8-fast-16,28 ,4.93E-03,7.72E-04,2.26E-03,1.68E-03,1.93E-04
-1,4096,4096,1024,OS2-f8-accu-12,37 ,3.75E-03,5.76E-04,1.71E-03,1.27E-03,1.60E-04
-1,4096,4096,1024,OS2-f8-accu-13,33 ,4.12E-03,7.18E-04,1.84E-03,1.37E-03,1.68E-04
-1,4096,4096,1024,OS2-f8-accu-14,31 ,4.42E-03,7.56E-04,1.98E-03,1.48E-03,1.74E-04
-1,4096,4096,1024,OS2-f8-accu-15,29 ,4.70E-03,8.04E-04,2.11E-03,1.57E-03,1.81E-04
-1,4096,4096,1024,OS2-f8-accu-16,27 ,5.01E-03,8.48E-04,2.25E-03,1.68E-03,1.93E-04
-1,4096,4096,1024,OS1-7,72 ,1.90E-03,,,,
-1,4096,4096,1024,OS1-11,39 ,3.57E-03,,,,
-1,4096,4096,1024,ZGEMM,39 ,3.54E-03,,,,
-1,4096,4096,1024,ZGEMM3m,46 ,2.98E-03,,,,
-1,4096,4096,2048,OS2-i8-fast-12,132 ,2.08E-03,4.06E-04,1.02E-03,4.72E-04,1.54E-04
-1,4096,4096,2048,OS2-i8-fast-13,123 ,2.24E-03,4.28E-04,1.11E-03,5.11E-04,1.63E-04
-1,4096,4096,2048,OS2-i8-fast-14,116 ,2.37E-03,4.50E-04,1.17E-03,5.50E-04,1.68E-04
-1,4096,4096,2048,OS2-i8-fast-15,111 ,2.49E-03,4.73E-04,1.22E-03,5.85E-04,1.78E-04
-1,4096,4096,2048,OS2-i8-fast-16,100 ,2.75E-03,5.96E-04,1.32E-03,6.24E-04,1.86E-04
-1,4096,4096,2048,OS2-i8-accu-12,122 ,2.25E-03,5.95E-04,1.00E-03,4.73E-04,1.53E-04
-1,4096,4096,2048,OS2-i8-accu-13,114 ,2.41E-03,6.17E-04,1.09E-03,5.11E-04,1.62E-04
-1,4096,4096,2048,OS2-i8-accu-14,108 ,2.54E-03,6.37E-04,1.15E-03,5.50E-04,1.68E-04
-1,4096,4096,2048,OS2-i8-accu-15,103 ,2.67E-03,6.62E-04,1.22E-03,5.84E-04,1.78E-04
-1,4096,4096,2048,OS2-i8-accu-16,93 ,2.95E-03,7.97E-04,1.31E-03,6.25E-04,1.86E-04
-1,4096,4096,2048,OS2-f8-fast-12,55 ,5.00E-03,9.70E-04,2.56E-03,1.27E-03,1.64E-04
-1,4096,4096,2048,OS2-f8-fast-13,49 ,5.56E-03,1.26E-03,2.73E-03,1.37E-03,1.70E-04
-1,4096,4096,2048,OS2-f8-fast-14,46 ,5.99E-03,1.36E-03,2.96E-03,1.48E-03,1.78E-04
-1,4096,4096,2048,OS2-f8-fast-15,43 ,6.42E-03,1.47E-03,3.16E-03,1.57E-03,1.85E-04
-1,4096,4096,2048,OS2-f8-fast-16,40 ,6.79E-03,1.55E-03,3.34E-03,1.68E-03,1.95E-04
-1,4096,4096,2048,OS2-f8-accu-12,54 ,5.13E-03,1.07E-03,2.60E-03,1.28E-03,1.66E-04
-1,4096,4096,2048,OS2-f8-accu-13,48 ,5.68E-03,1.36E-03,2.76E-03,1.37E-03,1.72E-04
-1,4096,4096,2048,OS2-f8-accu-14,45 ,6.10E-03,1.44E-03,2.97E-03,1.48E-03,1.80E-04
-1,4096,4096,2048,OS2-f8-accu-15,43 ,6.45E-03,1.53E-03,3.14E-03,1.57E-03,1.85E-04
-1,4096,4096,2048,OS2-f8-accu-16,40 ,6.81E-03,1.58E-03,3.33E-03,1.68E-03,1.95E-04
-1,4096,4096,2048,OS1-7,81 ,3.38E-03,,,,
-1,4096,4096,2048,OS1-11,41 ,6.73E-03,,,,
-1,4096,4096,2048,ZGEMM,39 ,7.02E-03,,,,
-1,4096,4096,2048,ZGEMM3m,47 ,5.90E-03,,,,
-1,4096,4096,4096,OS2-i8-fast-12,173 ,3.18E-03,8.07E-04,1.72E-03,4.70E-04,1.62E-04
-1,4096,4096,4096,OS2-i8-fast-13,163 ,3.37E-03,8.35E-04,1.84E-03,5.09E-04,1.66E-04
-1,4096,4096,4096,OS2-i8-fast-14,152 ,3.61E-03,8.92E-04,1.96E-03,5.50E-04,1.76E-04
-1,4096,4096,4096,OS2-i8-fast-15,143 ,3.84E-03,9.42E-04,2.10E-03,5.85E-04,1.86E-04
-1,4096,4096,4096,OS2-i8-fast-16,130 ,4.24E-03,1.18E-03,2.22E-03,6.19E-04,1.91E-04
-1,4096,4096,4096,OS2-i8-accu-12,162 ,3.39E-03,1.05E-03,1.68E-03,4.71E-04,1.58E-04
-1,4096,4096,4096,OS2-i8-accu-13,152 ,3.62E-03,1.09E-03,1.83E-03,5.10E-04,1.65E-04
-1,4096,4096,4096,OS2-i8-accu-14,143 ,3.83E-03,1.14E-03,1.94E-03,5.48E-04,1.74E-04
-1,4096,4096,4096,OS2-i8-accu-15,134 ,4.11E-03,1.22E-03,2.09E-03,5.84E-04,1.88E-04
-1,4096,4096,4096,OS2-i8-accu-16,122 ,4.51E-03,1.46E-03,2.21E-03,6.21E-04,1.90E-04
-1,4096,4096,4096,OS2-f8-fast-12,68 ,8.04E-03,2.11E-03,4.48E-03,1.25E-03,1.72E-04
-1,4096,4096,4096,OS2-f8-fast-13,61 ,8.99E-03,2.70E-03,4.74E-03,1.35E-03,1.76E-04
-1,4096,4096,4096,OS2-f8-fast-14,56 ,9.88E-03,3.00E-03,5.19E-03,1.46E-03,1.88E-04
-1,4096,4096,4096,OS2-f8-fast-15,53 ,1.04E-02,3.13E-03,5.47E-03,1.55E-03,1.93E-04
-1,4096,4096,4096,OS2-f8-fast-16,50 ,1.11E-02,3.39E-03,5.82E-03,1.66E-03,2.03E-04
-1,4096,4096,4096,OS2-f8-accu-12,68 ,8.12E-03,2.15E-03,4.51E-03,1.25E-03,1.74E-04
-1,4096,4096,4096,OS2-f8-accu-13,60 ,9.15E-03,2.80E-03,4.80E-03,1.35E-03,1.80E-04
-1,4096,4096,4096,OS2-f8-accu-14,56 ,9.90E-03,3.05E-03,5.18E-03,1.46E-03,1.88E-04
-1,4096,4096,4096,OS2-f8-accu-15,54 ,1.03E-02,3.10E-03,5.39E-03,1.55E-03,1.90E-04
-1,4096,4096,4096,OS2-f8-accu-16,49 ,1.11E-02,3.45E-03,5.81E-03,1.66E-03,2.04E-04
-1,4096,4096,4096,OS1-7,84 ,6.54E-03,,,,
-1,4096,4096,4096,OS1-11,41 ,1.33E-02,,,,
-1,4096,4096,4096,ZGEMM,39 ,1.40E-02,,,,
-1,4096,4096,4096,ZGEMM3m,47 ,1.17E-02,,,,
-1,4096,4096,8192,OS2-i8-fast-12,203 ,5.42E-03,1.60E-03,3.16E-03,4.63E-04,1.66E-04
-1,4096,4096,8192,OS2-i8-fast-13,187 ,5.87E-03,1.71E-03,3.46E-03,5.01E-04,1.74E-04
-1,4096,4096,8192,OS2-i8-fast-14,176 ,6.26E-03,1.83E-03,3.68E-03,5.38E-04,1.84E-04
-1,4096,4096,8192,OS2-i8-fast-15,166 ,6.64E-03,1.92E-03,3.93E-03,5.72E-04,1.93E-04
-1,4096,4096,8192,OS2-i8-fast-16,148 ,7.42E-03,2.47E-03,4.13E-03,6.09E-04,1.99E-04
-1,4096,4096,8192,OS2-i8-accu-12,187 ,5.88E-03,2.06E-03,3.17E-03,4.61E-04,1.66E-04
-1,4096,4096,8192,OS2-i8-accu-13,175 ,6.30E-03,2.15E-03,3.45E-03,5.01E-04,1.74E-04
-1,4096,4096,8192,OS2-i8-accu-14,165 ,6.65E-03,2.24E-03,3.65E-03,5.38E-04,1.82E-04
-1,4096,4096,8192,OS2-i8-accu-15,154 ,7.13E-03,2.38E-03,3.95E-03,5.73E-04,1.97E-04
-1,4096,4096,8192,OS2-i8-accu-16,141 ,7.83E-03,2.88E-03,4.12E-03,6.09E-04,1.99E-04
-1,4096,4096,8192,OS2-f8-fast-12,77 ,1.43E-02,4.32E-03,8.51E-03,1.22E-03,1.76E-04
-1,4096,4096,8192,OS2-f8-fast-13,68 ,1.61E-02,5.55E-03,9.05E-03,1.32E-03,1.82E-04
-1,4096,4096,8192,OS2-f8-fast-14,63 ,1.73E-02,5.98E-03,9.74E-03,1.42E-03,1.89E-04
-1,4096,4096,8192,OS2-f8-fast-15,58 ,1.90E-02,6.80E-03,1.05E-02,1.52E-03,2.00E-04
-1,4096,4096,8192,OS2-f8-fast-16,55 ,2.00E-02,7.04E-03,1.11E-02,1.62E-03,2.05E-04
-1,4096,4096,8192,OS2-f8-accu-12,75 ,1.47E-02,4.49E-03,8.79E-03,1.23E-03,1.82E-04
-1,4096,4096,8192,OS2-f8-accu-13,68 ,1.63E-02,5.66E-03,9.10E-03,1.32E-03,1.86E-04
-1,4096,4096,8192,OS2-f8-accu-14,62 ,1.78E-02,6.24E-03,9.86E-03,1.42E-03,1.97E-04
-1,4096,4096,8192,OS2-f8-accu-15,58 ,1.89E-02,6.67E-03,1.04E-02,1.52E-03,1.99E-04
-1,4096,4096,8192,OS2-f8-accu-16,55 ,1.99E-02,6.90E-03,1.11E-02,1.62E-03,2.05E-04
-1,4096,4096,8192,OS1-7,84 ,1.30E-02,,,,
-1,4096,4096,8192,OS1-11,39 ,2.79E-02,,,,
-1,4096,4096,8192,ZGEMM,40 ,2.77E-02,,,,
-1,4096,4096,8192,ZGEMM3m,47 ,2.34E-02,,,,
-1,4096,4096,16384,OS2-i8-fast-12,220 ,1.00E-02,3.28E-03,6.07E-03,4.55E-04,1.70E-04
-1,4096,4096,16384,OS2-i8-fast-13,200 ,1.10E-02,3.58E-03,6.70E-03,4.95E-04,1.84E-04
-1,4096,4096,16384,OS2-i8-fast-14,187 ,1.17E-02,3.82E-03,7.15E-03,5.30E-04,1.99E-04
-1,4096,4096,16384,OS2-i8-fast-15,175 ,1.25E-02,4.10E-03,7.68E-03,5.64E-04,2.09E-04
-1,4096,4096,16384,OS2-i8-fast-16,157 ,1.40E-02,5.11E-03,8.05E-03,6.01E-04,2.05E-04
-1,4096,4096,16384,OS2-i8-accu-12,201 ,1.09E-02,4.14E-03,6.13E-03,4.56E-04,1.74E-04
-1,4096,4096,16384,OS2-i8-accu-13,186 ,1.18E-02,4.37E-03,6.75E-03,4.97E-04,1.84E-04
-1,4096,4096,16384,OS2-i8-accu-14,175 ,1.25E-02,4.65E-03,7.17E-03,5.31E-04,1.99E-04
-1,4096,4096,16384,OS2-i8-accu-15,165 ,1.33E-02,4.82E-03,7.67E-03,5.63E-04,2.05E-04
-1,4096,4096,16384,OS2-i8-accu-16,150 ,1.47E-02,5.79E-03,8.05E-03,6.00E-04,2.05E-04
-1,4096,4096,16384,OS2-f8-fast-12,81 ,2.70E-02,8.37E-03,1.73E-02,1.20E-03,1.68E-04
-1,4096,4096,16384,OS2-f8-fast-13,73 ,3.02E-02,1.02E-02,1.82E-02,1.29E-03,1.70E-04
-1,4096,4096,16384,OS2-f8-fast-14,67 ,3.28E-02,1.12E-02,1.97E-02,1.39E-03,1.76E-04
-1,4096,4096,16384,OS2-f8-fast-15,63 ,3.51E-02,1.24E-02,2.12E-02,1.48E-03,1.86E-04
-1,4096,4096,16384,OS2-f8-fast-16,58 ,3.79E-02,1.35E-02,2.26E-02,1.58E-03,1.95E-04
-1,4096,4096,16384,OS2-f8-accu-12,80 ,2.75E-02,8.14E-03,1.80E-02,1.20E-03,1.74E-04
-1,4096,4096,16384,OS2-f8-accu-13,72 ,3.07E-02,1.05E-02,1.88E-02,1.29E-03,1.76E-04
-1,4096,4096,16384,OS2-f8-accu-14,66 ,3.31E-02,1.12E-02,2.03E-02,1.40E-03,1.80E-04
-1,4096,4096,16384,OS2-f8-accu-15,62 ,3.53E-02,1.20E-02,2.15E-02,1.48E-03,1.86E-04
-1,4096,4096,16384,OS2-f8-accu-16,59 ,3.76E-02,1.30E-02,2.27E-02,1.58E-03,1.95E-04
-1,4096,4096,16384,OS1-7,86 ,2.56E-02,,,,
-1,4096,4096,16384,OS1-11,40 ,5.50E-02,,,,
-1,4096,4096,16384,ZGEMM,40 ,5.54E-02,,,,
-1,4096,4096,16384,ZGEMM3m,47 ,4.67E-02,,,,
-1,4096,4096,32768,OS2-i8-fast-12,220 ,2.00E-02,7.10E-03,1.22E-02,4.55E-04,1.86E-04
-1,4096,4096,32768,OS2-i8-fast-13,220 ,2.00E-02,6.73E-03,1.26E-02,4.77E-04,1.74E-04
-1,4096,4096,32768,OS2-i8-fast-14,198 ,2.22E-02,7.79E-03,1.39E-02,5.20E-04,2.01E-04
-1,4096,4096,32768,OS2-i8-fast-15,184 ,2.39E-02,8.37E-03,1.49E-02,5.58E-04,2.13E-04
-1,4096,4096,32768,OS2-i8-fast-16,166 ,2.64E-02,1.01E-02,1.55E-02,5.87E-04,2.04E-04
-1,4096,4096,32768,OS2-i8-accu-12,220 ,2.00E-02,7.78E-03,1.15E-02,4.42E-04,1.66E-04
-1,4096,4096,32768,OS2-i8-accu-13,197 ,2.23E-02,8.57E-03,1.31E-02,4.86E-04,1.86E-04
-1,4096,4096,32768,OS2-i8-accu-14,184 ,2.39E-02,9.28E-03,1.39E-02,5.24E-04,2.03E-04
-1,4096,4096,32768,OS2-i8-accu-15,173 ,2.54E-02,9.74E-03,1.49E-02,5.60E-04,2.13E-04
-1,4096,4096,32768,OS2-i8-accu-16,158 ,2.78E-02,1.14E-02,1.56E-02,5.91E-04,2.06E-04
-1,4096,4096,32768,OS2-f8-fast-12,82 ,5.37E-02,1.90E-02,3.32E-02,1.18E-03,1.76E-04
-1,4096,4096,32768,OS2-f8-fast-13,72 ,6.10E-02,2.40E-02,3.56E-02,1.27E-03,1.86E-04
-1,4096,4096,32768,OS2-f8-fast-14,66 ,6.66E-02,2.66E-02,3.85E-02,1.37E-03,1.95E-04
-1,4096,4096,32768,OS2-f8-fast-15,61 ,7.19E-02,2.90E-02,4.11E-02,1.46E-03,2.03E-04
-1,4096,4096,32768,OS2-f8-fast-16,57 ,7.66E-02,3.12E-02,4.36E-02,1.56E-03,2.13E-04
-1,4096,4096,32768,OS2-f8-accu-12,82 ,5.37E-02,1.83E-02,3.41E-02,1.19E-03,1.80E-04
-1,4096,4096,32768,OS2-f8-accu-13,72 ,6.11E-02,2.39E-02,3.57E-02,1.28E-03,1.86E-04
-1,4096,4096,32768,OS2-f8-accu-14,67 ,6.61E-02,2.62E-02,3.84E-02,1.37E-03,1.95E-04
-1,4096,4096,32768,OS2-f8-accu-15,62 ,7.07E-02,2.79E-02,4.11E-02,1.47E-03,2.03E-04
-1,4096,4096,32768,OS2-f8-accu-16,59 ,7.48E-02,2.91E-02,4.40E-02,1.56E-03,2.14E-04
-1,4096,4096,32768,OS1-7,85 ,5.17E-02,,,,
-1,4096,4096,32768,OS1-11,39 ,1.12E-01,,,,
-1,4096,4096,32768,ZGEMM,40 ,1.11E-01,,,,
-1,4096,4096,32768,ZGEMM3m,47 ,9.30E-02,,,,
-1,4096,4096,65536,OS2-i8-fast-12,230 ,3.82E-02,1.42E-02,2.36E-02,4.51E-04,1.80E-04
-1,4096,4096,65536,OS2-i8-fast-13,212 ,4.14E-02,1.52E-02,2.55E-02,4.90E-04,1.80E-04
-1,4096,4096,65536,OS2-i8-fast-14,199 ,4.42E-02,1.65E-02,2.69E-02,5.22E-04,1.92E-04
-1,4096,4096,65536,OS2-i8-fast-15,186 ,4.73E-02,1.78E-02,2.88E-02,5.54E-04,2.15E-04
-1,4096,4096,65536,OS2-i8-fast-16,163 ,5.38E-02,2.32E-02,3.02E-02,5.84E-04,2.17E-04
-1,4096,4096,65536,OS2-i8-accu-12,213 ,4.13E-02,1.73E-02,2.34E-02,4.48E-04,1.70E-04
-1,4096,4096,65536,OS2-i8-accu-13,196 ,4.48E-02,1.88E-02,2.53E-02,4.86E-04,1.86E-04
-1,4096,4096,65536,OS2-i8-accu-14,185 ,4.76E-02,1.99E-02,2.71E-02,5.25E-04,2.09E-04
-1,4096,4096,65536,OS2-i8-accu-15,173 ,5.07E-02,2.11E-02,2.87E-02,5.51E-04,2.09E-04
-1,4096,4096,65536,OS2-i8-accu-16,155 ,5.67E-02,2.59E-02,3.03E-02,5.83E-04,2.21E-04
-1,4096,4096,65536,OS2-f8-fast-12,80 ,1.10E-01,3.94E-02,6.85E-02,1.18E-03,1.92E-04
-1,4096,4096,65536,OS2-f8-fast-13,70 ,1.26E-01,4.84E-02,7.56E-02,1.28E-03,2.07E-04
-1,4096,4096,65536,OS2-f8-fast-14,64 ,1.37E-01,5.31E-02,8.17E-02,1.38E-03,2.15E-04
-1,4096,4096,65536,OS2-f8-fast-15,60 ,1.47E-01,5.65E-02,8.87E-02,1.48E-03,2.27E-04
-1,4096,4096,65536,OS2-f8-fast-16,56 ,1.56E-01,5.86E-02,9.53E-02,1.58E-03,2.42E-04
-1,4096,4096,65536,OS2-f8-accu-12,81 ,1.08E-01,3.79E-02,6.96E-02,1.18E-03,1.95E-04
-1,4096,4096,65536,OS2-f8-accu-13,71 ,1.24E-01,4.67E-02,7.56E-02,1.28E-03,2.07E-04
-1,4096,4096,65536,OS2-f8-accu-14,66 ,1.34E-01,5.04E-02,8.15E-02,1.38E-03,2.15E-04
-1,4096,4096,65536,OS2-f8-accu-15,62 ,1.43E-01,5.36E-02,8.71E-02,1.47E-03,2.27E-04
-1,4096,4096,65536,OS2-f8-accu-16,59 ,1.50E-01,5.53E-02,9.27E-02,1.58E-03,2.43E-04
-1,4096,4096,65536,OS1-7,85 ,1.04E-01,,,,
-1,4096,4096,65536,OS1-11,39 ,2.28E-01,,,,
-1,4096,4096,65536,ZGEMM,40 ,2.21E-01,,,,
-1,4096,4096,65536,ZGEMM3m,47 ,1.87E-01,,,,
-1,8192,8192,1024,OS2-i8-fast-12,109 ,5.02E-03,4.43E-04,2.27E-03,1.65E-03,6.25E-04
-1,8192,8192,1024,OS2-i8-fast-13,103 ,5.34E-03,4.59E-04,2.42E-03,1.79E-03,6.44E-04
-1,8192,8192,1024,OS2-i8-fast-14,97 ,5.67E-03,4.76E-04,2.57E-03,1.92E-03,6.68E-04
-1,8192,8192,1024,OS2-i8-fast-15,91 ,6.02E-03,5.02E-04,2.73E-03,2.05E-03,7.07E-04
-1,8192,8192,1024,OS2-i8-fast-16,84 ,6.53E-03,6.24E-04,2.94E-03,2.19E-03,7.42E-04
-1,8192,8192,1024,OS2-i8-accu-12,102 ,5.38E-03,9.06E-04,2.19E-03,1.65E-03,5.98E-04
-1,8192,8192,1024,OS2-i8-accu-13,95 ,5.78E-03,9.30E-04,2.39E-03,1.80E-03,6.33E-04
-1,8192,8192,1024,OS2-i8-accu-14,90 ,6.13E-03,9.56E-04,2.56E-03,1.92E-03,6.61E-04
-1,8192,8192,1024,OS2-i8-accu-15,84 ,6.51E-03,9.86E-04,2.73E-03,2.05E-03,7.09E-04
-1,8192,8192,1024,OS2-i8-accu-16,79 ,6.99E-03,1.11E-03,2.92E-03,2.19E-03,7.35E-04
-1,8192,8192,1024,OS2-f8-fast-12,43 ,1.27E-02,1.14E-03,6.39E-03,4.51E-03,6.29E-04
-1,8192,8192,1024,OS2-f8-fast-13,40 ,1.38E-02,1.41E-03,6.87E-03,4.87E-03,6.57E-04
-1,8192,8192,1024,OS2-f8-fast-14,37 ,1.49E-02,1.50E-03,7.42E-03,5.24E-03,6.86E-04
-1,8192,8192,1024,OS2-f8-fast-15,35 ,1.59E-02,1.62E-03,7.93E-03,5.60E-03,7.15E-04
-1,8192,8192,1024,OS2-f8-fast-16,32 ,1.69E-02,1.72E-03,8.44E-03,5.98E-03,7.54E-04
-1,8192,8192,1024,OS2-f8-accu-12,42 ,1.31E-02,1.50E-03,6.43E-03,4.51E-03,6.34E-04
-1,8192,8192,1024,OS2-f8-accu-13,39 ,1.42E-02,1.76E-03,6.88E-03,4.87E-03,6.57E-04
-1,8192,8192,1024,OS2-f8-accu-14,36 ,1.52E-02,1.85E-03,7.44E-03,5.24E-03,6.89E-04
-1,8192,8192,1024,OS2-f8-accu-15,34 ,1.62E-02,1.95E-03,7.91E-03,5.60E-03,7.13E-04
-1,8192,8192,1024,OS2-f8-accu-16,32 ,1.72E-02,2.04E-03,8.42E-03,5.98E-03,7.54E-04
-1,8192,8192,1024,OS1-7,76 ,7.22E-03,,,,
-1,8192,8192,1024,OS1-11,40 ,1.37E-02,,,,
-1,8192,8192,1024,ZGEMM,40 ,1.39E-02,,,,
-1,8192,8192,1024,ZGEMM3m,46 ,1.19E-02,,,,
-1,8192,8192,2048,OS2-i8-fast-12,164 ,6.70E-03,8.83E-04,3.48E-03,1.65E-03,6.64E-04
-1,8192,8192,2048,OS2-i8-fast-13,152 ,7.22E-03,9.39E-04,3.76E-03,1.79E-03,7.09E-04
-1,8192,8192,2048,OS2-i8-fast-14,144 ,7.61E-03,9.60E-04,3.98E-03,1.92E-03,7.23E-04
-1,8192,8192,2048,OS2-i8-fast-15,133 ,8.25E-03,1.07E-03,4.30E-03,2.05E-03,8.07E-04
-1,8192,8192,2048,OS2-i8-fast-16,124 ,8.88E-03,1.31E-03,4.55E-03,2.18E-03,8.12E-04
-1,8192,8192,2048,OS2-i8-accu-12,153 ,7.18E-03,1.43E-03,3.43E-03,1.65E-03,6.47E-04
-1,8192,8192,2048,OS2-i8-accu-13,141 ,7.79E-03,1.52E-03,3.75E-03,1.79E-03,7.04E-04
-1,8192,8192,2048,OS2-i8-accu-14,132 ,8.35E-03,1.60E-03,4.04E-03,1.92E-03,7.64E-04
-1,8192,8192,2048,OS2-i8-accu-15,126 ,8.75E-03,1.63E-03,4.26E-03,2.05E-03,7.84E-04
-1,8192,8192,2048,OS2-i8-accu-16,116 ,9.46E-03,1.90E-03,4.54E-03,2.19E-03,8.11E-04
-1,8192,8192,2048,OS2-f8-fast-12,63 ,1.75E-02,2.49E-03,9.81E-03,4.50E-03,6.80E-04
-1,8192,8192,2048,OS2-f8-fast-13,55 ,1.98E-02,3.26E-03,1.09E-02,4.87E-03,7.45E-04
-1,8192,8192,2048,OS2-f8-fast-14,54 ,2.05E-02,3.27E-03,1.12E-02,5.24E-03,7.33E-04
-1,8192,8192,2048,OS2-f8-fast-15,50 ,2.21E-02,3.59E-03,1.21E-02,5.61E-03,7.74E-04
-1,8192,8192,2048,OS2-f8-fast-16,47 ,2.36E-02,3.84E-03,1.29E-02,5.98E-03,8.13E-04
-1,8192,8192,2048,OS2-f8-accu-12,61 ,1.81E-02,2.87E-03,1.00E-02,4.50E-03,6.90E-04
-1,8192,8192,2048,OS2-f8-accu-13,55 ,2.00E-02,3.58E-03,1.07E-02,4.87E-03,7.36E-04
-1,8192,8192,2048,OS2-f8-accu-14,52 ,2.10E-02,3.68E-03,1.13E-02,5.24E-03,7.42E-04
-1,8192,8192,2048,OS2-f8-accu-15,49 ,2.24E-02,3.94E-03,1.21E-02,5.60E-03,7.72E-04
-1,8192,8192,2048,OS2-f8-accu-16,46 ,2.38E-02,4.15E-03,1.28E-02,5.98E-03,8.09E-04
-1,8192,8192,2048,OS1-7,86 ,1.28E-02,,,,
-1,8192,8192,2048,OS1-11,41 ,2.67E-02,,,,
-1,8192,8192,2048,ZGEMM,40 ,2.77E-02,,,,
-1,8192,8192,2048,ZGEMM3m,47 ,2.35E-02,,,,
-1,8192,8192,4096,OS2-i8-fast-12,215 ,1.02E-02,1.79E-03,6.00E-03,1.66E-03,7.25E-04
-1,8192,8192,4096,OS2-i8-fast-13,199 ,1.11E-02,1.92E-03,6.55E-03,1.80E-03,7.76E-04
-1,8192,8192,4096,OS2-i8-fast-14,185 ,1.19E-02,2.04E-03,7.02E-03,1.93E-03,8.32E-04
-1,8192,8192,4096,OS2-i8-fast-15,174 ,1.26E-02,2.18E-03,7.47E-03,2.06E-03,8.79E-04
-1,8192,8192,4096,OS2-i8-fast-16,160 ,1.38E-02,2.75E-03,7.89E-03,2.19E-03,8.91E-04
-1,8192,8192,4096,OS2-i8-accu-12,198 ,1.11E-02,2.68E-03,6.02E-03,1.66E-03,7.27E-04
-1,8192,8192,4096,OS2-i8-accu-13,184 ,1.19E-02,2.80E-03,6.54E-03,1.80E-03,7.76E-04
-1,8192,8192,4096,OS2-i8-accu-14,173 ,1.27E-02,2.91E-03,6.99E-03,1.93E-03,8.23E-04
-1,8192,8192,4096,OS2-i8-accu-15,163 ,1.35E-02,3.04E-03,7.45E-03,2.06E-03,8.64E-04
-1,8192,8192,4096,OS2-i8-accu-16,150 ,1.46E-02,3.62E-03,7.88E-03,2.19E-03,8.92E-04
-1,8192,8192,4096,OS2-f8-fast-12,78 ,2.83E-02,5.21E-03,1.78E-02,4.49E-03,7.25E-04
-1,8192,8192,4096,OS2-f8-fast-13,71 ,3.10E-02,6.45E-03,1.89E-02,4.85E-03,7.62E-04
-1,8192,8192,4096,OS2-f8-fast-14,66 ,3.33E-02,7.03E-03,2.04E-02,5.23E-03,7.88E-04
-1,8192,8192,4096,OS2-f8-fast-15,61 ,3.58E-02,7.56E-03,2.19E-02,5.58E-03,8.26E-04
-1,8192,8192,4096,OS2-f8-fast-16,57 ,3.88E-02,8.19E-03,2.37E-02,5.96E-03,8.74E-04
-1,8192,8192,4096,OS2-f8-accu-12,76 ,2.90E-02,5.64E-03,1.81E-02,4.49E-03,7.36E-04
-1,8192,8192,4096,OS2-f8-accu-13,69 ,3.19E-02,7.02E-03,1.93E-02,4.85E-03,7.72E-04
-1,8192,8192,4096,OS2-f8-accu-14,65 ,3.40E-02,7.41E-03,2.05E-02,5.23E-03,7.88E-04
-1,8192,8192,4096,OS2-f8-accu-15,61 ,3.63E-02,7.98E-03,2.19E-02,5.58E-03,8.29E-04
-1,8192,8192,4096,OS2-f8-accu-16,57 ,3.85E-02,8.39E-03,2.33E-02,5.96E-03,8.64E-04
-1,8192,8192,4096,OS1-7,87 ,2.53E-02,,,,
-1,8192,8192,4096,OS1-11,41 ,5.38E-02,,,,
-1,8192,8192,4096,ZGEMM,40 ,5.56E-02,,,,
-1,8192,8192,4096,ZGEMM3m,47 ,4.68E-02,,,,
-1,8192,8192,8192,OS2-i8-fast-12,242 ,1.82E-02,3.81E-03,1.18E-02,1.66E-03,7.86E-04
-1,8192,8192,8192,OS2-i8-fast-13,220 ,2.00E-02,4.15E-03,1.32E-02,1.82E-03,8.54E-04
-1,8192,8192,8192,OS2-i8-fast-14,220 ,2.00E-02,4.10E-03,1.31E-02,1.89E-03,8.29E-04
-1,8192,8192,8192,OS2-i8-fast-15,203 ,2.17E-02,4.45E-03,1.43E-02,2.03E-03,8.89E-04
-1,8192,8192,8192,OS2-i8-fast-16,181 ,2.43E-02,5.80E-03,1.54E-02,2.18E-03,9.44E-04
-1,8192,8192,8192,OS2-i8-accu-12,220 ,2.00E-02,5.42E-03,1.21E-02,1.68E-03,8.03E-04
-1,8192,8192,8192,OS2-i8-accu-13,220 ,2.00E-02,5.22E-03,1.22E-02,1.76E-03,7.76E-04
-1,8192,8192,8192,OS2-i8-accu-14,201 ,2.19E-02,5.61E-03,1.35E-02,1.91E-03,8.61E-04
-1,8192,8192,8192,OS2-i8-accu-15,184 ,2.39E-02,5.96E-03,1.47E-02,2.08E-03,9.18E-04
-1,8192,8192,8192,OS2-i8-accu-16,171 ,2.57E-02,7.08E-03,1.52E-02,2.17E-03,9.28E-04
-1,8192,8192,8192,OS2-f8-fast-12,85 ,5.15E-02,1.07E-02,3.55E-02,4.44E-03,7.38E-04
-1,8192,8192,8192,OS2-f8-fast-13,77 ,5.71E-02,1.36E-02,3.78E-02,4.80E-03,7.99E-04
-1,8192,8192,8192,OS2-f8-fast-14,72 ,6.09E-02,1.48E-02,4.01E-02,5.18E-03,8.40E-04
-1,8192,8192,8192,OS2-f8-fast-15,67 ,6.56E-02,1.62E-02,4.29E-02,5.54E-03,8.75E-04
-1,8192,8192,8192,OS2-f8-fast-16,63 ,7.02E-02,1.76E-02,4.60E-02,5.91E-03,9.26E-04
-1,8192,8192,8192,OS2-f8-accu-12,84 ,5.26E-02,1.11E-02,3.61E-02,4.44E-03,7.50E-04
-1,8192,8192,8192,OS2-f8-accu-13,75 ,5.83E-02,1.44E-02,3.81E-02,4.80E-03,8.04E-04
-1,8192,8192,8192,OS2-f8-accu-14,71 ,6.23E-02,1.54E-02,4.07E-02,5.18E-03,8.38E-04
-1,8192,8192,8192,OS2-f8-accu-15,66 ,6.64E-02,1.64E-02,4.37E-02,5.54E-03,8.59E-04
-1,8192,8192,8192,OS2-f8-accu-16,63 ,6.99E-02,1.76E-02,4.55E-02,5.91E-03,9.14E-04
-1,8192,8192,8192,OS1-7,87 ,5.06E-02,,,,
-1,8192,8192,8192,OS1-11,38 ,1.15E-01,,,,
-1,8192,8192,8192,ZGEMM,40 ,1.11E-01,,,,
-1,8192,8192,8192,ZGEMM3m,47 ,9.30E-02,,,,
-1,8192,8192,16384,OS2-i8-fast-12,261 ,3.38E-02,7.76E-03,2.36E-02,1.66E-03,7.99E-04
-1,8192,8192,16384,OS2-i8-fast-13,239 ,3.68E-02,8.38E-03,2.57E-02,1.82E-03,8.52E-04
-1,8192,8192,16384,OS2-i8-fast-14,221 ,3.99E-02,8.93E-03,2.81E-02,1.97E-03,8.79E-04
-1,8192,8192,16384,OS2-i8-fast-15,208 ,4.22E-02,9.75E-03,2.94E-02,2.08E-03,9.71E-04
-1,8192,8192,16384,OS2-i8-fast-16,188 ,4.67E-02,1.28E-02,3.06E-02,2.18E-03,1.01E-03
-1,8192,8192,16384,OS2-i8-accu-12,241 ,3.64E-02,1.05E-02,2.35E-02,1.66E-03,8.00E-04
-1,8192,8192,16384,OS2-i8-accu-13,220 ,3.99E-02,1.11E-02,2.63E-02,1.84E-03,8.13E-04
-1,8192,8192,16384,OS2-i8-accu-14,208 ,4.22E-02,1.19E-02,2.75E-02,1.94E-03,8.96E-04
-1,8192,8192,16384,OS2-i8-accu-15,195 ,4.51E-02,1.24E-02,2.96E-02,2.08E-03,9.70E-04
-1,8192,8192,16384,OS2-i8-accu-16,178 ,4.93E-02,1.54E-02,3.06E-02,2.18E-03,1.01E-03
-1,8192,8192,16384,OS2-f8-fast-12,88 ,9.99E-02,2.14E-02,7.34E-02,4.42E-03,7.33E-04
-1,8192,8192,16384,OS2-f8-fast-13,81 ,1.09E-01,2.74E-02,7.57E-02,4.78E-03,8.01E-04
-1,8192,8192,16384,OS2-f8-fast-14,75 ,1.17E-01,2.96E-02,8.19E-02,5.15E-03,8.44E-04
-1,8192,8192,16384,OS2-f8-fast-15,70 ,1.26E-01,3.17E-02,8.81E-02,5.52E-03,8.79E-04
-1,8192,8192,16384,OS2-f8-fast-16,66 ,1.34E-01,3.32E-02,9.50E-02,5.89E-03,9.46E-04
-1,8192,8192,16384,OS2-f8-accu-12,88 ,9.95E-02,2.15E-02,7.29E-02,4.42E-03,7.42E-04
-1,8192,8192,16384,OS2-f8-accu-13,80 ,1.10E-01,2.81E-02,7.66E-02,4.78E-03,8.07E-04
-1,8192,8192,16384,OS2-f8-accu-14,74 ,1.18E-01,3.00E-02,8.26E-02,5.15E-03,8.47E-04
-1,8192,8192,16384,OS2-f8-accu-15,70 ,1.25E-01,3.22E-02,8.71E-02,5.52E-03,8.85E-04
-1,8192,8192,16384,OS2-f8-accu-16,66 ,1.34E-01,3.42E-02,9.28E-02,5.89E-03,9.49E-04
-1,8192,8192,16384,OS1-7,87 ,1.01E-01,,,,
-1,8192,8192,16384,OS1-11,39 ,2.23E-01,,,,
-1,8192,8192,16384,ZGEMM,40 ,2.21E-01,,,,
-1,8192,8192,16384,ZGEMM3m,47 ,1.86E-01,,,,
-1,8192,8192,32768,OS2-i8-fast-12,269 ,6.54E-02,1.67E-02,4.61E-02,1.65E-03,8.79E-04
-1,8192,8192,32768,OS2-i8-fast-13,248 ,7.08E-02,1.79E-02,5.04E-02,1.79E-03,9.30E-04
-1,8192,8192,32768,OS2-i8-fast-14,231 ,7.63E-02,1.92E-02,5.42E-02,1.93E-03,9.97E-04
-1,8192,8192,32768,OS2-i8-fast-15,213 ,8.24E-02,2.07E-02,5.86E-02,2.06E-03,1.04E-03
-1,8192,8192,32768,OS2-i8-fast-16,194 ,9.09E-02,2.75E-02,6.05E-02,2.17E-03,1.10E-03
-1,8192,8192,32768,OS2-i8-accu-12,249 ,7.06E-02,2.23E-02,4.57E-02,1.64E-03,8.72E-04
-1,8192,8192,32768,OS2-i8-accu-13,231 ,7.62E-02,2.32E-02,5.04E-02,1.79E-03,9.25E-04
-1,8192,8192,32768,OS2-i8-accu-14,216 ,8.15E-02,2.48E-02,5.37E-02,1.92E-03,9.94E-04
-1,8192,8192,32768,OS2-i8-accu-15,203 ,8.67E-02,2.59E-02,5.79E-02,2.05E-03,1.05E-03
-1,8192,8192,32768,OS2-i8-accu-16,183 ,9.60E-02,3.19E-02,6.12E-02,2.18E-03,1.12E-03
-1,8192,8192,32768,OS2-f8-fast-12,90 ,1.95E-01,4.23E-02,1.47E-01,4.41E-03,7.65E-04
-1,8192,8192,32768,OS2-f8-fast-13,82 ,2.15E-01,5.05E-02,1.59E-01,4.76E-03,8.23E-04
-1,8192,8192,32768,OS2-f8-fast-14,76 ,2.33E-01,5.33E-02,1.73E-01,5.14E-03,8.65E-04
-1,8192,8192,32768,OS2-f8-fast-15,71 ,2.49E-01,5.62E-02,1.86E-01,5.49E-03,8.87E-04
-1,8192,8192,32768,OS2-f8-fast-16,66 ,2.66E-01,6.02E-02,1.98E-01,5.86E-03,9.38E-04
-1,8192,8192,32768,OS2-f8-accu-12,88 ,2.00E-01,4.33E-02,1.51E-01,4.41E-03,7.70E-04
-1,8192,8192,32768,OS2-f8-accu-13,81 ,2.17E-01,5.13E-02,1.60E-01,4.76E-03,8.31E-04
-1,8192,8192,32768,OS2-f8-accu-14,75 ,2.34E-01,5.45E-02,1.73E-01,5.14E-03,8.79E-04
-1,8192,8192,32768,OS2-f8-accu-15,71 ,2.48E-01,5.68E-02,1.84E-01,5.50E-03,9.00E-04
-1,8192,8192,32768,OS2-f8-accu-16,67 ,2.63E-01,5.95E-02,1.96E-01,5.87E-03,9.37E-04
-1,8192,8192,32768,OS1-7,87 ,2.02E-01,,,,
-1,8192,8192,32768,OS1-11,38 ,4.61E-01,,,,
-1,8192,8192,32768,ZGEMM,40 ,4.41E-01,,,,
-1,8192,8192,32768,ZGEMM3m,47 ,3.72E-01,,,,
-1,8192,8192,65536,OS2-i8-fast-12,264 ,1.33E-01,3.36E-02,9.75E-02,1.71E-03,9.37E-04
-1,8192,8192,65536,OS2-i8-fast-13,244 ,1.44E-01,3.53E-02,1.07E-01,1.88E-03,9.77E-04
-1,8192,8192,65536,OS2-i8-fast-14,227 ,1.55E-01,3.76E-02,1.15E-01,2.02E-03,1.04E-03
-1,8192,8192,65536,OS2-i8-fast-15,211 ,1.66E-01,3.93E-02,1.24E-01,2.18E-03,1.11E-03
-1,8192,8192,65536,OS2-i8-fast-16,190 ,1.85E-01,4.86E-02,1.32E-01,2.31E-03,1.13E-03
-1,8192,8192,65536,OS2-i8-accu-12,246 ,1.43E-01,4.24E-02,9.77E-02,1.72E-03,9.36E-04
-1,8192,8192,65536,OS2-i8-accu-13,230 ,1.53E-01,4.46E-02,1.06E-01,1.87E-03,9.89E-04
-1,8192,8192,65536,OS2-i8-accu-14,215 ,1.64E-01,4.62E-02,1.15E-01,2.03E-03,1.05E-03
-1,8192,8192,65536,OS2-i8-accu-15,200 ,1.76E-01,4.71E-02,1.26E-01,2.20E-03,1.09E-03
-1,8192,8192,65536,OS2-i8-accu-16,184 ,1.92E-01,5.52E-02,1.33E-01,2.33E-03,1.12E-03
-1,8192,8192,65536,OS2-f8-fast-12,89 ,3.94E-01,7.78E-02,3.10E-01,4.40E-03,8.00E-04
-1,8192,8192,65536,OS2-f8-fast-13,81 ,4.34E-01,9.28E-02,3.36E-01,4.76E-03,8.34E-04
-1,8192,8192,65536,OS2-f8-fast-14,75 ,4.66E-01,1.00E-01,3.60E-01,5.13E-03,8.79E-04
-1,8192,8192,65536,OS2-f8-fast-15,70 ,5.00E-01,1.06E-01,3.87E-01,5.49E-03,9.18E-04
-1,8192,8192,65536,OS2-f8-fast-16,66 ,5.34E-01,1.13E-01,4.13E-01,5.86E-03,9.65E-04
-1,8192,8192,65536,OS2-f8-accu-12,88 ,4.00E-01,8.06E-02,3.14E-01,4.40E-03,8.08E-04
-1,8192,8192,65536,OS2-f8-accu-13,80 ,4.39E-01,9.42E-02,3.38E-01,4.76E-03,8.47E-04
-1,8192,8192,65536,OS2-f8-accu-14,75 ,4.70E-01,1.00E-01,3.63E-01,5.13E-03,8.91E-04
-1,8192,8192,65536,OS2-f8-accu-15,71 ,4.98E-01,1.10E-01,3.82E-01,5.49E-03,9.22E-04
-1,8192,8192,65536,OS2-f8-accu-16,67 ,5.27E-01,1.11E-01,4.08E-01,5.86E-03,9.96E-04
-1,8192,8192,65536,OS1-7,85 ,4.15E-01,,,,
-1,8192,8192,65536,OS1-11,38 ,9.32E-01,,,,
-1,8192,8192,65536,ZGEMM,40 ,8.83E-01,,,,
-1,8192,8192,65536,ZGEMM3m,47 ,7.45E-01,,,,
-1,16384,16384,1024,OS2-i8-fast-12,121 ,1.81E-02,9.19E-04,8.40E-03,6.14E-03,2.61E-03
-1,16384,16384,1024,OS2-i8-fast-13,110 ,1.99E-02,1.01E-03,9.35E-03,6.66E-03,2.89E-03
-1,16384,16384,1024,OS2-i8-fast-14,105 ,2.09E-02,1.04E-03,9.77E-03,7.16E-03,2.91E-03
-1,16384,16384,1024,OS2-i8-fast-15,97 ,2.26E-02,1.12E-03,1.06E-02,7.66E-03,3.15E-03
-1,16384,16384,1024,OS2-i8-fast-16,91 ,2.42E-02,1.36E-03,1.14E-02,8.17E-03,3.31E-03
-1,16384,16384,1024,OS2-i8-accu-12,110 ,2.00E-02,2.76E-03,8.44E-03,6.14E-03,2.63E-03
-1,16384,16384,1024,OS2-i8-accu-13,103 ,2.13E-02,2.79E-03,9.09E-03,6.66E-03,2.75E-03
-1,16384,16384,1024,OS2-i8-accu-14,97 ,2.27E-02,2.84E-03,9.76E-03,7.16E-03,2.89E-03
-1,16384,16384,1024,OS2-i8-accu-15,91 ,2.41E-02,2.92E-03,1.05E-02,7.66E-03,3.07E-03
-1,16384,16384,1024,OS2-i8-accu-16,85 ,2.58E-02,3.21E-03,1.12E-02,8.17E-03,3.25E-03
-1,16384,16384,1024,OS2-f8-fast-12,46 ,4.82E-02,2.55E-03,2.57E-02,1.73E-02,2.55E-03
-1,16384,16384,1024,OS2-f8-fast-13,42 ,5.23E-02,3.04E-03,2.78E-02,1.87E-02,2.68E-03
-1,16384,16384,1024,OS2-f8-fast-14,39 ,5.63E-02,3.27E-03,3.00E-02,2.02E-02,2.80E-03
-1,16384,16384,1024,OS2-f8-fast-15,37 ,5.99E-02,3.50E-03,3.19E-02,2.16E-02,2.91E-03
-1,16384,16384,1024,OS2-f8-fast-16,34 ,6.41E-02,3.75E-03,3.41E-02,2.31E-02,3.08E-03
-1,16384,16384,1024,OS2-f8-accu-12,44 ,4.99E-02,4.09E-03,2.59E-02,1.73E-02,2.56E-03
-1,16384,16384,1024,OS2-f8-accu-13,41 ,5.39E-02,4.60E-03,2.79E-02,1.87E-02,2.69E-03
-1,16384,16384,1024,OS2-f8-accu-14,38 ,5.77E-02,4.82E-03,2.99E-02,2.02E-02,2.79E-03
-1,16384,16384,1024,OS2-f8-accu-15,36 ,6.12E-02,5.01E-03,3.17E-02,2.16E-02,2.89E-03
-1,16384,16384,1024,OS2-f8-accu-16,34 ,6.51E-02,5.23E-03,3.38E-02,2.31E-02,3.06E-03
-1,16384,16384,1024,OS1-7,78 ,2.82E-02,,,,
-1,16384,16384,1024,OS1-11,40 ,5.45E-02,,,,
-1,16384,16384,1024,ZGEMM,38 ,5.78E-02,,,,
-1,16384,16384,1024,ZGEMM3m,46 ,4.73E-02,,,,
-1,16384,16384,2048,OS2-i8-fast-12,180 ,2.45E-02,1.95E-03,1.31E-02,6.29E-03,3.03E-03
-1,16384,16384,2048,OS2-i8-fast-13,168 ,2.62E-02,2.06E-03,1.42E-02,6.78E-03,3.17E-03
-1,16384,16384,2048,OS2-i8-fast-14,156 ,2.82E-02,2.19E-03,1.53E-02,7.32E-03,3.36E-03
-1,16384,16384,2048,OS2-i8-fast-15,147 ,3.00E-02,2.30E-03,1.63E-02,7.81E-03,3.52E-03
-1,16384,16384,2048,OS2-i8-fast-16,136 ,3.23E-02,2.95E-03,1.73E-02,8.33E-03,3.68E-03
-1,16384,16384,2048,OS2-i8-accu-12,167 ,2.64E-02,4.12E-03,1.31E-02,6.26E-03,2.97E-03
-1,16384,16384,2048,OS2-i8-accu-13,156 ,2.82E-02,4.17E-03,1.41E-02,6.75E-03,3.10E-03
-1,16384,16384,2048,OS2-i8-accu-14,145 ,3.03E-02,4.36E-03,1.53E-02,7.30E-03,3.34E-03
-1,16384,16384,2048,OS2-i8-accu-15,137 ,3.22E-02,4.51E-03,1.63E-02,7.82E-03,3.53E-03
-1,16384,16384,2048,OS2-i8-accu-16,129 ,3.42E-02,5.11E-03,1.72E-02,8.29E-03,3.64E-03
-1,16384,16384,2048,OS2-f8-fast-12,66 ,6.69E-02,5.56E-03,4.12E-02,1.73E-02,2.89E-03
-1,16384,16384,2048,OS2-f8-fast-13,60 ,7.29E-02,6.77E-03,4.43E-02,1.87E-02,3.10E-03
-1,16384,16384,2048,OS2-f8-fast-14,56 ,7.87E-02,7.25E-03,4.79E-02,2.02E-02,3.23E-03
-1,16384,16384,2048,OS2-f8-fast-15,52 ,8.39E-02,7.75E-03,5.11E-02,2.16E-02,3.36E-03
-1,16384,16384,2048,OS2-f8-fast-16,49 ,8.93E-02,8.32E-03,5.43E-02,2.31E-02,3.55E-03
-1,16384,16384,2048,OS2-f8-accu-12,64 ,6.93E-02,7.39E-03,4.16E-02,1.73E-02,2.89E-03
-1,16384,16384,2048,OS2-f8-accu-13,59 ,7.47E-02,8.64E-03,4.42E-02,1.87E-02,3.08E-03
-1,16384,16384,2048,OS2-f8-accu-14,55 ,8.02E-02,9.12E-03,4.76E-02,2.02E-02,3.19E-03
-1,16384,16384,2048,OS2-f8-accu-15,52 ,8.49E-02,9.58E-03,5.04E-02,2.16E-02,3.32E-03
-1,16384,16384,2048,OS2-f8-accu-16,49 ,9.01E-02,1.01E-02,5.34E-02,2.31E-02,3.48E-03
-1,16384,16384,2048,OS1-7,85 ,5.16E-02,,,,
-1,16384,16384,2048,OS1-11,40 ,1.10E-01,,,,
-1,16384,16384,2048,ZGEMM,39 ,1.12E-01,,,,
-1,16384,16384,2048,ZGEMM3m,47 ,9.39E-02,,,,
-1,16384,16384,4096,OS2-i8-fast-12,229 ,3.84E-02,4.11E-03,2.44E-02,6.56E-03,3.32E-03
-1,16384,16384,4096,OS2-i8-fast-13,220 ,4.00E-02,4.34E-03,2.53E-02,6.89E-03,3.44E-03
-1,16384,16384,4096,OS2-i8-fast-14,199 ,4.41E-02,4.68E-03,2.81E-02,7.62E-03,3.78E-03
-1,16384,16384,4096,OS2-i8-fast-15,185 ,4.76E-02,5.00E-03,3.03E-02,8.19E-03,4.00E-03
-1,16384,16384,4096,OS2-i8-fast-16,173 ,5.09E-02,6.51E-03,3.17E-02,8.60E-03,4.17E-03
-1,16384,16384,4096,OS2-i8-accu-12,220 ,4.00E-02,7.37E-03,2.30E-02,6.30E-03,3.25E-03
-1,16384,16384,4096,OS2-i8-accu-13,199 ,4.41E-02,7.68E-03,2.60E-02,6.99E-03,3.51E-03
-1,16384,16384,4096,OS2-i8-accu-14,186 ,4.74E-02,8.03E-03,2.81E-02,7.58E-03,3.73E-03
-1,16384,16384,4096,OS2-i8-accu-15,174 ,5.05E-02,8.32E-03,3.01E-02,8.14E-03,3.92E-03
-1,16384,16384,4096,OS2-i8-accu-16,164 ,5.37E-02,9.82E-03,3.14E-02,8.54E-03,4.12E-03
-1,16384,16384,4096,OS2-f8-fast-12,82 ,1.07E-01,1.19E-02,7.44E-02,1.73E-02,3.21E-03
-1,16384,16384,4096,OS2-f8-fast-13,75 ,1.17E-01,1.49E-02,8.00E-02,1.87E-02,3.50E-03
-1,16384,16384,4096,OS2-f8-fast-14,70 ,1.26E-01,1.60E-02,8.61E-02,2.02E-02,3.63E-03
-1,16384,16384,4096,OS2-f8-fast-15,65 ,1.35E-01,1.74E-02,9.23E-02,2.16E-02,3.91E-03
-1,16384,16384,4096,OS2-f8-fast-16,61 ,1.44E-01,1.83E-02,9.82E-02,2.30E-02,4.09E-03
-1,16384,16384,4096,OS2-f8-accu-12,80 ,1.10E-01,1.45E-02,7.50E-02,1.73E-02,3.23E-03
-1,16384,16384,4096,OS2-f8-accu-13,74 ,1.19E-01,1.73E-02,8.00E-02,1.87E-02,3.43E-03
-1,16384,16384,4096,OS2-f8-accu-14,69 ,1.28E-01,1.89E-02,8.55E-02,2.02E-02,3.70E-03
-1,16384,16384,4096,OS2-f8-accu-15,64 ,1.37E-01,2.01E-02,9.13E-02,2.16E-02,3.93E-03
-1,16384,16384,4096,OS2-f8-accu-16,61 ,1.45E-01,2.09E-02,9.68E-02,2.30E-02,4.08E-03
-1,16384,16384,4096,OS1-7,88 ,1.00E-01,,,,
-1,16384,16384,4096,OS1-11,40 ,2.23E-01,,,,
-1,16384,16384,4096,ZGEMM,40 ,2.23E-01,,,,
-1,16384,16384,4096,ZGEMM3m,47 ,1.87E-01,,,,
-1,16384,16384,8192,OS2-i8-fast-12,266 ,6.62E-02,8.44E-03,4.78E-02,6.56E-03,3.48E-03
-1,16384,16384,8192,OS2-i8-fast-13,246 ,7.16E-02,9.11E-03,5.18E-02,7.07E-03,3.73E-03
-1,16384,16384,8192,OS2-i8-fast-14,230 ,7.66E-02,9.72E-03,5.52E-02,7.62E-03,3.96E-03
-1,16384,16384,8192,OS2-i8-fast-15,213 ,8.25E-02,1.04E-02,5.97E-02,8.19E-03,4.19E-03
-1,16384,16384,8192,OS2-i8-fast-16,196 ,8.98E-02,1.37E-02,6.30E-02,8.70E-03,4.46E-03
-1,16384,16384,8192,OS2-i8-accu-12,248 ,7.09E-02,1.42E-02,4.68E-02,6.48E-03,3.48E-03
-1,16384,16384,8192,OS2-i8-accu-13,231 ,7.61E-02,1.49E-02,5.08E-02,7.02E-03,3.69E-03
-1,16384,16384,8192,OS2-i8-accu-14,214 ,8.22E-02,1.55E-02,5.52E-02,7.61E-03,3.94E-03
-1,16384,16384,8192,OS2-i8-accu-15,200 ,8.78E-02,1.61E-02,5.94E-02,8.17E-03,4.20E-03
-1,16384,16384,8192,OS2-i8-accu-16,187 ,9.43E-02,1.94E-02,6.18E-02,8.60E-03,4.46E-03
-1,16384,16384,8192,OS2-f8-fast-12,90 ,1.96E-01,2.36E-02,1.52E-01,1.73E-02,3.25E-03
-1,16384,16384,8192,OS2-f8-fast-13,82 ,2.14E-01,2.98E-02,1.62E-01,1.87E-02,3.51E-03
-1,16384,16384,8192,OS2-f8-fast-14,76 ,2.31E-01,3.17E-02,1.76E-01,2.01E-02,3.69E-03
-1,16384,16384,8192,OS2-f8-fast-15,71 ,2.47E-01,3.39E-02,1.88E-01,2.16E-02,3.81E-03
-1,16384,16384,8192,OS2-f8-fast-16,67 ,2.62E-01,3.52E-02,2.00E-01,2.30E-02,4.01E-03
-1,16384,16384,8192,OS2-f8-accu-12,88 ,2.00E-01,2.70E-02,1.53E-01,1.73E-02,3.23E-03
-1,16384,16384,8192,OS2-f8-accu-13,81 ,2.18E-01,3.31E-02,1.63E-01,1.87E-02,3.53E-03
-1,16384,16384,8192,OS2-f8-accu-14,75 ,2.34E-01,3.49E-02,1.75E-01,2.02E-02,3.71E-03
-1,16384,16384,8192,OS2-f8-accu-15,71 ,2.48E-01,3.68E-02,1.85E-01,2.16E-02,3.83E-03
-1,16384,16384,8192,OS2-f8-accu-16,67 ,2.62E-01,3.85E-02,1.97E-01,2.30E-02,4.00E-03
-1,16384,16384,8192,OS1-7,86 ,2.06E-01,,,,
-1,16384,16384,8192,OS1-11,38 ,4.68E-01,,,,
-1,16384,16384,8192,ZGEMM,40 ,4.42E-01,,,,
-1,16384,16384,8192,ZGEMM3m,47 ,3.71E-01,,,,
-1,16384,16384,16384,OS2-i8-fast-12,281 ,1.25E-01,1.76E-02,9.72E-02,6.70E-03,3.76E-03
-1,16384,16384,16384,OS2-i8-fast-13,261 ,1.35E-01,1.91E-02,1.04E-01,7.27E-03,4.02E-03
-1,16384,16384,16384,OS2-i8-fast-14,242 ,1.45E-01,1.98E-02,1.14E-01,7.90E-03,4.18E-03
-1,16384,16384,16384,OS2-i8-fast-15,226 ,1.56E-01,2.13E-02,1.22E-01,8.42E-03,4.41E-03
-1,16384,16384,16384,OS2-i8-fast-16,208 ,1.69E-01,2.79E-02,1.28E-01,8.95E-03,4.71E-03
-1,16384,16384,16384,OS2-i8-accu-12,264 ,1.34E-01,2.82E-02,9.51E-02,6.66E-03,3.83E-03
-1,16384,16384,16384,OS2-i8-accu-13,246 ,1.43E-01,2.88E-02,1.04E-01,7.27E-03,3.97E-03
-1,16384,16384,16384,OS2-i8-accu-14,229 ,1.54E-01,2.99E-02,1.12E-01,7.85E-03,4.20E-03
-1,16384,16384,16384,OS2-i8-accu-15,215 ,1.64E-01,3.11E-02,1.21E-01,8.42E-03,4.47E-03
-1,16384,16384,16384,OS2-i8-accu-16,198 ,1.78E-01,3.55E-02,1.28E-01,8.99E-03,4.62E-03
-1,16384,16384,16384,OS2-f8-fast-12,95 ,3.71E-01,4.34E-02,3.08E-01,1.72E-02,3.04E-03
-1,16384,16384,16384,OS2-f8-fast-13,87 ,4.04E-01,4.89E-02,3.34E-01,1.87E-02,3.23E-03
-1,16384,16384,16384,OS2-f8-fast-14,81 ,4.36E-01,5.27E-02,3.60E-01,2.01E-02,3.38E-03
-1,16384,16384,16384,OS2-f8-fast-15,75 ,4.67E-01,5.56E-02,3.86E-01,2.15E-02,3.50E-03
-1,16384,16384,16384,OS2-f8-fast-16,71 ,4.97E-01,5.89E-02,4.12E-01,2.30E-02,3.72E-03
-1,16384,16384,16384,OS2-f8-accu-12,93 ,3.78E-01,4.88E-02,3.11E-01,1.72E-02,3.01E-03
-1,16384,16384,16384,OS2-f8-accu-13,85 ,4.12E-01,5.51E-02,3.36E-01,1.87E-02,3.24E-03
-1,16384,16384,16384,OS2-f8-accu-14,80 ,4.42E-01,5.78E-02,3.60E-01,2.01E-02,3.41E-03
-1,16384,16384,16384,OS2-f8-accu-15,76 ,4.66E-01,6.08E-02,3.80E-01,2.15E-02,3.56E-03
-1,16384,16384,16384,OS2-f8-accu-16,71 ,4.96E-01,6.70E-02,4.04E-01,2.30E-02,3.70E-03
-1,16384,16384,16384,OS1-7,86 ,4.10E-01,,,,
-1,16384,16384,16384,OS1-11,38 ,9.22E-01,,,,
-1,16384,16384,16384,ZGEMM,40 ,8.88E-01,,,,
-1,16384,16384,16384,ZGEMM3m,47 ,7.41E-01,,,,
-1,16384,16384,32768,OS2-i8-fast-12,284 ,2.48E-01,3.39E-02,2.03E-01,7.03E-03,3.76E-03
-1,16384,16384,32768,OS2-i8-fast-13,263 ,2.68E-01,3.58E-02,2.21E-01,7.59E-03,4.01E-03
-1,16384,16384,32768,OS2-i8-fast-14,243 ,2.90E-01,3.81E-02,2.39E-01,8.22E-03,4.25E-03
-1,16384,16384,32768,OS2-i8-fast-15,227 ,3.10E-01,4.02E-02,2.56E-01,8.89E-03,4.48E-03
-1,16384,16384,32768,OS2-i8-fast-16,210 ,3.36E-01,5.07E-02,2.71E-01,9.37E-03,4.93E-03
-1,16384,16384,32768,OS2-i8-accu-12,265 ,2.65E-01,5.08E-02,2.04E-01,7.04E-03,3.79E-03
-1,16384,16384,32768,OS2-i8-accu-13,247 ,2.85E-01,5.18E-02,2.22E-01,7.62E-03,4.01E-03
-1,16384,16384,32768,OS2-i8-accu-14,230 ,3.06E-01,5.42E-02,2.39E-01,8.24E-03,4.25E-03
-1,16384,16384,32768,OS2-i8-accu-15,216 ,3.26E-01,5.73E-02,2.56E-01,8.83E-03,4.54E-03
-1,16384,16384,32768,OS2-i8-accu-16,201 ,3.51E-01,6.66E-02,2.71E-01,9.38E-03,4.93E-03
-1,16384,16384,32768,OS2-f8-fast-12,96 ,7.32E-01,8.15E-02,6.31E-01,1.72E-02,3.37E-03
-1,16384,16384,32768,OS2-f8-fast-13,88 ,8.03E-01,9.47E-02,6.87E-01,1.87E-02,3.53E-03
-1,16384,16384,32768,OS2-f8-fast-14,81 ,8.68E-01,1.02E-01,7.42E-01,2.01E-02,3.67E-03
-1,16384,16384,32768,OS2-f8-fast-15,75 ,9.33E-01,1.09E-01,7.99E-01,2.16E-02,3.84E-03
-1,16384,16384,32768,OS2-f8-fast-16,70 ,9.99E-01,1.17E-01,8.54E-01,2.30E-02,4.02E-03
-1,16384,16384,32768,OS2-f8-accu-12,94 ,7.47E-01,9.28E-02,6.34E-01,1.72E-02,3.33E-03
-1,16384,16384,32768,OS2-f8-accu-13,86 ,8.16E-01,1.07E-01,6.89E-01,1.87E-02,3.49E-03
-1,16384,16384,32768,OS2-f8-accu-14,80 ,8.78E-01,1.13E-01,7.41E-01,2.01E-02,3.67E-03
-1,16384,16384,32768,OS2-f8-accu-15,76 ,9.31E-01,1.18E-01,7.89E-01,2.16E-02,3.76E-03
-1,16384,16384,32768,OS2-f8-accu-16,71 ,9.91E-01,1.25E-01,8.39E-01,2.30E-02,4.03E-03
-1,16384,16384,32768,OS1-7,86 ,8.20E-01,,,,
-1,16384,16384,32768,OS1-11,38 ,1.85E+00,,,,
-1,16384,16384,32768,ZGEMM,40 ,1.76E+00,,,,
-1,16384,16384,32768,ZGEMM3m,47 ,1.49E+00,,,,
-1,16384,16384,65536,OS2-i8-fast-12,278 ,5.06E-01,6.18E-02,4.32E-01,7.34E-03,3.95E-03
-1,16384,16384,65536,OS2-i8-fast-13,258 ,5.46E-01,6.48E-02,4.69E-01,7.87E-03,4.16E-03
-1,16384,16384,65536,OS2-i8-fast-14,239 ,5.88E-01,6.83E-02,5.07E-01,8.54E-03,4.39E-03
-1,16384,16384,65536,OS2-i8-fast-15,223 ,6.30E-01,7.26E-02,5.43E-01,9.22E-03,4.74E-03
-1,16384,16384,65536,OS2-i8-fast-16,206 ,6.83E-01,9.13E-02,5.77E-01,9.84E-03,5.15E-03
-1,16384,16384,65536,OS2-i8-accu-12,261 ,5.39E-01,9.21E-02,4.35E-01,7.36E-03,3.94E-03
-1,16384,16384,65536,OS2-i8-accu-13,243 ,5.79E-01,9.61E-02,4.71E-01,7.89E-03,4.19E-03
-1,16384,16384,65536,OS2-i8-accu-14,226 ,6.22E-01,1.00E-01,5.09E-01,8.56E-03,4.43E-03
-1,16384,16384,65536,OS2-i8-accu-15,212 ,6.63E-01,1.05E-01,5.44E-01,9.23E-03,4.72E-03
-1,16384,16384,65536,OS2-i8-accu-16,197 ,7.15E-01,1.21E-01,5.78E-01,9.84E-03,5.16E-03
-1,16384,16384,65536,OS1-7,85 ,1.65E+00,,,,
-1,16384,16384,65536,OS1-11,38 ,3.72E+00,,,,
-1,16384,16384,65536,ZGEMM,40 ,3.52E+00,,,,
-1,16384,16384,65536,ZGEMM3m,47 ,2.97E+00,,,,
-1,32768,32768,1024,OS2-i8-fast-12,124 ,7.08E-02,2.11E-03,3.34E-02,2.41E-02,1.12E-02
-1,32768,32768,1024,OS2-i8-fast-13,114 ,7.69E-02,2.25E-03,3.64E-02,2.62E-02,1.20E-02
-1,32768,32768,1024,OS2-i8-fast-14,107 ,8.22E-02,2.36E-03,3.90E-02,2.82E-02,1.28E-02
-1,32768,32768,1024,OS2-i8-fast-15,99 ,8.84E-02,2.50E-03,4.21E-02,3.02E-02,1.36E-02
-1,32768,32768,1024,OS2-i8-fast-16,93 ,9.43E-02,2.93E-03,4.48E-02,3.22E-02,1.44E-02
-1,32768,32768,1024,OS2-i8-accu-12,114 ,7.74E-02,9.27E-03,3.29E-02,2.41E-02,1.12E-02
-1,32768,32768,1024,OS2-i8-accu-13,106 ,8.31E-02,9.43E-03,3.56E-02,2.61E-02,1.19E-02
-1,32768,32768,1024,OS2-i8-accu-14,99 ,8.88E-02,9.59E-03,3.84E-02,2.81E-02,1.27E-02
-1,32768,32768,1024,OS2-i8-accu-15,93 ,9.45E-02,9.72E-03,4.13E-02,3.01E-02,1.34E-02
-1,32768,32768,1024,OS2-i8-accu-16,88 ,9.98E-02,1.01E-02,4.33E-02,3.21E-02,1.44E-02
-1,32768,32768,1024,OS2-f8-fast-12,47 ,1.89E-01,5.21E-03,1.05E-01,6.86E-02,1.04E-02
-1,32768,32768,1024,OS2-f8-fast-13,43 ,2.05E-01,6.13E-03,1.13E-01,7.43E-02,1.09E-02
-1,32768,32768,1024,OS2-f8-fast-14,40 ,2.20E-01,6.60E-03,1.22E-01,8.00E-02,1.14E-02
-1,32768,32768,1024,OS2-f8-fast-15,37 ,2.36E-01,7.09E-03,1.31E-01,8.57E-02,1.19E-02
-1,32768,32768,1024,OS2-f8-fast-16,35 ,2.51E-01,7.45E-03,1.39E-01,9.14E-02,1.25E-02
-1,32768,32768,1024,OS2-f8-accu-12,45 ,1.96E-01,1.20E-02,1.05E-01,6.86E-02,1.04E-02
-1,32768,32768,1024,OS2-f8-accu-13,42 ,2.12E-01,1.30E-02,1.13E-01,7.43E-02,1.09E-02
-1,32768,32768,1024,OS2-f8-accu-14,39 ,2.26E-01,1.35E-02,1.21E-01,8.00E-02,1.15E-02
-1,32768,32768,1024,OS2-f8-accu-15,37 ,2.40E-01,1.37E-02,1.28E-01,8.57E-02,1.18E-02
-1,32768,32768,1024,OS2-f8-accu-16,34 ,2.56E-01,1.42E-02,1.38E-01,9.14E-02,1.25E-02
-1,32768,32768,1024,OS1-7,79 ,1.12E-01,,,,
-1,32768,32768,1024,OS1-11,40 ,2.18E-01,,,,
-1,32768,32768,1024,ZGEMM,40 ,2.23E-01,,,,
-1,32768,32768,1024,ZGEMM3m,47 ,1.89E-01,,,,
-1,32768,32768,2048,OS2-i8-fast-12,185 ,9.50E-02,4.45E-03,5.21E-02,2.51E-02,1.34E-02
-1,32768,32768,2048,OS2-i8-fast-13,171 ,1.03E-01,4.68E-03,5.66E-02,2.72E-02,1.43E-02
-1,32768,32768,2048,OS2-i8-fast-14,159 ,1.10E-01,5.01E-03,6.04E-02,2.92E-02,1.54E-02
-1,32768,32768,2048,OS2-i8-fast-15,147 ,1.20E-01,4.94E-03,6.61E-02,3.20E-02,1.63E-02
-1,32768,32768,2048,OS2-i8-fast-16,139 ,1.27E-01,6.70E-03,6.93E-02,3.34E-02,1.73E-02
-1,32768,32768,2048,OS2-i8-accu-12,172 ,1.02E-01,1.31E-02,5.08E-02,2.47E-02,1.34E-02
-1,32768,32768,2048,OS2-i8-accu-13,159 ,1.11E-01,1.36E-02,5.54E-02,2.70E-02,1.46E-02
-1,32768,32768,2048,OS2-i8-accu-14,148 ,1.19E-01,1.39E-02,6.03E-02,2.92E-02,1.54E-02
-1,32768,32768,2048,OS2-i8-accu-15,140 ,1.25E-01,1.40E-02,6.39E-02,3.12E-02,1.63E-02
-1,32768,32768,2048,OS2-i8-accu-16,131 ,1.35E-01,1.50E-02,6.85E-02,3.34E-02,1.74E-02
-1,32768,32768,2048,OS2-f8-fast-12,68 ,2.60E-01,1.08E-02,1.69E-01,6.86E-02,1.18E-02
-1,32768,32768,2048,OS2-f8-fast-13,63 ,2.80E-01,1.29E-02,1.80E-01,7.43E-02,1.25E-02
-1,32768,32768,2048,OS2-f8-fast-14,59 ,3.00E-01,1.38E-02,1.93E-01,8.00E-02,1.32E-02
-1,32768,32768,2048,OS2-f8-fast-15,55 ,3.20E-01,1.50E-02,2.06E-01,8.57E-02,1.37E-02
-1,32768,32768,2048,OS2-f8-fast-16,52 ,3.40E-01,1.61E-02,2.18E-01,9.14E-02,1.44E-02
-1,32768,32768,2048,OS2-f8-accu-12,66 ,2.68E-01,1.91E-02,1.68E-01,6.86E-02,1.18E-02
-1,32768,32768,2048,OS2-f8-accu-13,60 ,2.95E-01,2.13E-02,1.86E-01,7.43E-02,1.28E-02
-1,32768,32768,2048,OS2-f8-accu-14,56 ,3.15E-01,2.23E-02,1.99E-01,8.00E-02,1.34E-02
-1,32768,32768,2048,OS2-f8-accu-15,52 ,3.37E-01,2.35E-02,2.12E-01,8.57E-02,1.41E-02
-1,32768,32768,2048,OS2-f8-accu-16,50 ,3.54E-01,2.44E-02,2.23E-01,9.14E-02,1.49E-02
-1,32768,32768,2048,OS1-7,86 ,2.04E-01,,,,
-1,32768,32768,2048,OS1-11,40 ,4.40E-01,,,,
-1,32768,32768,2048,ZGEMM,39 ,4.48E-01,,,,
-1,32768,32768,2048,ZGEMM3m,47 ,3.75E-01,,,,
-1,32768,32768,4096,OS2-i8-fast-12,238 ,1.48E-01,9.09E-03,9.78E-02,2.64E-02,1.47E-02
-1,32768,32768,4096,OS2-i8-fast-13,220 ,1.60E-01,9.22E-03,1.06E-01,2.89E-02,1.59E-02
-1,32768,32768,4096,OS2-i8-fast-14,203 ,1.73E-01,1.03E-02,1.15E-01,3.11E-02,1.66E-02
-1,32768,32768,4096,OS2-i8-fast-15,192 ,1.84E-01,1.08E-02,1.22E-01,3.31E-02,1.72E-02
-1,32768,32768,4096,OS2-i8-fast-16,176 ,2.00E-01,1.35E-02,1.33E-01,3.58E-02,1.77E-02
-1,32768,32768,4096,OS2-i8-accu-12,219 ,1.60E-01,2.20E-02,9.68E-02,2.64E-02,1.49E-02
-1,32768,32768,4096,OS2-i8-accu-13,206 ,1.71E-01,2.23E-02,1.05E-01,2.87E-02,1.58E-02
-1,32768,32768,4096,OS2-i8-accu-14,195 ,1.81E-01,2.26E-02,1.12E-01,3.06E-02,1.63E-02
-1,32768,32768,4096,OS2-i8-accu-15,179 ,1.97E-01,2.31E-02,1.23E-01,3.34E-02,1.70E-02
-1,32768,32768,4096,OS2-i8-accu-16,169 ,2.08E-01,2.48E-02,1.29E-01,3.53E-02,1.82E-02
-1,32768,32768,4096,OS2-f8-fast-12,84 ,4.17E-01,2.33E-02,3.14E-01,6.87E-02,1.31E-02
-1,32768,32768,4096,OS2-f8-fast-13,78 ,4.54E-01,2.73E-02,3.37E-01,7.44E-02,1.40E-02
-1,32768,32768,4096,OS2-f8-fast-14,72 ,4.87E-01,3.00E-02,3.63E-01,8.01E-02,1.46E-02
-1,32768,32768,4096,OS2-f8-fast-15,67 ,5.22E-01,3.13E-02,3.89E-01,8.58E-02,1.52E-02
-1,32768,32768,4096,OS2-f8-fast-16,63 ,5.56E-01,3.25E-02,4.15E-01,9.15E-02,1.60E-02
-1,32768,32768,4096,OS2-f8-accu-12,82 ,4.28E-01,3.35E-02,3.12E-01,6.87E-02,1.31E-02
-1,32768,32768,4096,OS2-f8-accu-13,75 ,4.66E-01,3.87E-02,3.39E-01,7.44E-02,1.39E-02
-1,32768,32768,4096,OS2-f8-accu-14,71 ,4.97E-01,4.09E-02,3.62E-01,8.01E-02,1.47E-02
-1,32768,32768,4096,OS2-f8-accu-15,67 ,5.27E-01,4.19E-02,3.84E-01,8.58E-02,1.53E-02
-1,32768,32768,4096,OS2-f8-accu-16,63 ,5.59E-01,4.35E-02,4.08E-01,9.15E-02,1.61E-02
-1,32768,32768,4096,OS1-7,86 ,4.08E-01,,,,
-1,32768,32768,4096,OS1-11,39 ,9.04E-01,,,,
-1,32768,32768,4096,ZGEMM,40 ,8.90E-01,,,,
-1,32768,32768,4096,ZGEMM3m,47 ,7.47E-01,,,,
-1,32768,32768,8192,OS2-i8-fast-12,274 ,2.57E-01,1.78E-02,1.98E-01,2.70E-02,1.44E-02
-1,32768,32768,8192,OS2-i8-fast-13,252 ,2.79E-01,1.88E-02,2.16E-01,2.94E-02,1.55E-02
-1,32768,32768,8192,OS2-i8-fast-14,235 ,3.00E-01,1.93E-02,2.33E-01,3.17E-02,1.63E-02
-1,32768,32768,8192,OS2-i8-fast-15,220 ,3.20E-01,1.99E-02,2.48E-01,3.38E-02,1.76E-02
-1,32768,32768,8192,OS2-i8-fast-16,204 ,3.45E-01,2.46E-02,2.64E-01,3.63E-02,1.87E-02
-1,32768,32768,8192,OS2-i8-accu-12,253 ,2.78E-01,3.67E-02,2.00E-01,2.72E-02,1.46E-02
-1,32768,32768,8192,OS2-i8-accu-13,235 ,3.00E-01,3.83E-02,2.17E-01,2.95E-02,1.54E-02
-1,32768,32768,8192,OS2-i8-accu-14,220 ,3.20E-01,3.91E-02,2.33E-01,3.17E-02,1.67E-02
-1,32768,32768,8192,OS2-i8-accu-15,207 ,3.40E-01,3.87E-02,2.49E-01,3.39E-02,1.79E-02
-1,32768,32768,8192,OS2-i8-accu-16,195 ,3.60E-01,4.11E-02,2.64E-01,3.62E-02,1.81E-02
-1,32768,32768,8192,OS2-f8-fast-12,95 ,7.42E-01,4.36E-02,6.17E-01,6.86E-02,1.32E-02
-1,32768,32768,8192,OS2-f8-fast-13,87 ,8.08E-01,4.91E-02,6.70E-01,7.44E-02,1.39E-02
-1,32768,32768,8192,OS2-f8-fast-14,81 ,8.70E-01,5.23E-02,7.22E-01,8.01E-02,1.47E-02
-1,32768,32768,8192,OS2-f8-fast-15,75 ,9.36E-01,5.69E-02,7.77E-01,8.58E-02,1.54E-02
-1,32768,32768,8192,OS2-f8-accu-12,92 ,7.63E-01,5.95E-02,6.20E-01,6.86E-02,1.30E-02
-1,32768,32768,8192,OS2-f8-accu-13,85 ,8.28E-01,6.84E-02,6.72E-01,7.44E-02,1.41E-02
-1,32768,32768,8192,OS2-f8-accu-14,79 ,8.87E-01,7.20E-02,7.21E-01,8.01E-02,1.47E-02
-1,32768,32768,8192,OS2-f8-accu-15,75 ,9.40E-01,7.46E-02,7.65E-01,8.58E-02,1.55E-02
-1,32768,32768,8192,OS1-7,84 ,8.39E-01,,,,
-1,32768,32768,8192,OS1-11,38 ,1.87E+00,,,,
-1,32768,32768,8192,ZGEMM,40 ,1.78E+00,,,,
-1,32768,32768,8192,ZGEMM3m,48 ,1.48E+00,,,,
-1,32768,32768,16384,OS2-i8-fast-12,294 ,4.79E-01,3.27E-02,4.03E-01,2.78E-02,1.49E-02
-1,32768,32768,16384,OS2-i8-fast-13,272 ,5.18E-01,3.41E-02,4.38E-01,3.01E-02,1.57E-02
-1,32768,32768,16384,OS2-i8-fast-14,253 ,5.57E-01,3.57E-02,4.72E-01,3.25E-02,1.65E-02
-1,32768,32768,16384,OS2-i8-fast-15,236 ,5.97E-01,3.97E-02,5.05E-01,3.49E-02,1.76E-02
-1,32768,32768,16384,OS2-i8-fast-16,220 ,6.40E-01,4.58E-02,5.38E-01,3.71E-02,1.90E-02
-1,32768,32768,16384,OS2-i8-accu-12,275 ,5.11E-01,6.57E-02,4.03E-01,2.80E-02,1.49E-02
-1,32768,32768,16384,OS2-i8-accu-13,256 ,5.50E-01,6.68E-02,4.38E-01,3.02E-02,1.57E-02
-1,32768,32768,16384,OS2-i8-accu-14,239 ,5.90E-01,6.90E-02,4.71E-01,3.25E-02,1.66E-02
-1,32768,32768,16384,OS2-i8-accu-15,224 ,6.29E-01,7.11E-02,5.07E-01,3.49E-02,1.78E-02
-1,32768,32768,16384,OS2-i8-accu-16,209 ,6.72E-01,7.87E-02,5.37E-01,3.71E-02,1.90E-02
-1,32768,32768,16384,OS1-7,86 ,1.65E+00,,,,
-1,32768,32768,16384,OS1-11,38 ,3.70E+00,,,,
-1,32768,32768,16384,ZGEMM,40 ,3.52E+00,,,,
-1,32768,32768,16384,ZGEMM3m,48 ,2.96E+00,,,,
-1,32768,32768,32768,OS2-i8-fast-12,295 ,9.56E-01,6.12E-02,8.49E-01,2.87E-02,1.54E-02
-1,32768,32768,32768,OS2-i8-fast-13,272 ,1.03E+00,6.45E-02,9.22E-01,3.11E-02,1.64E-02
-1,32768,32768,32768,OS2-i8-fast-14,253 ,1.11E+00,6.82E-02,9.93E-01,3.37E-02,1.74E-02
-1,32768,32768,32768,OS2-i8-fast-15,236 ,1.19E+00,7.24E-02,1.07E+00,3.61E-02,1.80E-02
-1,32768,32768,32768,OS2-i8-accu-12,276 ,1.02E+00,1.22E-01,8.53E-01,2.87E-02,1.54E-02
-1,32768,32768,32768,OS2-i8-accu-13,256 ,1.10E+00,1.25E-01,9.25E-01,3.12E-02,1.64E-02
-1,32768,32768,32768,OS2-i8-accu-14,239 ,1.18E+00,1.28E-01,9.96E-01,3.37E-02,1.73E-02
-1,32768,32768,32768,OS2-i8-accu-15,224 ,1.26E+00,1.31E-01,1.07E+00,3.62E-02,1.81E-02
-1,32768,32768,32768,OS1-7,86 ,3.27E+00,,,,
-1,32768,32768,32768,OS1-11,38 ,7.40E+00,,,,
-1,32768,32768,32768,ZGEMM,40 ,7.06E+00,,,,
-1,32768,32768,32768,ZGEMM3m,48 ,5.92E+00,,,,
